efsaprodcode2_recoded,Alpha-Tocopherol,Calcium,Copper,Magnesium,"Niacin Equivalents, Total",Phosphorus,Potassium,Riboflavin,Thiamin,Total Iron,Total Selenium,Vitamin B-12,"Vitamin B-6, Total",Vitamin E; Alpha-Tocopherol Equiv From E Vitamer Activities,"Vitamin K, Total",Zinc,foodLevel1,foodLevel2,foodLevel3,foodLevel4,level1,level2,level3
Acidophilus milk,0.08525984395082342,4.816819357876566,0.006975613736425243,2.533696813957432,0.6714856837787659,4.568802541817217,5.039731668583895,0.16672435998028665,0.03274373881183038,0.054488185284069734,0.001411859999307841,0.0002028365701291083,0.0388085403096361,0.2015793733983692,0.0009995003330835331,0.35667494393873234,0,0,0,0,14,25,146
"Acidophilus milk, QUAL Semi-skimmed",0.03633192924739028,4.7025561319762605,0.044973365642731154,2.4184615503798477,0.5247285289349822,4.447680604895319,4.9375524373577795,0.14940474178081276,0.02719818182990586,0.06485097231961633,0.0009995003330835331,0.00023568650946679395,0.037295784743696894,0.02208759646400479,0.0,0.3272461332479202,0,25,0,0,14,25,146
"Acidophilus milk, QUAL Skim",0.0,4.773103005329946,0.005186526687300062,2.586689344097943,0.5376622777195503,4.552372000421121,5.015385896854854,0.1601733235709438,0.034263390965853645,0.0880108773227133,0.0010851253242165776,0.00022283231389288782,0.0394954006979284,0.08617769624105233,0.0,0.3496503290017679,0,26,0,0,14,25,146
Alcoholic sweet sauce,0.6232610530957788,3.295836866004329,0.08065790301745447,2.0794415416798357,0.6709015716126256,4.564348191467836,4.189654742026425,0.08342160813907239,0.03633192924739028,0.8411360582733947,0.0,0.0003999200213269354,0.04018178963283184,0.6232610530957788,0.001998002662673056,0.5370779949100565,1,0,0,0,16,18,47
Alcopop and flavoured wine,0.0,1.6486586255873816,0.03052920503482287,0.7592469822644691,0.0,1.9459101490553132,2.1972245773362196,0.0,0.0,0.05414721807044643,0.0,0.0,0.0009995003330835331,0.0,0.0,0.019900661706336177,2,0,0,0,1,45,117
Ale beer,0.0,1.791759469228055,0.04879016416943201,2.302585092994046,0.6642331703953029,3.153956278768885,3.784189633918261,0.039220713153281295,0.0009995003330835331,0.05414721807044643,0.0,9.999500033330834e-05,0.033711057342311695,0.0,0.0,0.10735851832049936,3,0,0,0,1,7,5
Alfalfa sprouts,0.1397619423751587,3.4965075614664802,0.14755756435761466,3.332204510175204,0.8683601981166051,4.2626798770413155,4.382026634673881,0.09427067867121998,0.05988485245622409,0.6931471805599453,0.0009995003330835331,0.0,0.03066775716528352,0.07138999608667293,0.03004412134837667,0.6448568914321643,4,0,0,0,19,38,185
"Alfalfa sprouts, PROCESS Cooking in water",0.09075436326846414,3.5263605246161616,0.15357908792830066,3.2188758248682006,0.8346467428336448,4.2626798770413155,4.189654742026425,0.10526051065749295,0.06109509935981088,0.6392188385343898,0.0,0.0,0.028587456851912555,0.09075436326846414,0.03004412134837667,0.6184236343640088,4,11,0,0,19,38,185
"Alfalfa sprouts, PROCESS Steaming",0.08984070399978947,3.4495339282234463,0.15382409589228507,3.258096538021482,0.8549015321282079,4.449351449060136,4.721046643373893,0.12095261041766252,0.07005896966894909,0.6875601736911615,0.0,0.0,0.04947020499808753,0.08984070399978947,0.03004412134837667,0.5461376088840535,4,18,0,0,19,38,185
Allspice fruit,0.0,6.025658913052238,0.5179430915348546,4.6760279840845556,1.6389967146756448,4.580584710515477,6.5245058508019955,0.09790421498137149,0.08223809823697209,1.9397688810332308,0.004987541511039074,0.0,0.19650619178591106,1.7047480922384253,0.0,0.6931471805599453,5,0,0,0,12,60,176
Almond drink,0.0295588022415444,2.807680042051051,0.0,2.8622008809294686,0.09531017980432487,3.500827222610997,3.9318256327243257,0.016997576368571094,0.030944803849421557,0.2732933349996814,0.000499875041651048,0.0,0.048790164169432,0.2577381960787088,0.0,0.15822400521489416,6,0,0,0,15,41,114
Almonds sweet,1.791759469228055,5.4411800866014435,0.6261309257071586,4.9185200051884514,2.114636304416564,6.154615419744767,6.5245058508019955,0.41314979086671205,0.20817493562028846,1.5509003968097883,0.0019552301482842773,0.0,0.0893182379481972,1.7847852054907187,0.0,1.4160611861060053,7,0,0,0,12,49,195
"Almonds sweet, PROCESS Baking",1.791759469228055,5.204791308537213,0.6261309257071586,4.9185200051884514,2.104552185349938,6.130294378183713,6.5245058508019955,0.37510407940709956,0.16393934879590502,1.5511124312813296,0.0034227072775022305,0.0,0.06485097231961631,1.7847852054907187,0.0,1.447087036041502,7,9,0,0,12,49,195
"Almonds sweet, PROCESS Cooking in water",1.791759469228055,4.382026634673881,0.5726730270920708,4.9185200051884514,1.9441943922718101,5.808142489980444,6.393590753950631,0.13889199886661863,0.14928170271575444,1.3612329305245194,0.0,0.0,0.017839918128331,1.7847852054907187,0.0,1.392027892967651,7,11,0,0,12,49,195
"Almonds sweet, PROCESS Steaming",1.791759469228055,4.382026634673881,0.5726730270920708,4.9185200051884514,1.9441943922718101,5.808142489980444,6.393590753950631,0.13889199886661863,0.14928170271575444,1.3612329305245194,0.0,0.0,0.017839918128331,1.7847852054907187,0.0,1.392027892967651,7,18,0,0,12,49,195
Amaranth flour,0.09531017980432487,5.3706380281276624,0.5749265491725143,4.9185200051884514,1.668272698154993,6.1224928095143865,5.905361848054571,0.1889660995126232,0.07696104113612832,2.150598735996164,0.0,0.0,0.20130685670503531,0.09531017980432487,0.0009995003330835331,1.430311246536665,8,0,0,0,10,14,22
American persimmons,0.832909122935104,3.1975062562747607,0.22997729089277483,3.6450768314555435,0.7052169046472757,3.5533051598596135,5.7305634973338435,0.0940106344622393,0.05123614989769241,0.3095833364048819,0.0007996801705643322,0.0,0.17515306731534205,0.4599532933922341,0.007968169649176874,0.3955109677239306,9,0,0,0,8,33,116
Amphibians and Reptiles,0.5877866649021191,2.9444389791664403,0.0,3.1780538303479458,0.7884573603642702,4.997212273764115,5.739792912179234,0.22314355131420976,0.13102826240640408,0.9162907318741551,0.014001519635813609,0.0,0.4722332845730047,0.5877866649021191,0.0,1.0986122886681098,10,0,0,0,6,0,1
Anchovies,0.6931471805599453,4.605170185988092,0.12801621193641247,3.179837952141447,2.606231553765013,5.1656019674408435,5.4662501858898915,0.21741287660522474,0.05826890812397577,1.4596112040868967,0.03489819771612281,0.001179304347193096,0.14607736179304087,0.4027948795522855,0.0,1.1644891994768036,11,0,0,0,6,27,107
"Anchovies, PROCESS Baking",0.44468582126144574,4.59511985013459,0.2151113796169455,3.8066624897703196,2.606231553765013,5.53338948872752,5.648974238161206,0.23901690047049992,0.019802627296179712,1.7909257884794776,0.0,0.0005998200719676155,0.14323416808590783,0.44468582126144574,0.0,0.7490548124982412,11,9,0,0,6,27,107
"Anchovies, PROCESS Cooking in water",0.49469624183610705,4.633341062954788,0.2151113796169455,3.587479339672207,2.606231553765013,5.392977984783566,5.43932077401126,0.1959191650593383,0.019802627296179712,1.5902550930173265,0.019802627296179712,0.0005998200719676155,0.19767921244827444,0.4498009219282161,0.0,0.8556303951342356,11,11,0,0,6,27,107
"Anchovies, PROCESS Frying",0.44468582126144574,4.59511985013459,0.2151113796169455,3.8066624897703196,2.606231553765013,5.53338948872752,5.648974238161206,0.25541711186450544,0.019802627296179712,1.7909257884794776,0.0,0.0005998200719676155,0.128393214768399,0.44468582126144574,0.0,0.7490548124982412,11,14,0,0,6,27,107
"Anchovies, PROCESS Steaming",0.4498009219282161,4.6443908991413725,0.2151113796169455,3.8066624897703196,2.606231553765013,5.5254529391317835,5.575949103146316,0.21430460264700543,0.019802627296179712,1.7828868907244566,0.0,0.0005998200719676155,0.11867152971749864,0.4498009219282161,0.0,0.7765687886990177,11,18,0,0,6,27,107
Angelica (leaves and stems),1.3609765531356006,5.993961427306569,0.07045846364856141,3.5553480614894135,1.2237754316221157,3.744787086052232,6.393590753950631,0.29266961396282,0.11778303565638346,0.9555114450274363,9.999500033330834e-05,0.0,0.025667746748577788,1.3609765531356006,0.0,0.7419373447293773,12,0,0,0,19,6,3
Anglerfish and monkfish,0.6931471805599453,2.995732273553991,0.014184634991956433,3.2646683031847163,1.6973702937404462,5.484796933490655,5.693251022603859,0.05826890812397577,0.0426488961473495,0.26675023641074536,0.03536714383729131,0.0018554204994600898,0.1508800309591356,0.6312717768418579,0.0,0.3794144309082218,13,0,0,0,6,27,106
"Anglerfish and monkfish, PROCESS Baking",0.7443154671343447,3.1039458581942236,0.011363758650315086,3.500827222610997,1.9443374844949919,5.718905636230422,5.675774849669297,0.06632264293107258,0.027476191284017838,0.31533198040434984,0.0,0.0020977980821461294,0.13190507087993858,0.7443154671343447,0.0,0.48462830824919323,13,9,0,0,6,27,106
"Anglerfish and monkfish, PROCESS Cooking in water",0.7443154671343447,3.258096538021482,0.011928570865273802,3.5263605246161616,1.7238374527425966,5.455321115357702,5.4638318050256105,0.06203539091945264,0.022739486969489426,0.2768738737351776,0.0,0.0020977980821461294,0.13190507087993858,0.7443154671343447,0.0,0.46561903092791146,13,11,0,0,6,27,106
"Anglerfish and monkfish, PROCESS Frying",0.7443154671343447,3.258096538021482,0.011928570865273802,3.5263605246161616,1.7238374527425966,5.455321115357702,5.4638318050256105,0.06203539091945264,0.022739486969489426,0.2768738737351776,0.0,0.0020977980821461294,0.13190507087993858,0.7443154671343447,0.0,0.46561903092791146,13,14,0,0,6,27,106
"Anglerfish and monkfish, PROCESS Steaming",0.7443154671343447,3.258096538021482,0.011928570865273802,3.5263605246161616,1.7238374527425966,5.455321115357702,5.4638318050256105,0.06203539091945264,0.022739486969489426,0.2768738737351776,0.0,0.0020977980821461294,0.13190507087993858,0.7443154671343447,0.0,0.46561903092791146,13,18,0,0,6,27,106
Anise seed,0.0,6.025658913052238,0.6261309257071586,4.9185200051884514,1.7257977135502958,6.089044875446846,6.5245058508019955,0.18232155679395465,0.262364264467491,2.1550789558854557,0.004987541511039074,0.0,0.18232155679395465,0.0,0.0,1.727842976812722,14,0,0,0,12,60,177
Aniseed myrtle,0.9555114450274363,4.05871738457895,0.08617769624105233,2.6390573296152584,0.7807000775678069,3.9889840465642745,5.537334267018537,0.18232155679395465,0.06765864847381481,0.832909122935104,9.999500033330834e-05,0.0,0.1988508587451652,0.9555114450274363,0.042101176018635396,0.3784364357202451,15,0,0,0,19,6,3
Apple chutney,0.16296882827813966,2.849880396541428,0.06531946612064256,2.6079667425452273,0.3415613061286842,3.147840051751449,4.899969726208736,0.011363758650315086,0.023065272930996097,0.5302079946996076,0.0009995003330835331,0.0,0.061632517080659,0.1707549204224892,0.001998002662673056,0.12295482405877746,16,0,0,0,16,18,28
Apple strudel,0.6221880916194514,3.373679352768263,0.09712671073072274,2.64414639912273,0.5169212930808295,3.5961374024153216,5.02105698955867,0.017418835940903456,0.05570497716001604,0.5594525093000694,0.00013999020091457065,0.0,0.041690188958942595,0.7281281494551908,0.003992021269537453,0.20189073013786593,17,0,0,0,10,26,153
Apples and similar-,0.178146185383474,1.5229458810806569,0.033849169351370396,1.8718021769015913,0.29458675162531067,2.4522358674984517,4.763394191202986,0.016013946696064815,0.016295082486502386,0.144471332662857,0.00023330611534493807,0.0,0.04892620933663727,0.3393253056036194,0.005982071677547464,0.06422597229927127,18,0,0,0,8,33,143
"Apples and similar-, PROCESS Baking",0.42787870294506447,2.302585092994046,0.04130187935710586,2.1972245773362196,0.2878070646399319,2.833213344056216,5.1029105702054265,0.015709293705179848,0.01456015133132971,0.21913552991667096,0.0,0.0,0.04640637281415574,0.4351533518099892,0.005982071677547465,0.04305948946044698,18,9,0,0,8,33,143
"Apples and similar-, PROCESS Cooking in water",0.4421184257561999,1.8607523407150064,0.04810966057052732,1.6916760106710724,0.30580261356497584,2.330755969960742,4.537197202401885,0.008534902449837406,0.008534902449837406,0.19002986652978535,0.0,0.0,0.036056371240686585,0.339040364726923,0.005982071677547464,0.04947020499808753,18,11,0,0,8,33,143
"Apples and similar-, PROCESS Steaming",0.4421184257561999,1.8607523407150064,0.04810966057052732,1.6916760106710724,0.30580261356497584,2.330755969960742,4.537197202401885,0.008534902449837406,0.008534902449837406,0.19002986652978535,0.0,0.0,0.036056371240686585,0.339040364726923,0.005982071677547464,0.04947020499808753,18,18,0,0,8,33,143
Apricots,0.18232155679395465,2.9399174944475948,0.06284065200175337,2.3335298968434675,0.6693666518945419,2.926229067787017,5.580268764290833,0.04374343723350083,0.03784614249011469,0.42806494002540535,0.0005531803008938087,0.0,0.05799933001208576,0.4700036292457356,0.002995508979798479,0.14620079572518552,19,0,0,0,8,33,187
Arbutus berries,0.6931471805599453,3.879499813722586,0.06015392281974709,3.4965075614664802,1.0715836162801904,4.039536325727106,5.7745515455444085,0.05826890812397577,0.06765864847381481,0.6418538861723948,0.0005998200719676155,0.0,0.16551443847757338,0.6931471805599453,0.0,0.19062035960864973,20,0,0,0,8,33,116
Arrowroots,0.0,2.3978952727983707,0.1484200051182733,3.9512437185814275,1.3820353041995073,5.1647859739235145,6.5245058508019955,0.07045846364856141,0.15700374880966478,1.2725655957915476,0.0,0.0,0.09531017980432487,0.0,0.0,0.262364264467491,21,0,0,0,17,62,160
"Arrowroots, PROCESS Baking",0.0,2.3978952727983707,0.14323416808590783,3.912023005428146,1.3220224710997504,5.135798437050262,6.5245058508019955,0.06672363204290818,0.13540463700620295,1.252762968495368,0.0,0.0,0.08157998699242289,0.0,0.0,0.25386672395705034,21,9,0,0,17,62,160
"Arrowroots, PROCESS Cooking in water",0.0,2.3978952727983707,0.1380212978973747,3.871201010907891,1.2742448573112677,5.117993812416755,6.5245058508019955,0.0639133257436528,0.1275133202989596,1.2383742310432684,0.0,0.0,0.07417939817425151,0.0,0.0,0.24529635595534308,21,11,0,0,17,62,160
"Arrowroots, PROCESS Steaming",0.0,2.3978952727983707,0.1380212978973747,3.871201010907891,1.2742448573112677,5.117993812416755,6.5245058508019955,0.0639133257436528,0.1275133202989596,1.2383742310432684,0.0,0.0,0.07417939817425151,0.0,0.0,0.24529635595534308,21,18,0,0,17,62,160
"Artificial sweeteners (e.g., aspartam, saccharine)",0.0,1.3873652161213836,0.0,0.7592469822644691,0.0,1.6094379124341003,2.1972245773362196,0.0,0.0,0.05414721807044643,0.0,0.0,0.0,0.0,0.0,0.019900661706336177,22,42,29,0,0,30,132
Asian-style noodles other than glass noodles,0.49469624183610705,2.995732273553991,0.23901690047049992,2.9813435361018916,1.7354410386378314,4.145399733022385,5.593471453838519,0.01587334915629015,0.02566774674857779,1.0116009116784799,0.019802627296179712,0.0,0.027476191284017838,0.49469624183610705,0.0,0.8754687373538999,23,0,0,0,10,51,140
"Asian-style noodles other than glass noodles, PROCESS Cooking in water",0.4737466155245699,2.575878427993727,0.08617769624105233,1.9252908618525775,1.052568350166703,3.970291913552122,4.398146016553765,0.007968169649176874,0.009950330853168083,0.371563556432483,0.0009995003330835331,0.0,0.012916225266546328,0.33904036472692295,0.0,0.371563556432483,23,11,0,0,10,51,140
"Asian-style noodles other than glass noodles, PROCESS Steaming",0.4737466155245699,2.575878427993727,0.08617769624105233,1.9252908618525775,1.052568350166703,3.970291913552122,2.496741107435003,0.007968169649176874,0.009950330853168083,0.371563556432483,0.0009995003330835331,0.0,0.012916225266546328,0.33904036472692295,0.0,0.371563556432483,23,18,0,0,10,51,140
Asparagus,0.7419373447293773,3.2690256085536724,0.10551764616932371,2.816263785742443,0.9038132103630424,4.131732094293721,5.429345628954441,0.09660803851992482,0.14323416808590783,0.5758104738554034,0.0007711311733459204,0.0,0.05584008490865094,0.9828272556743993,0.038258712117090345,0.4457841190105083,24,0,0,0,19,12,203
"Asparagus, PROCESS Baking",1.1653359207110179,3.367295829986474,0.15614868248993136,2.995732273553991,0.908661704709664,3.912023005428146,5.41610040220442,0.10436001532424277,0.10705907229340779,0.5567545556543905,0.0,0.0,0.05259245011917058,1.1653359207110179,0.042101176018635396,0.3987761199573677,24,9,0,0,19,12,203
"Asparagus, PROCESS Cooking in water",0.22314355131420976,2.997397552873052,0.10466027054343291,2.4538745405402715,0.8641549774536265,3.8147776209893105,5.045573345457536,0.07076907088820725,0.0717003141651911,0.5709795465857378,0.0007330645758289756,0.0,0.04608810419275497,0.81110797819351,0.038258712117090345,0.4146450652920215,24,11,0,0,19,12,203
"Asparagus, PROCESS Steaming",0.22314355131420976,3.104586678466073,0.11124317881598178,2.5355469532455936,0.9128849387393222,3.9086841041626315,5.294141995137556,0.08816349082930482,0.10660973505825823,0.5527350268432003,0.001465592161609968,0.0,0.05653785096025785,0.7207623475929187,0.04018178963283184,0.39597578208704876,24,18,0,0,19,12,203
Aspartame,0.0,1.3873652161213836,0.0,0.7592469822644691,0.0,1.6094379124341003,2.1972245773362196,0.0,0.0,0.05414721807044643,0.0,0.0,0.0,0.0,0.0,0.019900661706336177,25,0,0,0,0,30,132
Ass milk,0.09531017980432487,4.709530201312334,0.0246926125903715,2.302585092994046,0.41012091964435843,4.127134385045092,4.2626798770413155,0.06203539091945264,0.04018178963283184,0.05414721807044643,0.0,9.999500033330834e-05,0.0344014267173324,0.09531017980432487,0.0009995003330835331,0.1397619423751587,26,0,0,0,14,43,111
Atlantic salmon,0.0,3.044522437723423,0.04783732941416012,3.2648047567566008,2.5385658931097472,5.531411248715415,5.903998521326706,0.17535288747786126,0.1612681475961223,0.46058440732924394,0.026276723078219315,0.004223568165665039,0.4722332845730047,1.1794239314045232,0.002566703197313866,0.4681268692328754,27,0,0,0,6,27,48
"Atlantic salmon, PROCESS Baking",1.2933563654606215,2.8903717578961645,0.0295588022415444,3.332204510175204,2.606231553765013,5.585106183022603,6.033771153332427,0.17969907346952982,0.14224333322654414,0.24126409242740463,0.02844861617137019,0.004421638703249106,0.4722332845730047,1.2655381599840907,0.002566703197313866,0.4446858212614457,27,9,0,0,6,27,48
"Atlantic salmon, PROCESS Cooking in water",1.3069805544001651,2.917770732084279,0.0295588022415444,3.3381392456950185,2.531578169097147,5.5928509139489195,5.965719297356124,0.1568816412327379,0.14956877032214666,0.2447745714405044,0.026641930946421175,0.003923957864299014,0.42090091623800363,1.3483328548327718,0.002566703197313866,0.46058440732924394,27,11,0,0,6,27,48
"Atlantic salmon, PROCESS Curing",1.1631508098056809,3.295836866004329,0.05826890812397577,3.2188758248682006,2.3513752571634776,5.351858133476067,5.69035945432406,0.07696104113612832,0.16551443847757338,0.33647223662121295,0.025667746748577788,0.004987541511039074,0.4722332845730047,0.0,0.002566703197313866,0.33647223662121295,27,12,0,0,6,27,48
"Atlantic salmon, PROCESS Frying",1.2809338454620642,3.005682604407159,0.06494468864038216,3.286267414988178,2.606231553765013,5.533163602121635,6.009514939857358,0.23337672759423875,0.13665151996076624,0.2524249225649332,0.027906953253007877,0.004048934846286546,0.4722332845730047,1.2933563654606215,0.005305898790181402,0.4054651081081644,27,14,0,0,6,27,48
"Atlantic salmon, PROCESS Preserving with salt",1.1631508098056809,2.917770732084279,0.03295110013968589,3.349904087274605,2.4834333427818165,5.455321115357702,5.938854596835685,0.2303177550622101,0.126632650933366,0.2738366656297279,0.025667746748577788,0.003726381740813754,0.4722332845730047,1.1504929105450985,0.002566703197313866,0.18813794211539445,27,16,0,0,6,27,48
"Atlantic salmon, PROCESS Steaming",1.3069805544001651,2.664794692431253,0.027615167032973363,3.2946015353963363,2.531578169097147,5.621004548198508,5.980993247240686,0.11879839302245787,0.17311261770864475,0.35790751734127796,0.02371652661731604,0.0036416943079630327,0.42264993286226527,1.2812115846667382,0.002566703197313866,0.39776890147369404,27,18,0,0,6,27,48
"Atlantic salmon, PROD Farmed / cultivated / aquaculture",0.0,2.2700619012884857,0.08342160813907239,3.2068032436339315,2.589491864978075,5.288267030694535,5.717027701406222,0.08434114843375087,0.24920108563349938,0.36672427979173383,0.022054990780831327,0.005017391811783071,0.4722332845730047,1.3376291891386096,0.002566703197313866,0.4643627493556498,27,19,0,0,6,27,48
"Atlantic salmon, STATE Primal cuts / fillets / halves or quarters",1.1631508098056809,2.833213344056216,0.05826890812397577,3.258096538021482,2.4595888418037104,5.484796933490655,5.968707559985366,0.12221763272424921,0.20701416938432615,0.33647223662121295,0.025667746748577788,0.003992021269537453,0.4722332845730047,0.0,0.003952179838427977,0.33647223662121295,27,29,0,0,6,27,48
Aubergines,0.09531017980432487,2.423537703411708,0.056380333436107634,2.649209701079277,0.6330179717205195,3.091042453358316,5.327182446944208,0.036469679781391415,0.037295784743696894,0.29904583110209604,0.0007996801705643322,0.0,0.07616707523495182,0.0295588022415444,0.0009995003330835331,0.13941405578267813,28,0,0,0,19,35,172
"Aubergines, PROCESS Baking",0.032467190137501496,3.0845277723371223,0.08157998699242287,2.659260036932778,0.8232351514067076,3.3224633411196516,5.288988271259519,0.06779215091043256,0.05961570967435449,0.2776317365982795,0.000499875041651048,0.0,0.09660803851992482,0.2467038157232228,0.0009995003330835331,0.10049153854632245,28,9,0,0,19,35,172
"Aubergines, PROCESS Cooking in water",0.032467190137501496,2.5199979695992702,0.057459955673227224,2.436116485618568,0.6747649725618958,2.841581593726733,5.139991315310298,0.0665899868706411,0.05813412815207553,0.2783890255401883,0.0008567757199817669,0.0,0.09140646632385152,0.3676478540896627,0.0009995003330835331,0.0877491999693949,28,11,0,0,19,35,172
"Aubergines, PROCESS Frying",1.7404661748405046,2.5583341183428177,0.02131408950348317,2.3426296425251043,0.3893357261782807,3.2268439945173775,5.096201182425903,0.01769957709940092,0.01833095668472346,0.2883961031854379,0.0005998200719676155,0.0,0.06069184644756501,1.472472057360943,0.016266972463871966,0.10281441996246213,28,14,0,0,19,35,172
"Aubergines, PROCESS Steaming",0.032467190137501496,2.575878427993727,0.07099087414962452,2.6390573296152584,0.6130211360806603,3.0713696877596113,5.385150156163319,0.04674726253963174,0.03784614249011469,0.3606669652082698,0.0009995003330835331,0.0,0.06364526516035618,0.032467190137501496,0.0009995003330835331,0.11332868530700319,28,18,0,0,19,35,172
Avocados,0.9932517730102834,2.583458323516496,0.22314355131420976,3.3682805666490134,0.9488962059087171,3.721554062926776,6.147857608875767,0.13190507087993858,0.08052610730062448,0.46193545459622537,0.0007482913887240963,0.0,0.2988339442488825,1.4431471727126735,0.013902905168991423,0.3620935699655913,29,0,0,0,8,33,116
Azuki beans (dry),0.262364264467491,4.684773236587058,0.6261309257071586,4.9185200051884514,1.9769934474690445,6.023793434223342,6.5245058508019955,0.18659811356121486,0.37717340751605727,1.843673999180255,0.001998002662673056,0.0,0.34358970439007697,0.4510756193602166,0.0,1.6707211408509988,30,0,0,0,12,39,154
"Azuki beans (dry), PROCESS Baking",0.45298462407614076,4.718498871295094,0.5596157879354227,4.9185200051884514,1.9655727105203236,6.115892125483034,6.5245058508019955,0.16466662155523387,0.37717340751605727,2.0860446928134078,0.0,0.0,0.31990721974651787,0.45298462407614076,0.0,1.4600093989421714,30,9,0,0,12,39,154
"Azuki beans (dry), PROCESS Cooking in water",0.1889660995126232,3.670860948611258,0.26016404355788864,4.075113200294213,1.1760141497364371,5.137477698569982,6.19644412779452,0.061632517080659,0.14903557916048787,1.185881568905774,0.0009995003330835331,0.0,0.10616019582839065,0.18896609951262322,0.0,0.9228406627378877,30,11,0,0,12,39,154
"Azuki beans (dry), PROCESS Steaming",0.1889660995126232,3.670860948611258,0.26016404355788864,4.075113200294213,1.1760141497364371,5.137477698569982,6.19644412779452,0.061632517080659,0.14903557916048787,1.185881568905774,0.0009995003330835331,0.0,0.10616019582839065,0.18896609951262322,0.0,0.9228406627378877,30,18,0,0,12,39,154
Bacon,0.4054651081081644,2.005333569526114,0.056920290252682214,2.8581108956779433,2.165324305835055,4.959843127256151,5.428091710294847,0.1325308922909391,0.37717340751605727,0.5343189111815759,0.007372754329413084,0.0010423137451049435,0.3459172872857722,0.1854416841301983,0.0,0.9170904120447194,31,0,0,0,13,55,156
"Bacon, PROCESS Baking",0.262364264467491,1.6094379124341003,0.051507557145931936,3.091042453358316,2.217416173480899,4.994312320064325,5.582959107586937,0.17263190624643737,0.37717340751605727,0.6079782610467985,0.009950330853168083,0.0011422045787770104,0.3146021675168246,0.16839165126045666,0.0,1.0586827529308742,31,9,0,0,13,55,156
"Bacon, PROCESS Cooking in water",0.28065745751481647,1.8607523407150064,0.0657877405380031,3.3063632789913164,2.232591721173511,5.421166910825699,5.828525361247644,0.1851746257763611,0.37717340751605727,0.8140997909776079,0.0,0.0011564738833626934,0.3550736625717585,0.22282350010328444,0.0,1.2982824837966773,31,11,0,0,13,55,156
"Bacon, PROCESS Frying",0.5306282510621704,2.7814776696570274,0.1136500622313354,2.834892605575936,2.0462540207378117,5.136134515023514,5.5982102963877844,0.13777238688177715,0.37717340751605727,0.5909562396633982,0.010821238631583319,0.0007425813610589969,0.24126409242740463,0.33647223662121295,0.0,0.9616464335949523,31,14,0,0,13,55,156
"Bacon, PROCESS Steaming",0.28065745751481647,1.8607523407150064,0.0657877405380031,3.3063632789913164,2.232591721173511,5.421166910825699,5.828525361247644,0.1851746257763611,0.37717340751605727,0.8140997909776079,0.0,0.0011564738833626934,0.3550736625717585,0.22282350010328444,0.0,1.2982824837966773,31,18,0,0,13,55,156
Baking yeast,0.18232155679395465,3.80029304148484,0.3106310054373255,4.7815215757955425,2.606231553765013,6.154615419744767,6.5245058508019955,0.41314979086671205,0.37717340751605727,2.1550789558854557,0.0035650661644961576,0.00029995500899797546,0.4722332845730047,0.09531017980432487,0.0,1.727842976812722,32,0,0,0,0,44,155
Baklava,1.791759469228055,4.196127256532043,0.29096240057335104,4.110873864173311,1.0750999316829464,4.718498871295094,5.313205979041787,0.12499506160223625,0.06471707662416286,0.8417518976819455,0.0021975835434872217,0.0,0.11689375147149933,1.7847852054907187,0.008959741371471902,0.6207300857593571,33,0,0,0,10,26,153
Bamboo shoots,0.18232155679395465,2.6390573296152584,0.22314355131420976,1.455287232606842,0.7095125346462096,3.828641396489095,6.150602768446279,0.06364526516035618,0.09660803851992482,0.4610349592629751,0.0009995003330835331,0.0,0.09531017980432487,0.262364264467491,0.004987541511039074,0.18232155679395465,34,0,0,0,19,12,203
"Bamboo shoots, PROCESS Cooking in water",0.4700036292457356,2.8743714165497236,0.19603659797591974,1.2729656758128876,0.613562701217103,3.8161412337248635,6.016505531065751,0.057594826534582116,0.0940106344622393,0.38341424112835404,0.0009995003330835331,0.0,0.10294331085649892,0.3582337284027256,0.004987541511039074,0.4900688271092634,34,11,0,0,19,12,203
"Bamboo shoots, PROCESS Frying",0.18232155679395465,4.055257173514054,0.10436001532424277,2.1972245773362196,0.48057258059496977,3.4372078191851885,5.765191102784844,0.07232066157962612,0.0344014267173324,0.33647223662121295,4.5998942032444214e-05,0.0,0.08617769624105233,0.18232155679395465,0.0,0.09531017980432487,34,14,0,0,19,12,203
"Bamboo shoots, PROCESS Steaming",0.4700036292457356,2.8743714165497236,0.19603659797591974,1.2729656758128876,0.613562701217103,3.8161412337248635,6.016505531065751,0.057594826534582116,0.0940106344622393,0.38341424112835404,0.0009995003330835331,0.0,0.10294331085649892,0.3582337284027256,0.004987541511039074,0.4900688271092634,34,18,0,0,19,12,203
Barbecue or steak sauces,0.0,3.1179499062782403,0.15819961467354485,3.126760535960395,0.8585768696836817,3.3463891451671604,5.535758222563071,0.02839307450121789,0.04420825466432037,0.6033318762375813,0.0012991557316200499,0.0,0.0743650819553068,0.7599643535972626,0.0,0.20766436446574968,35,0,0,0,16,18,190
Barley flour,0.262364264467491,3.500827222610997,0.44468582126144574,4.849795626118201,2.1666017171222363,5.86606328056671,6.0330862217988015,0.09140646632385152,0.22542665732877834,1.7047480922384253,0.0031664101993098045,0.0,0.23450730996452485,0.2546422183735807,0.0009995003330835331,1.33500106673234,36,0,0,0,10,14,22
"Barley grain, pearled",0.262364264467491,2.9368917735310576,0.33647223662121295,4.143134726391533,1.8129849866302936,5.330646253663397,5.508230929091365,0.06632264293107258,0.11128578367720292,1.260893094578618,0.0035365960083354273,0.0,0.17395330712343804,0.18896609951262322,0.0009995003330835331,1.126783165634806,37,196,0,0,10,14,24
"Barley grain, pearled, PROCESS Cooking in water",0.09531017980432487,2.1350113928346466,0.12491941577595861,3.119213330325012,0.973966472195142,4.223700583436143,4.394449154672439,0.018260823080178106,0.024134965845124517,0.6782510680380696,0.0021975835434872217,0.0,0.03412533615787569,0.05638033343610765,0.0,0.5099109198375904,37,196,5,0,10,14,24
"Barley grain, pearled, PROCESS Steaming",0.09531017980432487,2.1350113928346466,0.12491941577595861,3.119213330325012,0.973966472195142,4.223700583436143,4.394449154672439,0.018260823080178106,0.024134965845124517,0.6782510680380696,0.0021975835434872217,0.0,0.03412533615787569,0.05638033343610765,0.0,0.5099109198375904,37,196,8,0,10,14,24
Barley porridge,0.0,4.634728988229636,0.009950330853168083,2.3978952727983707,0.0,4.343805421853684,4.852030263919617,0.14100340746322362,0.0295588022415444,0.05414721807044643,0.0,0.0001699855516374579,0.0295588022415444,0.0,0.0,0.262364264467491,38,0,0,0,10,11,144
"Barley porridge, INGRED Cow milk, skimmed (low fat)",0.0,4.634728988229636,0.009950330853168083,2.3978952727983707,0.0,4.343805421853684,4.852030263919617,0.14224333322654414,0.0295588022415444,0.05414721807044643,0.0,0.0001699855516374579,0.0295588022415444,0.0,0.0,0.262364264467491,38,5,30,0,10,11,144
"Barley porridge, INGRED Cow milk, whole",0.09531017980432487,4.598145571051127,0.050312813873589095,2.8449093838194073,0.4054651081081644,4.5591262474866845,5.004617221770693,0.11841775481447446,0.0295588022415444,0.33647223662121295,0.0030952049073024192,0.00029995500899797546,0.048790164169432,0.09531017980432487,0.0,0.4054651081081644,38,5,33,0,10,11,144
"Barley porridge, INGRED Tap water",0.09531017980432487,2.0541237336955462,0.07733134293632345,2.624668592163159,0.5877866649021191,3.784189633918261,3.9589065913269965,0.011363758650315086,0.039220713153281295,0.4700036292457356,0.00129915573162005,0.0,0.009950330853168083,0.09531017980432487,0.0,0.33647223662121295,38,6,0,0,10,11,144
Barley rolled grains,0.262364264467491,3.405947984420753,0.2557490253487718,4.124827578947176,1.7316555451583497,5.500674950102412,5.460800581122327,0.06364526516035618,0.13602827282310984,1.3646328643387111,0.0031664101993098045,0.0,0.2023575835543751,0.23901690047049992,0.0009995003330835331,1.1005152388141959,39,0,0,0,10,11,13
Barracudas,0.9932517730102833,3.044522437723423,0.048790164169432,3.4339872044851463,1.6453840392075694,5.303304908059076,5.5254529391317835,0.07696104113612832,0.11332868530700317,0.6931471805599453,0.0,0.001998002662673056,0.1397619423751587,0.9932517730102833,0.0,0.7419373447293773,40,0,0,0,6,27,107
"Barracudas, PROCESS Baking",0.8691991243403046,2.70805020110221,0.12133228516752496,3.4965075614664802,2.5936115666962163,5.568344503761097,5.950642552587727,0.3257001396393019,0.11600367575630613,0.7811580578826586,0.0,0.008464078412129412,0.4687528473440829,0.8691991243403046,0.001998002662673056,0.4799539600989036,40,9,0,0,6,27,107
"Barracudas, PROCESS Cooking in water",0.8641549774536265,2.70805020110221,0.11955923505763925,3.4965075614664802,2.5900171341906173,5.560681631015528,5.942799375126701,0.32280787442715503,0.11511280710050457,0.7770286645406475,0.0,0.008464078412129412,0.46561903092791146,0.8641549774536265,0.001998002662673056,0.47685510419483734,40,11,0,0,6,27,107
"Barracudas, PROCESS Frying",0.8691991243403046,2.70805020110221,0.12133228516752496,3.4965075614664802,2.5936115666962163,5.568344503761097,5.950642552587727,0.3257001396393019,0.11600367575630613,0.7811580578826586,0.0,0.008464078412129412,0.4687528473440829,0.8691991243403046,0.001998002662673056,0.4799539600989036,40,14,0,0,6,27,107
"Barracudas, PROCESS Steaming",0.8641549774536265,2.70805020110221,0.11955923505763925,3.4965075614664802,2.5900171341906173,5.560681631015528,5.942799375126701,0.32280787442715503,0.11511280710050457,0.7770286645406475,0.0,0.008464078412129412,0.46561903092791146,0.8641549774536265,0.001998002662673056,0.47685510419483734,40,18,0,0,6,27,107
Basic sweet masses,0.0,4.054514139424141,0.33338584596077925,4.90527477843843,1.7316555451583497,5.149320051961573,6.019565977218857,0.19392069263730655,0.11849389404778915,0.8783811588009349,0.0015416681615705832,0.00019998000266626675,0.04075799247216775,1.7847852054907187,0.0,0.799564280692896,41,0,0,0,18,19,189
Basil,0.4382549309311553,5.439940929069896,0.17082717736821953,3.7376696182833684,0.9991076099541762,3.80348283685294,5.816260458082891,0.23020427988478337,0.06672363204290817,1.7919975361259772,0.00022854531010233034,0.0,0.1508800309591356,0.7476353658440151,0.042101176018635396,0.5563451390673001,42,0,0,0,19,6,3
Beans (dry) and similar-,0.29266961396282,4.5711701072912945,0.49730607367847796,4.9185200051884514,1.9904932250982108,6.081239957777462,6.5245058508019955,0.15700374880966475,0.37717340751605727,1.9127120796457175,0.010826891399036963,0.0,0.32518427684736156,0.31188676114859837,0.042101176018635396,1.2966822024302036,43,0,0,0,12,39,154
"Beans (dry) and similar-, PROCESS Baking",0.10616019582839065,3.6888794541139363,0.2342812957246657,4.31748811353631,1.2655381599840907,5.170483995038151,5.934894195619588,0.08617769624105233,0.1397619423751587,1.1483543805629237,0.0,0.0,0.11243542932978817,0.10616019582839066,0.0,0.826366024346168,43,9,0,0,12,39,154
"Beans (dry) and similar-, PROCESS Cooking in water",0.10616019582839065,3.680271079577336,0.20585205420414876,3.909161773147114,1.2655381599840907,4.993343796986195,6.026555866919252,0.06391332574365279,0.12927233570413918,1.1746469749441073,0.004219656144183057,0.0,0.10191171824406106,0.1487647732651119,0.0,0.6725070598068593,43,11,0,0,12,39,154
"Beans (dry) and similar-, PROCESS Steaming",0.10616019582839065,3.680271079577336,0.20585205420414876,3.909161773147114,1.2655381599840907,4.993343796986195,6.026555866919252,0.06391332574365279,0.12927233570413918,1.1746469749441073,0.004219656144183057,0.0,0.10191171824406106,0.1487647732651119,0.0,0.6725070598068593,43,18,0,0,12,39,154
Beans (fresh seeds without pods) and similar-,0.262364264467491,3.337293579682675,0.09790421498137149,3.5553480614894135,1.450877524118142,4.771894545968378,5.961373460371035,0.10049153854632245,0.16066006001277525,1.0397717886451763,0.0,0.0,0.1484200051182733,0.3104215594212703,0.0,0.5758104738554034,44,0,0,0,12,39,97
"Beans (fresh seeds without pods) and similar-, PROCESS Cooking in water",0.09531017980432487,3.3483991960951847,0.08118491225231343,3.152736022363656,1.166315439934482,4.192248777203472,5.47873234507141,0.06471707662416286,0.06337713270131574,0.647701417640903,0.0026963615477426086,0.0,0.07933916354109577,0.24639121803390018,0.0,0.4062267227679801,44,11,0,0,12,39,97
"Beans (fresh seeds without pods) and similar-, PROCESS Steaming",0.09531017980432487,3.3483991960951847,0.08118491225231343,3.152736022363656,1.166315439934482,4.192248777203472,5.47873234507141,0.06471707662416286,0.06337713270131574,0.647701417640903,0.0026963615477426086,0.0,0.07933916354109577,0.24639121803390018,0.0,0.4062267227679801,44,18,0,0,12,39,97
Beans (with pods) and similar-,0.262364264467491,3.934622837345387,0.054217585904797104,3.1128801869279896,0.7268582379022571,3.7294728510791897,5.4704683301376145,0.09803374027136541,0.07245354311593222,0.6523251860396903,0.0007497188905459458,0.0,0.12019282818534208,0.1878064870245243,0.03536714383729131,0.2584003746703919,45,0,0,0,19,38,98
"Beans (with pods) and similar-, PROCESS Baking",0.10705907229340779,4.172407289048592,0.08512865339635517,3.865230843921387,1.8510610874094633,5.205575314849422,6.0634529275747315,0.1414995622736995,0.07232066157962612,1.4467172819237748,0.011928570865273802,0.0,0.3274520852618292,0.1070590722934078,0.038258712117090345,0.9169762111652485,45,9,0,0,19,38,98
"Beans (with pods) and similar-, PROCESS Cooking in water",0.1397619423751587,3.911165495014017,0.06122948086911745,2.8727572111951827,0.6435066549356744,3.503410091029251,5.239779850923725,0.06805910232686035,0.05381154949128741,0.6301313091265313,0.0009995003330835331,0.0,0.07801868269426385,0.18929717053037987,0.0344014267173324,0.2512033109964982,45,11,0,0,19,38,98
"Beans (with pods) and similar-, PROCESS Steaming",0.09531017980432487,3.9228216326703715,0.061498189724691024,2.990001598845006,0.6874165058509604,3.5803392855387304,5.460679140840436,0.07696104113612832,0.05448818528406973,0.5700913394943599,0.0015487999898504525,0.0,0.09388058699473044,0.1884692873801887,0.03536714383729131,0.26685963961636844,45,18,0,0,19,38,98
Beans and meat meal,0.33647223662121295,3.459466289786131,0.11534196342431224,3.1945831322991562,1.4551872276065088,4.540860210160623,5.569761166124109,0.057459955673227224,0.07457724978085208,0.8464812004806477,0.004077390420023971,0.00034851069166471076,0.14372921760096863,0.27823761362378124,0.003992021269537453,0.794284505373464,46,0,0,0,4,22,51
Beans and vegetables meal,0.636576829071551,4.328537949722896,0.1292723357041392,3.332204510175204,0.973489885624963,4.200204952921578,5.5254529391317835,0.0470426063333113,0.06905953593149465,0.8139626507726321,0.0009995003330835331,0.00012999155073226197,0.10645991110112726,0.07973496801885356,0.005683816468297671,0.5261082472971476,47,0,0,0,4,22,51
Bechamel sauce,0.7419373447293773,4.75932086581535,0.04064826514446671,2.4485390056171252,0.7898849123554557,4.279044241421023,5.056882545261575,0.14224333322654414,0.037571001478611456,0.11663952495430449,0.000279960807315797,0.00032328107237594733,0.046474560056349146,0.7236763855947682,0.003992021269537453,0.32125499870747204,48,0,0,0,16,56,164
Beef kidney,0.262364264467491,2.46080909820894,0.4056555661603542,2.929287174145838,2.413231613081109,5.542383366104115,5.429971999159699,0.41314979086671205,0.31272305640954956,2.1550789558854557,0.03536714383729131,0.008464078412129412,0.32518427684736156,0.3435897043900769,0.0,1.107524834626967,49,0,0,0,13,5,102
"Beef kidney, PROCESS Baking",0.18232155679395465,2.7204492052452007,0.352365672350634,2.9368917735310576,2.381897863998949,5.631723683547415,5.318119993844216,0.41314979086671205,0.3194921528110164,2.1550789558854557,0.03536714383729131,0.008464078412129412,0.3850680184399503,0.45209420870216765,0.0,1.2512925001313933,49,9,0,0,13,5,102
"Beef kidney, PROCESS Cooking in water",0.4054651081081644,2.929287174145838,0.4808199216795847,3.1166848839716534,2.606231553765013,5.801254817465021,5.4631051488231135,0.41314979086671205,0.2557490253487718,2.1550789558854557,0.03536714383729131,0.008464078412129412,0.4400965520778048,0.494696241836107,0.0,1.488077055429833,49,11,0,0,13,5,102
"Beef kidney, PROCESS Frying",0.8754687373538999,2.766319109226186,0.4607105823341429,3.1484533605716547,2.312535423847214,5.702114417555504,5.596197263976263,0.41314979086671205,0.2151113796169455,2.1550789558854557,0.03536714383729131,0.008464078412129412,0.3646431135879093,0.8754687373538999,0.0,1.2809338454620642,49,14,0,0,13,5,102
"Beef kidney, PROCESS Steaming",0.4054651081081644,2.8727572111951827,0.49450458584060797,2.995732273553991,2.606231553765013,5.763398184330556,5.40960315022524,0.41314979086671205,0.2513144282809061,2.1550789558854557,0.03536714383729131,0.008464078412129412,0.4655293488508145,0.5092243423990168,0.0,1.4144652380865868,49,18,0,0,13,5,102
Beef liver,0.5877866649021191,1.9459101490553132,0.6261309257071586,3.0647251450409425,2.606231553765013,5.8998973535824915,5.8381468535846155,0.41314979086671205,0.2153417678220885,2.1550789558854557,0.032190564962846786,0.008464078412129412,0.4722332845730047,0.6097655716208943,0.042101176018635396,1.727842976812722,50,0,0,0,13,5,102
"Beef liver, PROCESS Baking",0.6931471805599453,1.8407763650615352,0.6261309257071586,2.959364629383116,2.606231553765013,5.798659660299182,5.6747949377829485,0.41314979086671205,0.16309019486606702,1.9815136529488557,0.0295588022415444,0.008464078412129412,0.4722332845730047,0.5465016002184606,0.042101176018635396,1.7242960397930016,50,9,0,0,13,5,102
"Beef liver, PROCESS Cooking in water",0.510425543744651,2.005333569526114,0.6261309257071586,2.841581593726733,2.606231553765013,5.660974382164317,5.457760140957061,0.41314979086671205,0.20468858694085068,2.1015174933790357,0.03536714383729131,0.008464078412129412,0.34003730278570904,0.44442937812630523,0.042101176018635396,1.727842976812722,50,11,0,0,13,5,102
"Beef liver, PROCESS Frying",0.4054651081081644,2.1972245773362196,0.6261309257071586,3.2245738459828384,2.606231553765013,5.980331374115648,5.906528936302196,0.41314979086671205,0.37717340751605727,2.1550789558854557,0.028309756211416452,0.008464078412129412,0.4722332845730047,0.3646431135879093,0.0,1.727842976812722,50,14,0,0,13,5,102
"Beef liver, PROCESS Steaming",0.510425543744651,2.005333569526114,0.6261309257071586,2.841581593726733,2.606231553765013,5.660974382164317,5.457760140957061,0.41314979086671205,0.20468858694085068,2.1015174933790357,0.03536714383729131,0.008464078412129412,0.34003730278570904,0.44442937812630523,0.042101176018635396,1.727842976812722,50,18,0,0,13,5,102
Beef loaf,0.4700036292457356,3.6008285759912018,0.11737660386782327,3.3504052148220502,2.37406819461591,5.371833326762572,5.878215858601149,0.22542665732877834,0.07099087414962452,1.388078482913392,0.015971769509698662,0.0028815586050633217,0.20410634529412555,0.5312163134137247,0.008959741371471902,1.7241686755949057,51,0,0,0,4,22,51
Beef tallow (including processed suet),0.832909122935104,1.3873652161213836,0.07696104113612832,0.7592469822644691,1.0402767116551463,2.0794415416798357,2.1972245773362196,0.0,0.0,0.27256843464173275,0.0,0.0,0.0,0.5877866649021191,0.0,0.3015849776207723,52,0,0,0,2,1,60
"Beer, alcohol-free",0.0,1.8218575003853346,0.007769737264360664,2.2798281058714296,0.6353414984635584,2.7289415601335865,3.6506582412937387,0.01567647938500758,0.004240994257254527,0.05414721807044643,0.0005998200719676156,2.4333037282580373e-05,0.03575316970581786,0.0,0.0,0.027809700639267233,53,31,0,0,1,7,5
"Beer, light",0.0,2.043073897508961,0.02385602581542188,2.2192034840549946,0.6036131438186593,2.750014400201242,3.4635012649983103,0.02427440668757314,0.004323971480054492,0.05414721807044643,0.00014998875112487347,3.7499296892577635e-05,0.02942009636712825,0.0,0.0,0.02858745685191256,53,154,0,0,1,7,5
"Beer, regular",0.0,1.5353299402803784,0.018625464123164893,2.2467703138876494,0.6717776119665054,3.234749174024491,3.735967490212838,0.027754123470353907,0.006313362056592059,0.05414721807044643,0.0005023737891538634,3.999920002133269e-05,0.045109931023619404,0.0,0.0,0.03052920503482287,53,224,0,0,1,7,5
"Beer, strong",0.0,1.8382794848629478,0.027420595575992173,2.5084371471981943,0.7567924457203015,3.405947984420753,4.065357025348848,0.033711057342311695,0.005982071677547465,0.08084238784410076,0.00010332799481220606,0.00014665591216264976,0.04783732941416013,0.0,0.0,0.03149866705937099,53,255,0,0,1,7,5
"Beerwurst, PROCESS Baking",0.2577381960787088,2.4849066497880004,0.07788653865707124,2.995732273553991,1.7939237920574316,4.820281565605037,5.455321115357702,0.13714983814723364,0.29266961396282,0.7385984434638627,0.0,0.0017983819413793735,0.20945022418220727,0.2577381960787088,0.004987541511039074,1.1749558552554433,54,9,0,0,13,57,169
"Beerwurst, PROCESS Cooking in water",0.2577381960787088,2.4849066497880004,0.07788653865707124,2.995732273553991,1.7939237920574316,4.820281565605037,5.455321115357702,0.13714983814723364,0.29266961396282,0.7385984434638627,0.0,0.0017983819413793735,0.20945022418220727,0.2577381960787088,0.004987541511039074,1.1749558552554433,54,11,0,0,13,57,169
"Beerwurst, PROCESS Steaming",0.2577381960787088,2.4849066497880004,0.07788653865707124,2.995732273553991,1.7939237920574316,4.820281565605037,5.455321115357702,0.13714983814723364,0.29266961396282,0.7385984434638627,0.0,0.0017983819413793735,0.20945022418220727,0.2577381960787088,0.004987541511039074,1.1749558552554433,54,18,0,0,13,57,169
Beetroots,0.06765864847381481,2.9037736139831805,0.06979255165751579,2.9368917735310576,0.3982006907672307,3.666487763799035,5.933002763241819,0.034263390965853645,0.025946181944585173,0.5339839589091427,0.0005998200719676156,0.0,0.045383005847817695,0.06372569088054482,0.004987541511039074,0.3637498576106942,55,0,0,0,19,48,124
"Beetroots, PROCESS Baking",0.5877866649021191,3.56953269648137,0.07298489275648892,2.7491007409325676,0.8109302162163288,4.087655574071304,5.948034989180646,0.0246926125903715,0.04004454953105875,0.5538851132264376,0.0002285453101023304,0.0,0.1469410795344403,0.43178241642553783,0.042101176018635396,0.2969249395329584,55,9,0,0,19,48,124
"Beetroots, PROCESS Cooking in water",0.09531017980432487,3.0065073467219494,0.06800126890045842,2.8114087140893633,0.3826512850424825,3.713572066704308,5.794638304111146,0.0295588022415444,0.021761491781512692,0.49723367024652365,0.0003332777901203712,0.0,0.04433581382005172,0.10327834945350174,0.004987541511039074,0.3105437415950432,55,11,0,0,19,48,124
"Beetroots, PROCESS Steaming",0.09531017980432487,2.9898818598758155,0.07359117196884139,2.875446107679489,0.38922280200674186,3.891139794511722,5.935863743093184,0.034079313652862625,0.02208759646400479,0.5454202685304897,0.0003999200213269354,0.0,0.04146178980759454,0.06428848988236185,0.004987541511039074,0.32485742605183854,55,18,0,0,19,48,124
Beignets,0.520577915208669,3.1103356562929947,0.06578774053800308,2.3978952727983707,0.922670338838194,4.502979245091544,4.561367563329698,0.0927093981042675,0.08013061589740739,1.021834087958509,0.003992021269537453,0.0005998200719676155,0.04196419909903214,0.6276481983272496,0.002995508979798479,0.4749911707567746,56,0,0,0,10,26,27
Bilberries (European blueberries),1.0647107369924282,2.6790626642289577,0.07497494316449892,1.6916760106710724,0.37647757123491216,2.7990219793079367,4.4982211076451275,0.035091319811270096,0.02538923400481951,0.5323075125818904,9.999500033330834e-05,0.0,0.054217585904797104,1.0543120297715298,0.011928570865273802,0.1458304482115395,57,0,0,0,8,33,7
"Biscuit with inclusions, filling or coating",1.1184149159642893,4.2184567329301315,0.20140029936635026,3.653622304227089,1.6737531943699409,4.880851970717292,5.412665939755786,0.15296630526313004,0.10735851832049938,1.0770967666335585,0.004120072262463316,9.499548778577131e-05,0.1008790603492732,1.722980860499485,0.005982071677547464,0.596242873667084,58,115,0,0,10,26,9
"Biscuits, chocolate",0.0,4.589040804058207,0.2963940130538025,4.069026754237811,1.8760699799375737,5.14166355650266,5.718342625987531,0.20326732130941713,0.07696104113612832,1.410791832720278,0.008711940602021502,0.00013499088832004196,0.10183430588126807,1.6300245460424887,0.004987541511039074,0.7498110276774871,59,81,0,0,10,26,9
"Biscuits, oat meal",0.6931471805599453,3.3764492119729614,0.1471836089114859,3.8722421354163017,1.2466490786063724,5.2714599123781545,5.228073713159432,0.06203539091945264,0.15028607901081867,1.0718689636925989,0.0033942330680155476,0.00029995500899797546,0.05037620732506679,1.0800409030826743,0.02273948696948943,0.9029352768269967,59,181,0,0,10,26,9
"Biscuits, rusks and cookies for children",0.9034081060431414,5.297602825610168,0.10436001532424277,2.7814776696570274,1.7042284767421925,5.59630331413809,5.275925676233135,0.048790164169432,0.20468858694085068,1.0032754418415561,0.0,0.0009995003330835331,0.050693114315518116,1.0988789197855404,0.005982071677547464,0.8112476261539247,59,231,0,0,7,31,148
"Biscuits, sweet, plain",0.8415671856782185,3.894731508318085,0.12902123714663657,3.230239583518516,1.7653910484933533,5.035095591666416,5.206750173022546,0.141871516899524,0.07232066157962612,0.8624076206387137,0.002734828374027602,0.00011999280057594817,0.07920719389392303,1.7847852054907187,0.005385472276337817,0.5615730549115919,59,257,27,0,10,26,9
"Biscuits, sweet, plain, FORT Combination of vitamin and mineral only supplements",1.791759469228055,6.025658913052238,0.3001045924503381,4.9185200051884514,1.1314021114911006,5.365976015021851,5.54907608489522,0.41314979086671205,0.2468600779315258,2.0014800002101243,0.007968169649176874,3.9999200021332696e-05,0.4722332845730047,1.7847852054907187,0.0,1.0647107369924282,59,257,27,1,10,26,9
"Biscuits, sweet, plain, FORT Vitamin only supplements",1.791759469228055,4.9858871244070615,0.2468600779315258,4.007333185232471,2.606231553765013,5.0106352940962555,5.62040086571715,0.41314979086671205,0.2468600779315258,1.0986122886681098,0.005982071677547464,3.9999200021332696e-05,0.4722332845730047,1.7847852054907187,0.0,0.9162907318741551,59,257,27,3,10,26,9
"Biscuits, sweet, wheat wholemeal",1.4906543764441333,3.8897773964808264,0.24032837606831062,4.063025878964673,2.0090190773832903,5.3796669122443594,5.593471453838519,0.33896911681980013,0.12221763272424921,1.4684885987458773,0.00364667612019688,0.00012999155073226197,0.14669437915080352,1.7847852054907187,0.007074913671961879,0.9709051718140329,59,257,32,0,10,26,9
Bitter almonds,1.791759469228055,5.283928629095937,0.585084604925442,4.9185200051884514,2.1278744992014262,6.149078610248462,6.5245058508019955,0.3869131269993424,0.17993776543867837,1.5605477432643349,0.002568128105710068,0.0,0.04360668509653558,1.7847852054907187,0.0,1.4305846199664702,60,0,0,0,12,49,195
Bitter chocolate,1.5260563034950492,4.075113200294213,0.6261309257071586,4.9185200051884514,1.4350505111054046,5.434345639371147,6.5245058508019955,0.12789051273443686,0.07510747248680541,2.1550789558854557,0.0029242915172465675,0.0003639337680717938,0.1487893950135035,0.8528822386811042,0.002995508979798479,1.1753969474067438,61,0,0,0,18,19,26
"Bitter chocolate, QUAL Sugar free",0.832909122935104,4.83059684331687,0.6261309257071586,4.674163057475043,0.598836501088704,5.163151986631859,6.187677268605653,0.137274378903357,0.08355302281828117,1.8473293203828658,0.0038497231547473575,0.0002842453127589107,0.11205236094739843,0.7304429653036423,0.0,1.003778185997271,61,27,0,0,18,19,26
Bitter-sweet chocolate,0.5068176023684519,3.922256181708175,0.6261309257071586,4.9185200051884514,1.1372375865016273,5.260467142416939,6.5245058508019955,0.06765864847381481,0.03857948196747509,2.1550789558854557,0.004376125067640483,0.0003999200213269354,0.09166718852582378,0.944683806375373,0.005849524788891614,1.126875753940969,62,0,0,0,18,19,26
"Bitter-sweet chocolate, QUAL Sugar free",0.832909122935104,5.017279836814924,0.6261309257071586,4.499809670330265,0.5877866649021191,5.017279836814924,5.993961427306569,0.08617769624105233,0.048790164169432,1.4350845252893227,0.003992021269537453,0.0002899579581278988,0.017839918128331,0.832909122935104,0.0,0.832909122935104,62,27,0,0,18,19,26
Blackberries,0.4700036292457356,3.704119869601641,0.10616019582839065,3.207381445442466,0.5007752879124893,3.4153820166541116,5.291148877069424,0.04223813417813182,0.026641930946421175,0.620806875930253,0.0002499687552073569,0.0,0.04688358589885041,1.2947271675944,0.0,0.2351850463510225,63,0,0,0,8,33,7
Blackcurrants,1.1631508098056809,4.057976918051226,0.10513191810282464,3.0513021247088017,0.44303610958677586,3.909161773147114,5.766086357992356,0.05340534814523774,0.04620178318613623,0.8071134176896279,0.0007330645758289757,0.0,0.07563741420562005,0.8432898389896648,0.0295588022415444,0.2555277619337746,64,0,0,0,8,33,7
Blended fat and oils,1.791759469228055,3.3623575483458916,0.012493064247466518,1.4945079457601234,0.20666567661202412,3.5347287742866778,3.4612616224048054,0.004987541511039074,0.011928570865273802,0.11243542932978819,0.000499875041651048,9.999500033330834e-05,0.012916225266546328,1.1378330018213911,0.005982071677547464,0.16090333942037335,65,0,0,0,2,24,11
"Blended fat and oils, QUAL Half fat or medium fat",1.5040773967762742,3.79581016494128,0.019158161969924484,2.302585092994046,0.5002556724162565,3.644330284201759,4.394449154672439,0.004987541511039074,0.0246926125903715,0.20002113389335557,0.00029995500899797546,9.999500033330834e-05,0.03052920503482287,0.7561219797213337,0.011928570865273802,0.24853278531902925,65,21,0,0,2,24,11
"Blended fat and oils, QUAL Low fat (naturally or reduced)",0.9669838461896733,4.47587470715901,0.0192282326712908,2.3595053832467277,0.611317162312313,4.25824349146302,4.741198458811201,0.004987541511039074,0.039220713153281295,0.11841775481447446,0.00019998000266626675,0.000499875041651048,0.039220713153281295,0.5068176023684519,0.0,0.29266961396281993,65,23,0,0,2,24,11
"Blended fat and oils, QUAL Low sodium / reduced salt",0.9555114450274363,3.6888794541139363,0.001998002662673056,1.791759469228055,0.23348984336835407,3.6888794541139363,3.9318256327243257,0.004987541511039074,0.011928570865273802,0.05414721807044643,0.0,9.999500033330834e-05,0.012916225266546327,0.9555114450274363,0.005982071677547464,0.24216155714997162,65,24,0,0,2,24,11
Blended frying oil/fats,1.791759469228055,2.5095992623783716,0.009124907777000575,1.213923135179104,0.0,2.2975725511705014,3.0204248861443626,0.0,0.0,0.09984533496971613,0.002995508979798479,0.0,0.0,1.7847852054907187,0.042101176018635396,0.08173358502667002,66,0,0,0,2,24,11
Blended margarine,1.791759469228055,2.834053327305941,0.022739486969489426,1.6497569233364442,0.16539336577326663,3.043160967125102,3.247046701834897,0.030852463482764686,0.010148331051815148,0.13015068446504507,0.0008316540798570756,9.839515903756454e-05,0.010939940038334362,1.7847852054907187,0.042101176018635396,0.11689375147149933,67,0,0,0,2,24,11
"Blended margarine, QUAL Half fat or medium fat",1.3519616820393854,2.9831534913471307,0.013738526110513292,1.6259672143853108,0.2417690154373746,2.833213344056216,2.9400433676934026,0.031417914444961226,0.008381444027915137,0.061643710212553396,0.0,9.999500033330834e-05,0.006396167505237892,1.2919836816486492,0.03849929915060977,0.08900244904500833,67,21,0,0,2,24,11
"Blended margarine, QUAL Low fat (naturally or reduced)",0.0,3.0877904179719384,0.012377625612592577,1.8935421635379974,0.2417690154373746,4.290459441148391,3.5158007644011593,0.03563035945627097,0.00850914883467225,0.05414721807044643,0.0,9.999500033330834e-05,0.006253135605116375,1.5317466047182287,0.03777736433402994,0.0963839832362946,67,23,0,0,2,24,11
"Blended margarine, QUAL Low sodium / reduced salt",0.0,2.1972245773362196,0.032467190137501496,2.4849066497880004,0.06765864847381481,2.1972245773362196,2.1972245773362196,0.0246926125903715,0.006975613736425242,0.05414721807044643,0.0,0.0,0.002995508979798479,0.0,0.042101176018635396,0.12486898204586927,67,24,0,0,2,24,11
Blood-type sausage,0.31481073984003355,3.5827249725549337,0.12972415428156858,2.8895777919949883,1.4764288323602173,4.351935547936934,5.184748652436425,0.07656413698326954,0.16986332187191291,2.1550789558854557,0.009313635985350514,0.0007140307336570204,0.08355302281828117,0.15357908792830066,0.0,0.6429059641231986,68,0,0,0,13,57,38
"Blood-type sausage, QUAL Low fat (naturally or reduced)",0.1595645696713384,2.995732273553991,0.06297479916138844,3.1780538303479458,1.8193746362610284,4.787491742782046,5.236441962829949,0.10616019582839065,0.36533731701738503,2.041480035392717,0.0,0.0010993954433009636,0.27611543608031547,0.1595645696713384,0.0,0.7542422799197561,68,23,0,0,13,57,38
Blueberries,1.0473189942805592,2.6984807500860595,0.0781508092717171,1.8607523407150064,0.4699143395452432,2.70805020110221,4.602308953707059,0.03246719013750149,0.024971319392621535,0.4446858212614457,9.999500033330834e-05,0.0,0.05340534814523774,0.9282193027394289,0.011928570865273802,0.14013454375809453,69,0,0,0,8,33,7
"Bockwurst, PROCESS Baking",0.2303177550622101,2.772588722239781,0.07696104113612832,3.1354942159291497,1.7215158158394508,4.248495242049359,5.442417710521793,0.1414995622736995,0.3428802329165431,0.597736995755287,0.0,0.0008995952428360929,0.2223432311434406,0.2303177550622101,0.009950330853168083,0.9470139045169956,70,9,0,0,13,57,169
"Bockwurst, PROCESS Cooking in water",0.2303177550622101,2.772588722239781,0.07696104113612832,3.1354942159291497,1.7215158158394508,4.248495242049359,5.442417710521793,0.1414995622736995,0.3428802329165431,0.597736995755287,0.0,0.0008995952428360929,0.2223432311434406,0.2303177550622101,0.009950330853168083,0.9470139045169956,70,11,0,0,13,57,169
"Bockwurst, PROCESS Steaming",0.2303177550622101,2.772588722239781,0.07696104113612832,3.1354942159291497,1.7215158158394508,4.248495242049359,5.442417710521793,0.1414995622736995,0.3428802329165431,0.597736995755287,0.0,0.0008995952428360929,0.2223432311434406,0.2303177550622101,0.009950330853168083,0.9470139045169956,70,18,0,0,13,57,169
"Bockwurst, QUAL Low fat (naturally or reduced), PROCESS Baking",0.3674170404706345,3.2188758248682006,0.12575120530556036,3.295836866004329,2.2993799620450974,5.176149732573829,5.602118820879701,0.08617769624105233,0.06859279146561172,0.7347688552507647,0.0,0.000499875041651048,0.2874320411965716,0.3674170404706345,0.0,1.0497721232486361,70,23,4,0,13,57,169
"Bockwurst, QUAL Low fat (naturally or reduced), PROCESS Cooking in water",0.3674170404706345,3.2188758248682006,0.12575120530556036,3.295836866004329,2.2993799620450974,5.176149732573829,5.602118820879701,0.08617769624105233,0.06859279146561172,0.7347688552507647,0.0,0.000499875041651048,0.2874320411965716,0.3674170404706345,0.0,1.0497721232486361,70,23,5,0,13,57,169
"Bockwurst, QUAL Low fat (naturally or reduced), PROCESS Steaming",0.3674170404706345,3.2188758248682006,0.12575120530556036,3.295836866004329,2.2993799620450974,5.176149732573829,5.602118820879701,0.08617769624105233,0.06859279146561172,0.7347688552507647,0.0,0.000499875041651048,0.2874320411965716,0.3674170404706345,0.0,1.0497721232486361,70,23,8,0,13,57,169
Bogue,0.0,4.189654742026425,0.6261309257071586,3.1354942159291497,0.0,1.6094379124341003,5.855071922202427,0.0,0.0,1.62924053973028,0.0,0.0,0.0,0.0,0.0,1.0986122886681098,71,0,0,0,6,27,105
Boiled eggs,1.5549817266380417,4.1059436980654525,0.06471707662416287,2.5660476552105993,1.5594670515165059,5.292802185859927,4.890993388954873,0.3329968165841552,0.07457724978085208,1.0744659554114375,0.01637238097465272,0.0014460967550362126,0.10513191810282464,1.0557047876568333,0.014944909290477789,0.8363813486458531,72,0,0,0,5,52,86
"Bologna-type sausage, PROCESS Baking",0.5561813254867879,1.3873652161213836,0.0,2.70805020110221,1.8674851797561907,4.990432586778736,5.117993812416755,0.10705907229340779,0.18481843699254183,0.5999347988377665,0.0,0.0018981972830802527,0.1501426584297195,0.5561813254867879,0.0,0.9887974226609031,73,9,0,0,13,57,169
"Bologna-type sausage, PROCESS Cooking in water",0.4700036292457356,3.248434627109745,0.1431908395909163,3.1065066790558977,2.0293693060078475,5.329400664961768,5.572045389665843,0.14731101603289437,0.29565024210095775,0.8290507573295237,0.011052975899081503,0.001244939027440216,0.21349717426240436,0.4815615780794645,0.0,1.1822529116791674,73,11,0,0,13,57,169
"Bologna-type sausage, PROCESS Steaming",0.4700036292457356,3.248434627109745,0.1431908395909163,3.1065066790558977,2.0293693060078475,5.329400664961768,5.572045389665843,0.14731101603289437,0.29565024210095775,0.8290507573295237,0.011052975899081503,0.001244939027440216,0.21349717426240436,0.4815615780794645,0.0,1.1822529116791674,73,18,0,0,13,57,169
"Bologna-type sausage, QUAL Low fat (naturally or reduced), PROCESS Cooking in water",0.0,2.9444389791664403,0.05826890812397577,2.6390573296152584,1.5040773967762742,5.017279836814924,5.303304908059076,0.11332868530700317,0.13102826240640408,0.832909122935104,0.007968169649176874,0.0006597822957845883,0.0344014267173324,0.0,0.0,0.9932517730102833,73,23,5,0,13,57,169
"Bologna-type sausage, QUAL Low fat (naturally or reduced), PROCESS Steaming",0.0,2.9444389791664403,0.05826890812397577,2.6390573296152584,1.5040773967762742,5.017279836814924,5.303304908059076,0.11332868530700317,0.13102826240640408,0.832909122935104,0.007968169649176874,0.0006597822957845883,0.0344014267173324,0.0,0.0,0.9932517730102833,73,23,8,0,13,57,169
"Bologna-type sausage, QUAL Low sodium / reduced salt, PROCESS Cooking in water",0.4054651081081644,3.104586678466073,0.10445010135646442,3.822098297900159,2.0412203288596382,5.5154428455366835,6.219197550755999,0.2151113796169455,0.37717340751605727,1.308332819650179,0.019900661706336167,0.0013990209137073409,0.3987761199573677,0.4054651081081644,0.0,1.6094379124341003,73,24,5,0,13,57,169
"Bologna-type sausage, QUAL Low sodium / reduced salt, PROCESS Steaming",0.4054651081081644,3.104586678466073,0.10445010135646442,3.822098297900159,2.0412203288596382,5.5154428455366835,6.219197550755999,0.2151113796169455,0.37717340751605727,1.308332819650179,0.019900661706336167,0.0013990209137073409,0.3987761199573677,0.4054651081081644,0.0,1.6094379124341003,73,24,8,0,13,57,169
Borage,0.6931471805599453,4.543294782270004,0.10436001532424277,3.970291913552122,0.832909122935104,3.9889840465642745,6.154858094016418,0.1397619423751587,0.05826890812397577,1.4586150226995167,0.0,0.0,0.16551443847757338,0.6931471805599453,0.0,0.6931471805599453,74,0,0,0,19,6,3
Borage seeds,0.6931471805599453,4.543294782270004,0.10436001532424277,3.970291913552122,0.832909122935104,3.9889840465642745,6.154858094016418,0.1397619423751587,0.05826890812397577,1.4586150226995167,0.0,0.0,0.16551443847757338,0.6931471805599453,0.0,0.6931471805599453,75,0,0,0,12,49,127
Borlotti or other common beans (dry),0.29266961396282,4.5717611238569615,0.4317824164255378,4.9185200051884514,1.8366190161383764,6.056784013228625,6.5245058508019955,0.14620079572518552,0.35907206853845386,1.8428146400283392,0.009837170278191608,0.0,0.3081147533233553,0.2639015437863775,0.042101176018635396,1.2262932676144567,76,0,0,0,12,39,154
"Borlotti or other common beans (dry), PROCESS Baking",0.10616019582839065,3.6888794541139363,0.2342812957246657,4.31748811353631,1.2655381599840907,5.170483995038151,5.934894195619588,0.08617769624105233,0.1397619423751587,1.1483543805629237,0.0,0.0,0.11243542932978817,0.10616019582839066,0.0,0.826366024346168,76,9,0,0,12,39,154
"Borlotti or other common beans (dry), PROCESS Cooking in water",0.05354076692802982,3.971100212127721,0.1914464645709552,3.7013019741124933,1.2655381599840907,4.843962089270107,5.91604802687084,0.04824579834216226,0.10795714150509228,1.1931862668065476,0.0034654170715763323,0.0,0.1008790603492732,0.1487647732651119,0.0026963615477426086,0.6746922161865861,76,11,0,0,12,39,154
"Borlotti or other common beans (dry), PROCESS Steaming",0.05354076692802982,3.971100212127721,0.1914464645709552,3.7013019741124933,1.2655381599840907,4.843962089270107,5.91604802687084,0.04824579834216226,0.10795714150509228,1.1931862668065476,0.0034654170715763323,0.0,0.1008790603492732,0.1487647732651119,0.0026963615477426086,0.6746922161865861,76,18,0,0,12,39,154
Bottled drinking water,0.0,2.128231705849268,0.0034938892542557796,1.422764040901282,0.0,1.6094379124341003,2.1972245773362196,0.0,0.0,0.06516332590641327,9.259571288465588e-05,0.0,0.0,0.0,0.0,0.0654755819589114,77,0,0,0,20,23,12
Bouillabaisse,0.0,3.7376696182833684,0.06109509935981088,2.9444389791664403,1.422867341350731,4.836281906951478,5.2832037287379885,0.16720791898390647,0.05826890812397577,0.4749911707567746,0.0,0.0008995952428360929,0.11955923505763925,0.5122246446796981,0.011928570865273802,0.2577381960787088,78,0,0,0,4,22,51
Bovine and pig fresh meat,0.33647223662121295,2.1972245773362196,0.07537247845099049,3.0239031505206873,2.3318525906746137,5.091995814391869,5.709006898793008,0.16090333942037335,0.2506475392932023,0.9144032373909425,0.012916225266546327,0.0020550298361366594,0.28464174103890083,0.28803201121606886,0.001998002662673056,1.4851372545757275,79,0,0,0,13,3,118
"Bovine and pig fresh meat, PROCESS Baking",0.30821972366932904,1.9459101490553132,0.09075436326846414,3.1780538303479458,2.3086665633099135,5.159055299214529,5.655991810819852,0.19227188764712272,0.20048886074940359,1.0409831758314734,0.0,0.002796087302001274,0.18813794211539445,0.30821972366932904,0.001998002662673056,1.6599408946072072,79,9,0,0,13,3,118
"Bovine and pig fresh meat, PROCESS Cooking in water",0.3920420877760237,2.0794415416798357,0.10795714150509228,3.295836866004329,2.3762072328646595,5.303304908059076,5.713732805509369,0.23269776411902143,0.2374408560150342,1.1866231659908228,0.0,0.002895803112025565,0.21107097007994055,0.3920420877760237,0.002995508979798479,1.727842976812722,79,11,0,0,13,3,118
"Bovine and pig fresh meat, PROCESS Frying",0.406797553341943,2.70805020110221,0.12221763272424918,3.396424102909498,2.5213189358195556,5.4824230451354925,6.16361551069756,0.23224486556055537,0.2937351441648583,1.175352846945887,0.014888612493750654,0.0030980532163325577,0.2441779127115863,0.9482544070795477,0.002995508979798479,1.727842976812722,79,14,0,0,13,3,118
"Bovine and pig fresh meat, PROCESS Steaming",0.3920420877760237,2.0794415416798357,0.10795714150509228,3.295836866004329,2.3762072328646595,5.303304908059076,5.713732805509369,0.23269776411902143,0.2374408560150342,1.1866231659908228,0.0,0.002895803112025565,0.21107097007994055,0.3920420877760237,0.002995508979798479,1.727842976812722,79,18,0,0,13,3,118
"Bovine and pig fresh meat, QUAL Half fat or medium fat, PROCESS Frying",0.5877866649021191,2.740840023925201,0.08874320983438856,3.039749158970765,2.0541237336955462,5.144583266605995,5.709433146165015,0.17395330712343804,0.18232155679395465,1.0296194171811581,0.0295588022415444,0.00129915573162005,0.412109650826833,0.5877866649021191,0.0,1.589235205116581,79,21,6,0,13,3,118
Bovine fresh meat,0.2530906276821619,1.916922612182061,0.06739159011997763,3.050626220661441,2.3572356027651207,5.191368288205073,5.762949451991862,0.16648249276420854,0.08065790301745446,1.173101140658849,0.005953906933674954,0.0027134580976592515,0.30884931445612773,0.2446701818584899,0.0,1.66953802697274,80,0,0,0,13,3,82
"Bovine fresh meat, PROCESS Baking",0.0,2.2235418856535927,0.09020626788614895,3.2347491740244907,2.468353736446932,5.295312857527738,5.8057371971791945,0.19441480448133788,0.09954363033626148,1.2199445738356347,0.011295959741851543,0.0023671959794785338,0.27307592006241876,0.2347558666423758,0.0,1.727842976812722,80,9,0,0,13,3,82
"Bovine fresh meat, PROCESS Cooking in water",0.0,2.341805806147327,0.10074990310014306,3.1612467120315646,2.578730877627496,5.396351106819402,5.680854970012496,0.2287279296081104,0.06609980170452368,1.3748288830106126,0.009950330853168083,0.002895803112025565,0.22904609696682365,0.2112329002883747,0.0,1.727842976812722,80,11,0,0,13,3,82
"Bovine fresh meat, PROCESS Frying",0.33647223662121295,2.2997238607130135,0.10074990310014306,3.2108436531709366,2.5291285722830312,5.381213143203979,5.826337176567091,0.19014799304341867,0.08052610730062448,1.4255837532333995,0.011900337829797119,0.002826003089062933,0.3396305093294739,0.8169564662862316,0.0,1.727842976812722,80,14,0,0,13,3,82
"Bovine fresh meat, PROCESS Steaming",0.0,2.174751721484161,0.10074990310014308,3.1945831322991562,2.606231553765013,5.355642433167306,5.682218296740361,0.2492010856334994,0.06765864847381481,1.2983370823607487,0.009950330853168083,0.0038924147153438387,0.17243955693950402,0.29087696334830015,0.0,1.727842976812722,80,18,0,0,13,3,82
Bovine heart,0.18232155679395465,1.901040859629118,0.2732933349996814,2.951929650895598,2.5276068793200275,5.292586691839052,5.531128323264383,0.41314979086671205,0.36215987416930207,1.6703986122237875,0.010798627242225536,0.008464078412129412,0.23450730996452485,0.28818194749343196,0.0,0.8902400546742125,81,0,0,0,13,5,102
"Bovine heart, PROCESS Baking",0.341459778132252,2.097141118779237,0.3390200087000116,3.091042453358316,2.474856313934499,5.200074318659074,5.346427027118564,0.41314979086671205,0.32332496425717827,1.9058531679601025,0.03536714383729131,0.008464078412129412,0.196740906022407,0.45919543052913214,0.0,1.1032681002043039,81,9,0,0,13,5,102
"Bovine heart, PROCESS Cooking in water",0.341459778132252,2.164963715117998,0.4091725128964864,3.1354942159291497,2.596863220707067,5.299031397281694,5.330646253663397,0.41314979086671205,0.2920297504452011,1.9175946552181071,0.03536714383729131,0.008464078412129412,0.1587116911548209,0.5004115854171179,0.0,1.2092161766489278,81,11,0,0,13,5,102
"Bovine heart, PROCESS Frying",0.341459778132252,2.1972245773362196,0.2523139286139896,2.9444389791664403,2.492957487977711,5.0689042022202315,5.267858159063328,0.41314979086671205,0.37717340751605727,1.712716261887602,0.0,0.008464078412129412,0.2374408560150342,0.341459778132252,0.0,0.8637334811354791,81,14,0,0,13,5,102
"Bovine heart, PROCESS Steaming",0.341459778132252,2.164963715117998,0.4091725128964864,3.1354942159291497,2.596863220707067,5.299031397281694,5.330646253663397,0.41314979086671205,0.2920297504452011,1.9175946552181071,0.03536714383729131,0.008464078412129412,0.1587116911548209,0.5004115854171179,0.0,1.2092161766489278,81,18,0,0,13,5,102
Bovine marrowbone,0.0,2.6790626642289577,0.05692029025268221,1.3121863889661687,0.6713396877204001,2.5649493574615367,3.9262076404201025,0.009950330853168083,0.0,0.1397619423751587,0.020782539182528502,0.008464078412129412,0.20701416938432615,0.6931471805599453,0.0,0.2754648885131891,82,0,0,0,13,5,138
"Bovine meat, dried",0.0,3.6270040503958487,0.1980308504991345,4.02535169073515,2.606231553765013,5.8544986920348245,6.5245058508019955,0.35837350057431383,0.1397619423751587,2.1131422398524693,0.0,0.008464078412129412,0.46624658036802324,0.640800700187736,0.0,1.727842976812722,83,98,0,0,13,4,103
"Bovine meat, dried, PROCESS Cooking in water",0.0,2.772588722239781,0.019802627296179712,2.833213344056216,0.9932517730102833,4.912654885736052,3.713572066704308,0.11332868530700317,0.06765864847381481,0.9555114450274363,0.0,0.0017983819413793735,0.1397619423751587,0.0,0.0,1.727842976812722,83,98,5,0,13,4,103
"Bovine meat, dried, PROCESS Steaming",0.0,2.772588722239781,0.019802627296179712,2.833213344056216,0.9932517730102833,4.912654885736052,3.713572066704308,0.11332868530700317,0.06765864847381481,0.9555114450274363,0.0,0.0017983819413793735,0.1397619423751587,0.0,0.0,1.727842976812722,83,98,8,0,13,4,103
Bovine stomach,0.07696104113612832,2.70805020110221,0.08617769624105233,2.1972245773362196,2.217353948631385,4.328851872186625,2.9885637840753785,0.08223809823697209,0.036469679781391415,1.1764547754320438,0.0,0.0,0.039220713153281295,0.07696104113612832,0.0,1.244154593958768,84,0,0,0,13,5,102
"Bovine stomach, PROCESS Baking",0.0925791812930932,2.9444389791664403,0.08342160813907239,2.1972245773362196,2.271816559322409,4.343805421853684,2.8903717578961645,0.07696104113612832,0.020782539182528502,1.1743379991962453,0.0,0.0,0.038258712117090345,0.0925791812930932,0.0,1.2624303738975047,84,9,0,0,13,5,102
"Bovine stomach, PROCESS Cooking in water",0.0925791812930932,2.9444389791664403,0.08342160813907239,2.1972245773362196,2.271816559322409,4.343805421853684,2.8903717578961645,0.07696104113612832,0.020782539182528502,1.1743379991962453,0.0,0.0,0.038258712117090345,0.0925791812930932,0.0,1.2624303738975047,84,11,0,0,13,5,102
"Bovine stomach, PROCESS Frying",0.0925791812930932,2.9444389791664403,0.08342160813907239,2.1972245773362196,2.271816559322409,4.343805421853684,2.8903717578961645,0.07696104113612832,0.020782539182528502,1.1743379991962453,0.0,0.0,0.038258712117090345,0.0925791812930932,0.0,1.2624303738975047,84,14,0,0,13,5,102
"Bovine stomach, PROCESS Steaming",0.0925791812930932,2.9444389791664403,0.08342160813907239,2.1972245773362196,2.271816559322409,4.343805421853684,2.8903717578961645,0.07696104113612832,0.020782539182528502,1.1743379991962453,0.0,0.0,0.038258712117090345,0.0925791812930932,0.0,1.2624303738975047,84,18,0,0,13,5,102
Bovine tail,0.3920420877760237,1.8607523407150064,0.11332868530700317,3.1103356562929947,2.2823823856765264,5.206358706977226,5.81498304679571,0.18588662295845076,0.07032531672073006,1.198242129616951,0.0,0.0024256272148383603,0.19297885126794265,0.3393253056036194,0.0,1.6837499453986517,85,0,0,0,13,5,138
"Bovine tail, PROCESS Cooking in water",0.44660705143933954,2.228477120840324,0.1378968501341626,3.147840051751449,2.400294988578491,5.2218990352611305,5.564520407322694,0.19943616751224091,0.05489394710744982,1.395714141071941,0.0,0.0018554204994600896,0.13353139262452263,0.4172619179876754,0.0,1.727842976812722,85,11,0,0,13,5,138
"Bovine tail, PROCESS Frying",0.43954442176102704,1.791759469228055,0.10345870836822998,3.295836866004329,2.420190335068309,5.4116460518550396,5.963579343618446,0.19392069263730652,0.08250122151174369,1.345993064346365,0.0,0.0022973590486834897,0.1595645696713384,0.43954442176102704,0.0,1.727842976812722,85,14,0,0,13,5,138
"Bovine tail, PROCESS Steaming",0.44660705143933954,2.228477120840324,0.1378968501341626,3.147840051751449,2.400294988578491,5.2218990352611305,5.564520407322694,0.19943616751224091,0.05489394710744982,1.395714141071941,0.0,0.0018554204994600896,0.13353139262452263,0.4172619179876754,0.0,1.727842976812722,85,18,0,0,13,5,138
Bovine tongue,0.18232155679395465,2.1484344131667874,0.12411217070803102,2.9444389791664403,2.1279085243800617,5.149154228231818,5.573782255061226,0.26675023641074536,0.1094948147962813,1.3005808428458607,0.005271793929098563,0.004959111824758747,0.12095261041766252,0.16381808522939498,0.0,1.4435519763884213,86,0,0,0,13,5,102
"Bovine tongue, PROCESS Baking",0.2295231582782488,2.5142342648825204,0.11651238745492784,2.6907587039921492,2.1793999924236673,5.118848878736489,5.249277171123396,0.2643403327359364,0.0934903430873389,1.3502229693582333,0.0021975835434872217,0.004276556767260232,0.12512112526455257,0.249356958130113,0.0,1.2977753547214619,86,9,0,0,13,5,102
"Bovine tongue, PROCESS Cooking in water",0.262364264467491,2.499091284779957,0.12459155105504835,2.848226136445401,2.261837500467798,5.178729131069889,5.418130087031622,0.25983359248917687,0.06284065200175337,1.408440179373999,0.0070607285705736305,0.004305005864714533,0.13190507087993858,0.24278930356104433,0.0,1.4947322795697715,86,11,0,0,13,5,102
"Bovine tongue, PROCESS Frying",0.2295231582782488,2.5142342648825204,0.11651238745492784,2.6907587039921492,2.226737146423961,5.118848878736489,5.249277171123396,0.2643403327359364,0.0934903430873389,1.3502229693582333,0.0021975835434872217,0.004276556767260232,0.12512112526455257,0.249356958130113,0.0,1.2977753547214619,86,14,0,0,13,5,102
"Bovine tongue, PROCESS Steaming",0.262364264467491,2.499091284779957,0.12459155105504835,2.848226136445401,2.261837500467798,5.178729131069889,5.418130087031622,0.25983359248917687,0.06284065200175337,1.408440179373999,0.0070607285705736305,0.004305005864714533,0.13190507087993858,0.24278930356104433,0.0,1.4947322795697715,86,18,0,0,13,5,102
Brandy,0.0,1.3873652161213836,0.09440067542148432,0.7592469822644691,0.0009995003330835331,1.6094379124341003,2.1972245773362196,0.0009995003330835331,0.0009995003330835331,0.05414721807044643,0.0,0.0,0.0009995003330835331,0.0,0.0,0.10436001532424279,87,0,0,0,1,66,200
Bread and rolls with special ingredients added,0.4054651081081644,4.3548756456079305,0.1936853154442697,3.8422134740346388,1.4314042921435102,4.932416319236012,5.274463687668637,0.06230388333615485,0.19191821832424966,1.0029401385985472,0.006223451233871123,6.999755011432734e-05,0.12133228516752496,1.3899875329575082,0.0,0.804816326327333,88,0,0,0,10,10,168
"Bread and rolls with special ingredients added, FORT Protein and amino acids supplements",0.31115442863692305,4.477336814478207,0.13714983814723364,3.6109179126442243,1.4338933399191696,5.081404364984463,5.308267697401205,0.14236724128692196,0.1930966299619131,0.846726268488246,0.0,9.999500033330834e-05,0.0880108773227133,0.31115442863692305,0.0,0.8445798843201546,88,3,0,0,10,10,168
Bread stuffing,1.791759469228055,4.276666119016055,0.10436001532424277,2.8903717578961645,1.1314021114911006,4.465908118654584,5.14166355650266,0.05826890812397577,0.10436001532424277,0.8754687373538999,0.001998002662673056,0.00029995500899797546,0.09531017980432487,1.7847852054907187,0.0,0.4054651081081644,89,0,0,0,10,10,0
Breadcrumbs,0.262364264467491,4.030948245663306,0.19650619178591106,3.1957534074473464,1.42894325726724,4.8075277695424665,5.251525205041278,0.079603050598967,0.3446023627044631,1.2568362938830038,0.004710317586971612,0.0,0.14669437915080352,0.44468582126144574,0.0,0.6729444732424258,90,0,0,0,10,10,0
Breakfast-type sausage,0.29266961396282,3.4603643589978157,0.0676586484738148,2.9361339106679556,1.7632130115356655,5.143333005972201,5.415465279922035,0.13290619723060426,0.3177261938001576,0.5722700774956124,0.005874141968086039,0.0009652482836658945,0.18955722088705051,0.3683860998667436,0.007968169649176874,0.8384218502040555,91,0,0,0,13,57,70
"Breakfast-type sausage, PROCESS Baking",0.26926348692776286,3.713572066704308,0.08879549878313114,3.044522437723423,1.9040459449566145,4.9787022469932465,5.388419201245223,0.14657100613232613,0.3034851154246133,0.6623197167646858,0.005982071677547464,0.0012135490656620508,0.20119004109833744,0.4404460770034099,0.008959741371471902,0.9998437546924362,91,9,0,0,13,57,70
"Breakfast-type sausage, PROCESS Cooking in water",0.186064543072789,2.731580698512404,0.0803942942113939,3.1141500283684653,1.8558067983219921,4.944698971091853,5.402677381872279,0.15749203006936602,0.2738366656297279,0.6538121751612684,0.004788516731797178,0.0012706209905708889,0.2213133060080559,0.26926348692776286,0.008959741371471902,1.046817615478379,91,11,0,0,13,57,70
"Breakfast-type sausage, PROCESS Frying",0.6205764877251099,4.709530201312334,0.11332868530700317,2.772588722239781,1.8082887711792655,5.3981627015177525,5.198497031265826,0.12221763272424921,0.30538164955118186,0.7419373447293773,0.005982071677547464,0.0009995003330835331,0.08617769624105233,0.6205764877251099,0.0,0.7419373447293773,91,14,0,0,13,57,70
"Breakfast-type sausage, PROCESS Steaming",0.26926348692776286,2.5649493574615367,0.08250122151174369,3.1354942159291497,1.9040459449566145,4.74493212836325,5.438079308923196,0.15614868248993136,0.3034851154246133,0.6286086594223741,0.0,0.00129915573162005,0.2342812957246657,0.26926348692776286,0.008959741371471902,1.045563067578294,91,18,0,0,13,57,70
"Bream, silver",0.0,3.713572066704308,0.048790164169432,3.1780538303479458,2.272125885509337,5.442417710521793,5.602118820879701,0.09531017980432487,0.07696104113612832,0.4054651081081644,0.0,0.001998002662673056,0.3784364357202451,0.0,0.0,0.262364264467491,92,242,0,0,6,27,106
Brioche type products,0.4836599556932212,3.8150714793516958,0.09330817713365178,2.8970163006148333,1.2807671649049654,4.804021044733257,4.858260813670253,0.18714324707316812,0.17126060943452967,0.764257808017898,0.003992021269537453,0.0003999200213269354,0.14617611015760132,0.5231493734548226,0.001998002662673056,0.5946519338108461,93,0,0,0,10,26,210
Broad beans (dry),0.09531017980432487,4.456007047671872,0.4735686954102318,4.9185200051884514,2.043703329005018,5.890064432666253,6.5245058508019955,0.19415601444095745,0.37717340751605727,1.6348271464389197,0.002496880198587199,0.0,0.25685460865652143,0.23901690047049992,0.0,1.2025432115163417,94,0,0,0,12,39,154
"Broad beans (dry), PROCESS Baking",0.10616019582839065,3.6888794541139363,0.2342812957246657,4.31748811353631,1.2655381599840907,5.170483995038151,5.934894195619588,0.08617769624105233,0.09660803851992482,1.1483543805629237,0.0,0.0,0.11243542932978817,0.10616019582839066,0.0,0.826366024346168,94,9,0,0,12,39,154
"Broad beans (dry), PROCESS Cooking in water",0.10616019582839065,3.391627930646005,0.17659088208496962,3.8501476017100584,1.361891885007289,4.889919390355235,5.630699617917724,0.07563741420562005,0.08814169032571233,0.9219319331927606,0.0017983819413793735,0.0,0.08709470685093376,0.247172529113571,0.0,0.6721424023984499,94,11,0,0,12,39,154
"Broad beans (dry), PROCESS Steaming",0.10616019582839065,3.391627930646005,0.17659088208496962,3.8501476017100584,1.361891885007289,4.889919390355235,5.630699617917724,0.07563741420562005,0.08814169032571233,0.9219319331927606,0.0017983819413793735,0.0,0.08709470685093376,0.247172529113571,0.0,0.6721424023984499,94,18,0,0,12,39,154
Broad beans (without pods),0.262364264467491,3.2015843277581397,0.09790421498137149,3.5715427474093944,1.3755944636975934,4.619354820980048,5.819234753880818,0.11587645738580188,0.15210777819745805,0.9718605830289658,0.0009995003330835331,0.0,0.14965077450440592,0.31626952930369345,0.0,0.5758104738554034,95,0,0,0,12,39,97
"Broad beans (without pods), PROCESS Cooking in water",0.1814878760453772,2.959364629383116,0.07762219818500593,3.1600353248452673,1.073050250617885,4.252568567436995,5.43932077401126,0.07629944666938959,0.07894320234011953,0.7094422630464476,0.002995508979798479,0.0,0.06632264293107258,0.24639121803390018,0.0,0.41305527737484005,95,11,0,0,12,39,97
"Broad beans (without pods), PROCESS Steaming",0.1814878760453772,2.959364629383116,0.07762219818500593,3.1600353248452673,1.073050250617885,4.252568567436995,5.43932077401126,0.07629944666938959,0.07894320234011953,0.7094422630464476,0.002995508979798479,0.0,0.06632264293107258,0.24639121803390018,0.0,0.41305527737484005,95,18,0,0,12,39,97
Broccoli and similar-,0.5306282510621704,4.007333185232471,0.05448818528406973,3.091042453358316,1.0498221244986776,4.351199170878622,5.7374935319985125,0.1503885096909455,0.08931823794819721,0.7175610086489294,0.0003999200213269354,0.0,0.18220250208817676,0.5901172802404013,0.042101176018635396,0.48752775235749457,96,0,0,0,19,9,65
"Broccoli and similar-, PROCESS Baking",0.6418538861723948,3.854696510236428,0.05584008490865093,3.147840051751449,1.0321671892599569,4.334672938290411,5.90963452886035,0.161146559657496,0.1035875162514505,0.6427557350235396,0.0010993954433009636,0.0,0.2455198945725699,0.5381294582933359,0.042101176018635396,0.5193888544264784,96,9,0,0,19,9,65
"Broccoli and similar-, PROCESS Cooking in water",0.5306282510621704,3.9424136391331555,0.07682875725472635,2.856470206220483,0.90479635244842,4.326966857490854,5.733803490911059,0.10744405786120419,0.06257230368402872,0.6700247631390912,0.0005998200719676156,0.0,0.12474288659144332,0.8818649048591378,0.042101176018635396,0.26115474208132,96,11,0,0,19,9,65
"Broccoli and similar-, PROCESS Frying",0.5031965966014996,4.127134385045092,0.06015392281974709,2.9444389791664403,0.9809542451998773,4.204692619390966,5.488937726156687,0.16296882827813966,0.08617769624105233,0.5533102353721461,0.0,0.0,0.23348984336835407,0.5031965966014996,0.042101176018635396,0.3798053613275868,96,14,0,0,19,9,65
"Broccoli and similar-, PROCESS Steaming",0.5306282510621704,3.867623189560007,0.07722555641342782,2.904556392888121,0.9809542451998773,4.328851872186625,5.694693677338321,0.10705907229340779,0.06257230368402872,0.658185954326955,0.0005998200719676156,0.0,0.13228061072286998,0.879958642626752,0.042101176018635396,0.2691543464092371,96,18,0,0,19,9,65
Brussels sprouts,0.33647223662121295,3.5953533961031128,0.0388085403096361,2.849880396541428,0.9230109576322906,4.242353974027276,6.031028607904122,0.13152938995384955,0.10770063259000108,0.5238828629226389,0.0020550298361366594,0.0,0.24462544013010945,0.49956243148727997,0.042101176018635396,0.32621573645402385,97,0,0,0,19,9,87
"Brussels sprouts, PROCESS Baking",0.019802627296179712,3.796131037717978,0.047564924073330996,2.96453641778551,0.7598708126028535,4.188138441508461,5.986810878426635,0.09062389161324612,0.08788004720543373,0.533900203307938,0.0007667060058194197,0.0,0.23382911393988653,0.40118931324537577,0.042101176018635396,0.3363701905983681,97,9,0,0,19,9,87
"Brussels sprouts, PROCESS Cooking in water",0.33647223662121295,3.4636503963087053,0.040341879283377846,2.7343675094195836,0.8285518175661483,4.135166556742356,5.766235489302751,0.08923113372794268,0.0846474740602847,0.47416163939439915,0.005534655498474812,0.0,0.18162687111127615,0.5217655638043249,0.042101176018635396,0.23901690047049992,97,11,0,0,19,9,87
"Brussels sprouts, PROCESS Steaming",0.33647223662121295,3.4965075614664802,0.04497336564273115,2.8903717578961645,0.7514160886839212,4.110873864173311,5.805134968916488,0.08770558041910556,0.0846474740602847,0.5500463369192718,0.005534655498474812,0.0,0.18398683611301583,0.6097655716208943,0.0,0.25593337413720063,97,18,0,0,19,9,87
Buckwheat flour,0.2776317365982795,2.929287174145838,0.580351686414601,4.28588277412098,1.8218035905764316,5.27153328264122,5.831882477283517,0.0940106344622393,0.3095833364048819,1.126783165634806,0.012587115505471423,0.0,0.3179341156223018,0.3357576956833441,0.006975613736425242,1.1720397572229269,98,0,0,0,10,14,22
Buckwheat groats,0.18232155679395465,3.793882763123921,0.6261309257071586,4.804021044733257,2.606231553765013,6.154615419744767,6.464810797850407,0.2502026994282156,0.37717340751605727,2.0697518911323187,0.010939940038334362,0.0,0.4324315563379787,0.6931471805599453,0.006776984279023751,1.727842976812722,99,0,0,0,10,14,24
Buns,0.36255760709688784,4.195194922402041,0.17227122094045322,3.091042453358316,1.239050330938632,4.396093891885317,5.303304908059076,0.06015392281974709,0.09440067542148434,0.7662427356304962,0.0015454718096494602,0.00029995500899797546,0.05464600111332492,0.7605254158898934,0.0009995003330835331,0.406797553341943,100,0,0,0,10,26,210
Butter,0.9820784724121582,2.970414465569701,0.009290046907092652,1.4144652380865868,0.1645454461536921,3.2131451501592156,2.9813435361018916,0.029836156285757535,0.009124907777000575,0.1484200051182733,0.0010443116595676611,0.00029995500899797546,0.004987541511039074,1.1085626195212779,0.00923720535248182,0.09997460909567989,101,0,0,0,2,1,60
Butter and margarine/oil blends,0.0,2.772588722239781,0.0295588022415444,1.0986122886681098,0.09531017980432487,3.2188758248682006,2.772588722239781,0.019802627296179712,0.0,0.18232155679395465,0.0,0.0,0.0,1.3609765531356006,0.0,0.09531017980432487,102,0,0,0,2,24,11
"Butter and margarine/oil blends, QUAL Half fat or medium fat",0.5877866649021191,2.4849066497880004,0.0,0.7592469822644691,0.0,3.713572066704308,3.4965075614664802,0.0,0.0,0.09531017980432487,0.0,0.00029995500899797546,0.0,0.5877866649021191,0.0,0.019900661706336177,102,21,0,0,2,24,11
"Butter and margarine/oil blends, QUAL Low fat (naturally or reduced)",1.791759469228055,2.4849066497880004,0.009950330853168083,0.7592469822644691,0.0,3.713572066704308,3.4965075614664802,0.0,0.0,0.09531017980432487,0.0009995003330835331,0.00029995500899797546,0.0,1.7847852054907187,0.0,0.019900661706336177,102,23,0,0,2,24,11
Butter biscuits,1.6937790608678513,3.1484533605716547,0.0993927438780348,2.8023497694006116,1.0801088171035502,4.412192049005608,4.834958280020969,0.07154516716309571,0.09014534985134592,0.80416665406945,0.004026881219691255,8.332986130400029e-05,0.05053467337404748,0.9686554520800175,0.002995508979798479,0.42395969074432877,103,0,0,0,10,26,9
Butter oil,1.0647107369924282,2.6288008294480694,0.019410393519823325,0.9444616088408514,0.10178269430994231,2.8903717578961645,2.531426665422893,0.0295588022415444,0.0,0.18232155679395465,0.0005998200719676155,0.0,0.0009995003330835331,1.415853163361435,0.007968169649176874,0.12600312620373105,104,0,0,0,2,1,60
Butter sauce,0.0,3.266304518439312,0.05940034328144753,1.6179728148839378,0.1484200051182733,4.01096295328305,3.536394053605739,0.045246477756950974,0.04838191758282707,0.15495035999782264,0.0003999200213269354,0.0006477901386552071,0.046883585898850416,0.27338028774092127,0.0,0.29288281085095297,105,0,0,0,16,56,164
"Butter, QUAL Half fat or medium fat",0.0,3.8430301339411947,0.008959741371471902,1.8458266904983307,0.7016112589720747,4.054679305829669,4.326337728813293,0.009950330853168083,0.0246926125903715,0.07696104113612832,0.000499875041651048,0.00036659946087202566,0.019802627296179712,0.6241543090729939,0.0,0.31481073984003355,101,21,0,0,2,1,60
"Butter, QUAL Low fat (naturally or reduced)",1.0116009116784799,3.9539872045271784,0.008166562666393415,2.043073897508961,0.7488521577199613,4.252568567436995,4.401479060600697,0.036010437523033074,0.023065272930996097,0.07165598890643515,0.000899595242836093,0.00039992002132693534,0.019802627296179712,1.199964782928397,0.0,0.25979686896224524,101,23,0,0,2,1,60
Buttermilk,0.012916225266546327,4.726122796405754,0.00955421280481166,2.6632520582023154,0.6330938241118026,4.5202345751823065,4.993343796986195,0.15333401992070234,0.03260547403456207,0.06453852113757118,0.0012135490656620508,0.00018998195228600757,0.037571001478611456,0.017348638334613004,0.0,0.37156355643248307,106,0,0,0,14,43,17
"Buttermilk, QUAL Fat free",0.0,4.6913478822291435,0.0,2.3978952727983707,0.09531017980432487,4.543294782270004,4.948759890378168,0.1397619423751587,0.019802627296179712,0.05414721807044643,0.0009995003330835331,0.00012999155073226197,0.027615167032973367,0.0,0.0,0.3435897043900769,106,20,0,0,14,43,17
"Buttermilk, QUAL Low fat (naturally or reduced)",0.09531017980432487,4.763394191202986,0.009620243376990556,2.4753371987718498,0.6401983812416544,4.562858987916369,5.022940229286634,0.1546811513472571,0.025249948539032657,0.07696104113612832,0.0015873109836741972,0.00023711474322009971,0.03564289180539732,0.012916225266546327,0.0,0.3626570156162799,106,23,0,0,14,43,17
"Cake marbled, with chocolate",0.0,3.5610460826040513,0.11546924980611413,3.044522437723423,1.1069110914828049,4.9849755473156785,5.186267862739414,0.15939405215025,0.09966432311294532,0.9209200002578173,0.002496880198587199,0.00036593303833814725,0.056002190115284796,1.3478653345001088,0.002995508979798479,0.48044888710727424,107,279,0,0,10,26,18
Camomile infusion,0.039220713153281295,1.3873652161213836,0.014888612493750654,0.7592469822644691,0.0,1.6094379124341003,2.302585092994046,0.003992021269537453,0.009950330853168083,0.07696104113612832,9.999500033330834e-05,0.0,0.0,0.039220713153281295,0.0,0.039220713153281295,108,0,0,0,3,16,88
"Candied fruit, cherry",0.044973365642731154,3.4790398684260895,0.06632264293107258,2.005333569526114,0.1501426584297195,2.553899521274952,4.532599493153256,0.0295588022415444,0.03052920503482287,0.5519127259992332,0.0,0.0,0.01587334915629015,0.044973365642731154,0.0009995003330835331,0.05354076692802982,109,75,0,0,8,53,137
"Candied fruit, mixed fruit",0.0,4.110873864173311,0.0,0.7592469822644691,0.4054651081081644,2.0794415416798357,2.1972245773362196,0.039220713153281295,0.048790164169432,0.9162907318741551,0.0,0.0,0.0,0.0,0.0,0.019900661706336177,109,173,0,0,8,53,137
"Candied fruit, orange peel",0.10616019582839065,4.839677495952616,0.049606157686761354,2.4107986776342782,0.2419372664683091,2.4849066497880004,4.816819357876566,0.05286348955706782,0.05354076692802982,0.6318794948794006,0.006975613736425242,0.0,0.09893994785490355,0.10616019582839065,0.0,0.0416901889589426,109,184,0,0,8,53,137
Canned fruit cocktail,0.4916428043492167,2.401783806538063,0.09893994785490356,1.8895917184650899,0.2834588816074733,2.316769727986002,4.31748811353631,0.02176149178151269,0.020082700116943398,0.2687176651795904,0.00037492970507318265,0.0,0.024553230054777525,0.4210103194436267,0.001998002662673056,0.1179100117215658,110,0,0,0,8,53,137
"Canned fruit cocktail, MEDIUM In diluted sweet liquid-syrup",0.6418538861723948,2.2361399935858928,0.07865713282327652,1.8164520818184264,0.3774574831212609,2.3581549441488563,4.475712118751205,0.027777280999446586,0.028170876966696325,0.2717704368482884,0.00044989878036475215,0.0,0.029142626886990687,0.3798053613275868,0.0009995003330835331,0.15553747288713726,110,7,0,0,8,53,137
"Canned fruit cocktail, MEDIUM In fruit/vegetable juice",0.1604167214059047,2.1316272948504063,0.045246477756950974,1.791759469228055,0.24686007793152576,2.243744592971112,4.21318523943662,0.010798627242225536,0.011363758650315086,0.23269776411902143,9.999500033330834e-05,0.0,0.02315833514315204,0.1380212978973747,0.0009995003330835331,0.058268908123975775,110,8,0,0,8,53,137
Canned meat,0.4054651081081644,3.016934481204594,0.09945741229077115,2.959364629383116,2.092851228589754,5.18658740260473,5.041580097945677,0.1496507745044059,0.2776317365982795,0.9987393342693616,0.012013265189393144,0.0005541321547004863,0.10936676562522472,0.2186534860413449,0.0,1.3953956753662362,111,0,0,0,13,55,20
Canned mushrooms,0.08157998699242289,3.079285296372272,0.20021604667050513,2.6166656393003573,1.300736472758244,4.419012710025747,5.055335473014162,0.1981480357104949,0.031083298413731284,0.5023325163610957,0.0020312689090792114,0.0,0.05719015936780004,0.10285738543970777,0.00025996620585752453,0.4492541252318255,112,0,0,0,19,69,46
"Canned mushrooms, PROCESS Baking",0.09803374027136541,3.713572066704308,0.24137631957526948,3.4339872044851463,1.423108334242607,4.941642422609304,5.288267030694535,0.19062035960864973,0.03052920503482287,0.9939922395380071,0.0,0.0,0.08065790301745447,0.09803374027136542,0.017839918128331,0.5590441960364649,112,9,0,0,19,69,46
"Canned mushrooms, PROCESS Cooking in water",0.09531017980432487,3.2358734012367716,0.2248563693178845,2.5084371471981943,1.1749558552554433,4.449351449060136,4.8317364445798034,0.19121050421120064,0.018401085370891267,0.6423800635062922,0.001998002662673056,0.0,0.04851801829756591,0.09075436326846416,0.00025996620585752453,0.5003422937511454,112,11,0,0,19,69,46
"Canned mushrooms, PROCESS Steaming",0.09531017980432487,3.567518597109669,0.23224486556055537,3.0845277723371223,1.51248638635765,4.647134385087123,5.231872267139884,0.1885521065445907,0.02844861617137019,0.7902090719744891,0.001998002662673056,0.0,0.08026246374518226,0.23269776411902143,0.00025996620585752453,0.5574092737398124,112,18,0,0,19,69,46
Canned or jarred apple,0.009950330853168083,2.243744592971112,0.031221773799952696,1.75539182505718,0.13690071009412652,2.164963715117998,4.321290399486049,0.009525912653403962,0.011787397716172255,0.23744085601503415,3.099951950993011e-05,0.0,0.023437469827448765,0.3107147715623536,0.004987541511039074,0.03935806635726072,113,0,0,0,8,53,137
"Canned or jarred apple, MEDIUM In diluted sweet liquid-syrup",0.18232155679395465,1.8779371654691073,0.0470198906765439,1.488077055429833,0.1462007957251855,2.319582669362617,4.096722684627069,0.012916225266546327,0.007117467768863981,0.15871169115482087,0.00021197753117553777,0.0,0.01615452447095015,0.23301467110947277,0.002995508979798479,0.0676586484738148,113,7,0,0,8,53,137
"Canned or jarred apple, MEDIUM In fruit/vegetable juice",0.24529635595534308,1.791759469228055,0.03052920503482287,1.3862943611198906,0.13540463700620295,1.9459101490553132,4.007333185232471,0.003992021269537453,0.004987541511039074,0.15357908792830066,0.0,0.0,0.017839918128331,0.24529635595534308,0.002995508979798479,0.0246926125903715,113,8,0,0,8,53,137
Canned or jarred apricot,0.40212620684264977,2.8903717578961645,0.04333312470637383,2.2253954543029155,0.4700036292457356,2.4849066497880004,5.056245805348308,0.015592094759836205,0.015592094759836205,0.33647223662121295,0.00019998000266626675,0.0,0.05286348955706782,0.4893159402781084,0.004987541511039074,0.14595391262307977,114,0,0,0,8,53,137
"Canned or jarred apricot, MEDIUM In diluted sweet liquid-syrup",0.09531017980432487,3.0693809565771364,0.05475871145912687,2.0319005969108357,0.35627486391739266,2.3978952727983707,5.017279836814924,0.01587334915629015,0.01460708096035961,0.2690451939777583,0.00014998875112487347,0.0,0.05259245011917058,0.5724473953221605,0.001998002662673056,0.14100340746322362,114,7,0,0,8,53,137
"Canned or jarred apricot, MEDIUM In fruit/vegetable juice",0.636576829071551,2.597384633214691,0.06832598249924772,2.0243817644968085,0.3760853374585557,2.597384633214691,4.933445655405126,0.01924224622239495,0.016857117066422903,0.32446162157408076,0.00019998000266626675,0.0,0.04360668509653558,0.3396101653121401,0.001998002662673056,0.08355302281828117,114,8,0,0,8,53,137
Canned or jarred chickpea,0.0,4.487029943683866,0.13665151996076624,4.9028025892930405,2.059293497591287,5.629161550452247,5.673323267171493,0.14273887337543578,0.3052763808527321,1.2911984440739472,0.006947240515069651,0.0,0.2359751587009476,0.858237800425538,0.042101176018635396,1.2800207302865645,115,0,0,0,12,54,19
Canned or jarred common beans,0.4700036292457356,3.80348283685294,0.1482968448249961,3.567518597109669,0.9160621343191535,4.873013916220208,5.679684923077141,0.04892620933663727,0.11013481481812662,1.044508029674909,0.004563855464587404,0.0,0.09244894752329265,0.11671579969596077,0.042101176018635396,0.49886870964190766,116,0,0,0,12,54,19
Canned or jarred cranberry,0.8505781885087736,2.995732273553991,0.4799539600989036,1.791759469228055,0.39406706315579504,3.2188758248682006,4.330733340286331,0.020782539182528502,0.009950330853168083,1.5467110825257953,0.0,0.0,0.020782539182528502,0.8505781885087736,0.007968169649176874,0.16296882827813966,117,0,0,0,8,53,137
"Canned or jarred cranberry, MEDIUM In diluted sweet liquid-syrup",0.0295588022415444,2.47100088747207,0.23258455870768185,1.9042374526547452,0.31491500969050074,2.6692103677859462,4.31748811353631,0.015592094759836205,0.039220713153281295,1.2809338454620642,0.0005998200719676155,0.0,0.04059339696525348,0.5218842511227243,0.004987541511039074,0.09453065527479008,117,7,0,0,8,53,137
"Canned or jarred cranberry, MEDIUM In fruit/vegetable juice",0.6146449524049877,2.5649493574615367,0.3293037471426004,1.6094379124341003,0.3646431135879093,2.833213344056216,4.0943445622221,0.019802627296179712,0.009950330853168083,1.2809338454620642,0.0,0.0,0.019802627296179712,0.6146449524049877,0.004987541511039074,0.10616019582839065,117,8,0,0,8,53,137
Canned or jarred lentils,0.2499802052677694,3.1898882879949486,0.15895544496468103,3.2819847531961774,0.8355144218468672,4.451019506160833,5.19295685089021,0.04059339696525348,0.056920290252682214,1.0581870408303053,0.002967022603406061,0.0,0.06872616925840698,0.20506104376344403,0.004987541511039074,0.5855619698800079,118,0,0,0,12,54,19
Canned or jarred mandarin,0.07696104113612832,3.0713696877596113,0.05164323315183845,2.2129729343043585,0.19356760606858206,2.597384633214691,4.311757438827326,0.0200827001169434,0.041690188958942595,0.25442070989997595,0.00019998000266626675,0.0,0.018401085370891267,0.25696509978972043,0.002995508979798479,0.10731574580611059,119,0,0,0,8,53,137
"Canned or jarred mandarin, MEDIUM In diluted sweet liquid-syrup",0.16720791898390647,3.002849741322855,0.032467190137501496,1.9859154836690125,0.12196475625305717,2.4107986776342782,4.152164133110927,0.012069724087330452,0.034401426717332394,0.17695001299204374,0.0,0.0,0.015592094759836205,0.1672079189839065,0.001998002662673056,0.05556985115481077,119,7,0,0,8,53,137
"Canned or jarred mandarin, MEDIUM In fruit/vegetable juice",0.16720791898390647,3.002849741322855,0.032467190137501496,2.0614230361771577,0.19709287411426715,2.531426665422893,4.302132725453116,0.012069724087330452,0.039907290591854855,0.24630188645736178,0.0,0.0,0.015592094759836205,0.16720791898390647,0.001998002662673056,0.050149783685471565,119,8,0,0,8,53,137
Canned or jarred mixed fruit,0.22074066669789938,2.531426665422893,0.07819484758505679,1.8971199848858813,0.2274770054670505,2.2129729343043585,4.2152971726397634,0.009950330853168083,0.0119285708652738,0.25309062768216184,0.0,0.0,0.015310761237091594,0.4210103194436267,0.001998002662673056,0.06792563552652878,120,0,0,0,8,53,137
"Canned or jarred mixed fruit, MEDIUM In diluted sweet liquid-syrup",0.1604167214059047,2.2114092123281757,0.06391332574365279,1.6650077635889111,0.3466246080852309,2.243744592971112,4.403228842324484,0.012916225266546327,0.015592094759836205,0.2358623237219844,0.000499875041651048,0.0,0.025249948539032657,0.32901593594475814,0.0009995003330835331,0.06310892832797675,120,7,0,0,8,53,137
"Canned or jarred mixed fruit, MEDIUM In fruit/vegetable juice",0.1604167214059047,2.1484344131667874,0.045246477756950974,1.791759469228055,0.2689360296307256,2.2735975561207935,4.429114670772783,0.013621095951965064,0.012775191488722826,0.23269776411902143,9.999500033330834e-05,0.0,0.02315833514315204,0.1380212978973747,0.0009995003330835331,0.058268908123975775,120,8,0,0,8,53,137
Canned or jarred peach,0.7884573603642702,1.3873652161213836,0.07696104113612832,1.8382794848629478,0.5382462193419828,2.436116485618568,4.706952880298034,0.01755921637210191,0.009950330853168083,0.2771987424369356,0.0003999200213269354,0.0,0.01924224622239495,0.6289286082332942,0.001998002662673056,0.13102826240640408,121,0,0,0,8,53,137
"Canned or jarred peach, MEDIUM In diluted sweet liquid-syrup",1.0986122886681098,1.455287232606842,0.039220713153281295,1.8827312474337816,0.5147038081636425,2.472930458741285,4.652598879559203,0.01587334915629015,0.010233176280029009,0.21787254105827347,0.0002856734771606279,0.0,0.018541327990853257,0.4369637751675354,0.0009995003330835331,0.17730901497041035,121,7,0,0,8,53,137
"Canned or jarred peach, MEDIUM In fruit/vegetable juice",0.4350239103497088,1.742969305058623,0.039220713153281295,1.8827312474337816,0.4252677354043441,2.659260036932778,4.715944591489998,0.018401085370891267,0.011363758650315086,0.23111172096338659,0.0,0.0,0.013480161556692676,0.4350239103497088,0.0009995003330835331,0.08157998699242287,121,8,0,0,8,53,137
Canned or jarred pear,0.18232155679395465,2.4107986776342782,0.08617769624105233,1.8152899666382492,0.14162356252185887,2.344549292093078,4.288500576663059,0.019802627296179712,0.009950330853168083,0.2842117722050166,0.00019998000266626675,0.0,0.012493064247466518,0.33045416429564994,0.0,0.08683278961528246,122,0,0,0,8,53,137
"Canned or jarred pear, MEDIUM In diluted sweet liquid-syrup",0.636576829071551,2.2735975561207935,0.059346494435146065,1.8827312474337816,0.32539065389896604,2.302585092994046,4.469186810116282,0.018167303955448955,0.011646204634398685,0.284104251103897,0.00019998000266626675,0.0,0.026363689430992262,0.2844267797311083,0.0,0.08840326500677478,122,7,0,0,8,53,137
"Canned or jarred pear, MEDIUM In fruit/vegetable juice",0.21913552991667093,2.043073897508961,0.06765864847381481,1.6650077635889111,0.1397619423751587,2.2587824703356527,4.256625368132609,0.016997576368571094,0.009950330853168083,0.2947995402206449,0.0,0.0,0.015592094759836205,0.21913552991667096,0.0,0.07364868302314548,122,8,0,0,8,53,137
Canned or jarred peas,0.03970136685155207,3.398336149381123,0.11205236094739844,2.9740707767728116,1.0764640554450988,4.211280678496927,4.768260380854159,0.061632517080659,0.10049153854632245,0.9310385885087107,0.0008282283527607698,0.0,0.05597517440564799,0.17914986562831958,0.030645590114387066,0.5238828629226389,123,0,0,0,12,54,19
Canned or jarred pineapple,0.06297479916138844,2.717528945056754,0.08311490671050659,2.782951509275328,0.24014112768278084,2.2881963555419462,4.72231809936209,0.019802627296179712,0.06632264293107258,0.249312425610233,0.00019998000266626675,0.0,0.07112393249590558,0.0883771106174129,0.0,0.09531017980432485,124,0,0,0,8,53,137
"Canned or jarred pineapple, MEDIUM In diluted sweet liquid-syrup",0.09531017980432487,2.6026896854443837,0.05123614989769241,2.6121684293989276,0.27513945595621386,2.3608540011180215,4.58787868887803,0.014724395398382023,0.06257230368402872,0.2295231582782488,0.0002499687552073569,0.0,0.06485097231961631,0.06989912737966716,0.0,0.07099087414962452,124,7,0,0,8,53,137
"Canned or jarred pineapple, MEDIUM In fruit/vegetable juice",0.09531017980432487,2.618438042412523,0.06230388333615485,2.6288008294480694,0.249312425610233,2.243744592971112,4.507714849837378,0.01122250573673889,0.06391332574365279,0.28721767892351063,0.0,0.0,0.06310892832797675,0.05221287144693424,0.0,0.07841501006585629,124,8,0,0,8,53,137
Canned or jarred plum,0.5692831933375594,2.70805020110221,0.08683278961528246,2.302585092994046,0.3378997886123984,2.9368917735310576,4.873013916220208,0.02259983191724094,0.02329791222482187,0.7661320733164343,0.0,0.0,0.019802627296179712,0.45755142130649584,0.005982071677547464,0.11841775481447446,125,0,0,0,8,53,137
"Canned or jarred plum, MEDIUM In diluted sweet liquid-syrup",0.039220713153281295,2.423537703411708,0.0596157096743545,1.9661128563728327,0.3703805909948443,2.7343675094195836,4.680807600193711,0.021901263953100925,0.02259983191724094,0.5956918444092323,0.00029995500899797546,0.0,0.019102101873486436,0.33632936927330226,0.003992021269537453,0.08289577665594287,125,7,0,0,8,53,137
"Canned or jarred plum, MEDIUM In fruit/vegetable juice",0.39406706315579504,2.3978952727983707,0.06765864847381481,2.0794415416798357,0.3293037471426004,2.70805020110221,4.77912349311153,0.026641930946421175,0.027615167032973367,0.7419373447293773,0.0,0.0,0.018821754240587758,0.39406706315579504,0.003992021269537453,0.08892620919440151,125,8,0,0,8,53,137
Canned or jarred sour cherry,0.11243542932978817,2.3978952727983707,0.08892620919440151,2.1972245773362196,0.27002713721306015,2.8903717578961645,4.219507705176107,0.025667746748577788,0.022739486969489426,0.40479821912046066,0.0,0.0,0.022739486969489426,0.11243542932978817,0.0,0.4510756193602166,126,0,0,0,8,53,137
"Canned or jarred sour cherry, MEDIUM In diluted sweet liquid-syrup",1.791759469228055,1.9033860264645277,0.050285644021255564,1.826850789039325,0.3477351023692581,2.676117153999201,4.553876891600541,0.0246926125903715,0.016716638032687626,0.23224486556055532,0.00015598783326532396,0.0,0.020502662326517422,0.7319832043451434,0.0,0.28946619424528236,126,7,0,0,8,53,137
"Canned or jarred sour cherry, MEDIUM In fruit/vegetable juice",0.07138999608667293,1.9459101490553132,0.05638033343610764,1.791759469228055,0.22554067591393126,2.4849066497880004,3.970291913552122,0.0246926125903715,0.02176149178151269,0.2963940130538025,0.0,0.0,0.02176149178151269,0.07138999608667293,0.0,0.3038014543316642,126,8,0,0,8,53,137
Canned or jarred sweet cherry,0.11332868530700317,2.8982769374032777,0.07828291839404411,2.4485390056171252,0.2245140403363934,2.9444389791664403,4.90209512552105,0.016295082486502386,0.018401085370891267,0.24964637118020908,0.0009995003330835331,0.0,0.07431203296455141,0.10616019582839066,0.001998002662673056,0.0643152819358404,127,0,0,0,8,53,137
"Canned or jarred sweet cherry, MEDIUM In diluted sweet liquid-syrup",0.07138999608667293,2.597384633214691,0.05205015075663947,2.1972245773362196,0.21107097007994055,2.7545702167371027,4.763394191202986,0.01615452447095015,0.018541327990853257,0.21658878234353546,0.0007996801705643322,0.0,0.09231869679044816,0.060906934903521386,0.0009995003330835331,0.04401688541677433,127,7,0,0,8,53,137
"Canned or jarred sweet cherry, MEDIUM In fruit/vegetable juice",0.039220713153281295,2.5199979695992702,0.05638033343610764,2.1972245773362196,0.1806534996932576,2.8179717280875987,4.68213122712422,0.017839918128331,0.016857117066422903,0.19638881400539013,0.00029995500899797546,0.0,0.018821754240587758,0.06503839617922222,0.0009995003330835331,0.04401688541677433,127,8,0,0,8,53,137
Canned/jarred fish in brine-deprecated,0.0,4.320151230955794,0.13015068446504507,3.031099417391282,2.358719649537616,5.159055299214529,5.66411721826377,0.1504868332739361,0.029170377299779855,0.7897292784061894,0.03324133377980188,0.004565561942919538,0.20977458357525539,0.7986326884059226,0.0009995003330835331,0.49701063473226254,128,0,0,0,6,28,150
"Canned/jarred fish in brine-deprecated, RACSOURCE Atlantic salmon",0.0,4.204692619390966,0.006975613736425242,3.4339872044851463,2.537499099907171,5.659482215759621,5.707110264748875,0.17395330712343804,0.048790164169432,0.5877866649021191,0.025667746748577788,0.0035935355101301704,0.4114471797857118,1.1672050801337215,0.0,0.019900661706336177,128,28,0,0,6,28,150
Canned/jarred fish in oil-deprecated,0.6418538861723948,4.394449154672439,0.1458304482115395,3.570739211809711,2.606231553765013,5.5936486802457175,5.851791886461377,0.11854465031619921,0.03578073728083786,1.2478119569293473,0.03536714383729131,0.007259301681590226,0.3061182203215801,1.0152306797290584,0.0009995003330835331,0.9111920413291481,129,0,0,0,6,28,150
"Canned/jarred fish in vinegar, pickles or sauces-deprecated",0.7884573603642702,3.8765438553183866,0.09309994683018458,3.4648426468225115,2.422993251427153,5.18658740260473,5.636319045221148,0.141871516899524,0.04608810419275497,0.829985598941964,0.03536714383729131,0.0075996210178489055,0.23269776411902143,1.2662901103907975,0.001998002662673056,0.8168807307043568,130,199,0,0,6,28,150
Canned/jarred smoked fish in oil-deprecated,0.9126842362800434,3.7776749528970677,0.08329017618777587,3.7342624599617538,1.9607987615490639,5.4924733809889945,5.855481171236173,0.11205236094739844,0.0394954006979284,0.7840319984629953,0.03478782548566393,0.004959111824758746,0.31501926866989977,0.9126842362800434,0.0,0.5092243423990168,131,0,0,0,6,28,150
Capers buds,0.0,3.580737295494233,0.27345636518779887,3.4011973816621555,0.5805382361772911,2.691243082785829,4.58700621536042,0.11555834063427231,0.02322812611920717,0.8276780735175514,0.0010494491355713784,0.0,0.03970136685155207,0.6981347220709844,0.0,0.24294617861038947,132,0,0,0,12,60,180
Carambolas,1.0296194171811581,2.243744592971112,0.11358375481482659,2.2881963555419462,0.41192041816471087,2.7990219793079367,5.146663566919366,0.024553230054777525,0.02983615628575753,0.3344293349914127,0.0008853222722738525,0.0,0.027893060601525653,0.2836740510542421,0.0,0.0880108773227133,133,0,0,0,8,33,116
"Caramel, hard",0.0,4.0312864262549635,0.033711057342311695,2.553899521274952,0.11064652008706366,2.5649493574615367,4.558078578454241,0.0,0.0,0.38299225225610584,0.0009995003330835331,0.0,0.0,0.18232155679395465,0.0,0.12095261041766252,134,144,0,0,18,19,189
"Caramel, hard, QUAL Low / Reduced sugar",0.0,3.3011139231051727,0.004987541511039074,2.302585092994046,0.016857117066422903,1.6094379124341003,4.1340230460402765,0.0,0.0,0.7419373447293773,0.0,0.0,0.0009995003330835331,0.0,0.0,0.04059339696525347,134,144,10,0,18,19,189
"Caramel, hard, QUAL Sugar free",0.0,1.3873652161213836,0.004987541511039074,0.7592469822644691,0.016857117066422903,1.6094379124341003,2.1972245773362196,0.0,0.0,0.05414721807044643,0.0,0.0,0.0009995003330835331,0.0,0.0,0.019900661706336177,134,144,15,0,18,19,189
"Caramel, soft",0.0,4.177459468932607,0.2557490253487718,2.6790626642289577,0.39589565709201363,3.8729851327013924,4.558078578454241,0.0,0.0,0.5798184952529422,0.000699755114273342,0.0,0.0,0.18232155679395465,0.0,0.19062035960864976,134,247,0,0,18,19,189
"Caramel, soft, QUAL Low / Reduced sugar",0.0,1.3873652161213836,0.004987541511039074,0.7592469822644691,0.016857117066422903,1.6094379124341003,2.1972245773362196,0.0,0.0,0.05414721807044643,0.0,0.0,0.0009995003330835331,0.0,0.0,0.019900661706336177,134,247,10,0,18,19,189
"Caramel, soft, QUAL Sugar free",0.0,1.3873652161213836,0.004987541511039074,0.7592469822644691,0.016857117066422903,1.6094379124341003,2.1972245773362196,0.0,0.0,0.05414721807044643,0.0,0.0,0.0009995003330835331,0.0,0.0,0.019900661706336177,134,247,15,0,18,19,189
Caraway fruit,0.0,6.025658913052238,0.6261309257071586,4.9185200051884514,2.25831967669603,6.154615419744767,6.5245058508019955,0.310945092232558,0.37244986305409455,2.1550789558854557,0.005186526687300062,0.0,0.23676464726617485,1.0577902941478545,0.0,1.727842976812722,135,0,0,0,12,60,177
Carbohydrate-electrolyte solutions for sports people,0.15871169115482087,2.302585092994046,0.020782539182528502,1.519825753744413,0.09712671073072274,1.6094379124341003,3.18398856586776,0.001998002662673056,0.002995508979798479,0.07973496801885356,0.0,0.0,0.011928570865273802,0.15871169115482087,0.001998002662673056,0.019900661706336177,136,0,0,0,15,32,67
Cardamom fruit,0.0,4.875197323201151,0.6261309257071586,4.9185200051884514,1.4625607165733405,5.14166355650266,6.5245058508019955,0.16551443847757338,0.18232155679395465,2.1550789558854557,0.0,0.0,0.18232155679395465,0.0,0.0,1.2809338454620642,137,0,0,0,12,60,177
Cardoons,0.17395330712343804,4.091960770866824,0.17659088208496962,3.380994674344636,0.8891250638013856,4.415046845702015,5.8805329864007,0.022320463288520755,0.08486622064324159,0.7002646483288093,0.00019998000266626675,0.0,0.07125697314001853,0.17395330712343804,0.0,0.33912178469114324,138,0,0,0,19,12,203
"Cardoons, PROCESS Cooking in water",0.1914464645709552,4.04305126783455,0.2911759617060367,2.8903717578961645,0.7811580578826586,4.875197323201151,5.2832037287379885,0.008959741371471902,0.09621885774054292,0.8113745619245951,0.0,0.0,0.06765864847381481,0.1914464645709552,0.0,0.33289441527332897,138,11,0,0,19,12,203
"Cardoons, PROCESS Steaming",0.1914464645709552,4.04305126783455,0.2911759617060367,2.8903717578961645,0.7811580578826586,4.875197323201151,5.2832037287379885,0.008959741371471902,0.09621885774054292,0.8113745619245951,0.0,0.0,0.06765864847381481,0.1914464645709552,0.0,0.33289441527332897,138,18,0,0,19,12,203
Carps,0.4054651081081644,4.1340230460402765,0.08342160813907239,4.02535169073515,1.8562979903656263,5.5254529391317835,5.952500943756285,0.049878007627269315,0.06605522749960868,0.5555258026838975,0.0,0.0014988761237358919,0.1397619423751587,0.4054651081081644,0.002995508979798479,0.5521594872589678,139,0,0,0,6,27,74
"Carps, PROCESS Baking",0.44468582126144574,4.147659620989822,0.12171181581918045,3.8255309740747023,1.8484548129046001,5.762051382780177,5.9364047699249545,0.05042148590151608,0.054217585904797104,0.6755649435147064,0.019998686506689126,0.0015559317672677092,0.17130875695855258,0.4712528486461675,0.002995508979798479,0.7136498428864627,139,9,0,0,6,27,74
"Carps, PROCESS Cooking in water",0.4485245975686113,4.430816798843313,0.09440067542148432,4.0943445622221,1.7119945007591924,5.6131281063880705,5.934894195619588,0.045928931888399804,0.06203539091945264,0.5335651107354801,0.0,0.0014988761237358919,0.1239859797809912,0.4485245975686113,0.002995508979798479,0.6559643894322295,139,11,0,0,6,27,74
"Carps, PROCESS Frying",0.4517123592734841,4.406719247264253,0.09621885774054292,4.127134385045092,1.8906994170829585,5.641907070938114,6.0330862217988015,0.05638033343610764,0.06485097231961633,0.5463857991645416,0.0,0.0016985566355814771,0.13714983814723364,0.4517123592734841,0.002995508979798479,0.6423800635062922,139,14,0,0,6,27,74
"Carps, PROCESS Steaming",0.4485245975686113,4.430816798843313,0.09440067542148432,4.0943445622221,1.7119945007591924,5.6131281063880705,5.934894195619588,0.045928931888399804,0.06203539091945264,0.5335651107354801,0.0,0.0014988761237358919,0.1239859797809912,0.4485245975686113,0.002995508979798479,0.6559643894322295,139,18,0,0,6,27,74
Carrots,0.357674444271816,3.386808644210056,0.06109509935981088,2.4336133554004498,0.5717863235556779,3.3872916193462252,5.595772950826798,0.03591856375752218,0.059481111114355875,0.32611263835609244,0.000699755114273342,0.0,0.10641710013295069,0.41923651219208236,0.015545211335462298,0.489105731119222,140,0,0,0,19,48,124
"Carrots, PROCESS Baking",0.39339252687389514,3.1780538303479458,0.07510747248680541,2.6390573296152584,0.5805382361772911,3.6888794541139363,5.966146739123692,0.014888612493750654,0.10345870836822998,0.3293037471426004,0.0009995003330835331,0.0,0.1527210870176639,0.3933925268738952,0.01587334915629015,0.43178241642553783,140,9,0,0,19,48,124
"Carrots, PROCESS Cooking in water",0.33647223662121295,3.3074098515619874,0.04045621334476259,2.250389135689781,0.5176877397864357,3.3544052201553964,5.411008093300707,0.033711057342311695,0.04333312470637383,0.3796099152212283,0.0005998200719676155,0.0,0.07881118042428976,0.45641167572626856,0.01587334915629015,0.23009079182927944,140,11,0,0,19,48,124
"Carrots, PROCESS Frying",0.0,4.403753180359743,0.1811303714238015,3.0936364885353624,0.8166282373309665,4.205758149593004,6.189143759556257,0.048313860278550634,0.11230775617289596,0.7059223720486681,0.00034279838077788747,0.0,0.15895544496468103,0.3506568716131694,0.0,0.7460106701170132,140,14,0,0,19,48,124
"Carrots, PROCESS Steaming",0.33647223662121295,3.5347287742866778,0.061498189724691024,2.436116485618568,0.536827483447847,3.463948592225631,5.582421617651933,0.03536714383729131,0.06015392281974709,0.33494045179272625,0.000633132862416588,0.0,0.09296978086839974,0.42500626331499985,0.014888612493750654,0.2691543464092371,140,18,0,0,19,48,124
Cashew nuts,0.6418538861723948,3.7376696182833684,0.6261309257071586,4.9185200051884514,2.0454414629830393,6.154615419744767,6.459680865779622,0.16187586563366513,0.32415175223317233,1.980410161073657,0.022320463288520755,0.0,0.3641469587774334,1.423397449071393,0.0,1.727842976812722,141,0,0,0,12,49,195
"Cashew nuts, PROCESS Baking",1.791759469228055,3.7578723256008875,0.6261309257071586,4.9185200051884514,2.1380641608255977,6.152428697133743,6.359326680437279,0.16248321457429035,0.3100025357403017,1.8718021769015913,0.001998002662673056,0.0,0.2937351441648583,0.7523590401917915,0.0,1.727842976812722,141,9,0,0,12,49,195
"Cashew nuts, PROCESS Cooking in water",1.791759469228055,3.5263605246161616,0.6261309257071586,4.9185200051884514,2.0141027003714957,6.137727054086234,6.274762021241939,0.1292723357041392,0.32714314133269456,1.8852498123153938,0.0,0.0,0.3220834991691133,1.7847852054907187,0.0,1.727842976812722,141,11,0,0,12,49,195
"Cashew nuts, PROCESS Steaming",1.791759469228055,3.6635616461296463,0.6261309257071586,4.9185200051884514,2.044461822783809,6.154615419744767,6.5245058508019955,0.16551443847757338,0.37717340751605727,2.00458328813541,0.0,0.0,0.35417181372061385,1.7847852054907187,0.0,1.727842976812722,141,18,0,0,12,49,195
Cassava roots,0.0,3.367295829986474,0.13102826240640408,3.978345648359219,0.6418538861723948,3.633819676930909,5.831882477283517,0.026781022677642013,0.05826890812397577,0.6823750835780341,0.0,0.0,0.2067818543641153,0.0,0.0,0.44742930720719654,142,0,0,0,17,62,160
"Cassava roots, PROCESS Baking",0.0,3.377099830083095,0.12789051273443688,3.978345648359219,0.6043159668533294,3.630038954091003,5.775881627762223,0.02538923400481951,0.04674726253963173,0.6722153445189096,0.0,0.0,0.15700374880966478,0.0,0.0,0.4574248470388755,142,9,0,0,17,62,160
"Cassava roots, PROCESS Cooking in water",0.0,3.3573947590037623,0.12411217070803102,3.8918202981106265,0.5692831933375594,3.633819676930909,5.633257818340763,0.024692612590371497,0.04470017891790689,0.6652619770704097,0.0,0.0,0.14496577025018573,0.0,0.0,0.3735320610051553,142,11,0,0,17,62,160
"Cassava roots, PROCESS Steaming",0.0,3.3623575483458916,0.12411217070803102,3.903414630891546,0.5692831933375594,3.6186102582673803,5.673323267171493,0.024692612590371497,0.04470017891790689,0.6652619770704097,0.0,0.0,0.14496577025018573,0.0,0.0,0.4215259162583487,142,18,0,0,17,62,160
Cassia buds,0.0,5.707110264748875,0.6261309257071586,4.9185200051884514,1.312916891315115,4.61512051684126,6.5245058508019955,0.18232155679395465,0.09531017980432487,2.1550789558854557,0.0,0.0,0.0,0.0,0.0,1.0986122886681098,143,0,0,0,12,60,180
Catfishes (freshwater),0.0,3.152736022363656,0.0934903430873389,3.7932394694381792,1.7914260803268174,5.081404364984463,5.889985378158128,0.04018178963283184,0.0934903430873389,0.8241754429663494,0.03536714383729131,0.0020977980821461294,0.22633844221072896,0.7884573603642702,0.0,0.37843643572024505,144,0,0,0,6,27,74
"Catfishes (freshwater), PROCESS Baking",0.0,3.4965075614664802,0.11955923505763925,4.110873864173311,1.7852382522377896,5.14166355650266,6.100318952020064,0.032467190137501496,0.038258712117090345,0.4824261492442927,0.0,0.0022973590486834897,0.1697427745870945,0.4498009219282161,0.0,0.396760667478018,144,9,0,0,6,27,74
"Catfishes (freshwater), PROCESS Cooking in water",0.0,3.288401887516811,0.09857756336099396,3.9396381724611196,1.9724407926855916,5.287256419188612,5.975335165178098,0.05429877340737881,0.10921308497331628,0.475985700923283,0.0,0.0025766775134498984,0.257583624627748,0.8992666408683598,0.0,0.5006540684444943,144,11,0,0,6,27,74
"Catfishes (freshwater), PROCESS Frying",0.0,3.4965075614664802,0.11955923505763925,4.110873864173311,1.7852382522377896,5.14166355650266,6.100318952020064,0.032467190137501496,0.038258712117090345,0.4824261492442927,0.0,0.0022973590486834897,0.1697427745870945,0.4498009219282161,0.0,0.396760667478018,144,14,0,0,6,27,74
"Catfishes (freshwater), PROCESS Steaming",0.0,3.288401887516811,0.09857756336099396,3.9396381724611196,1.9724407926855916,5.287256419188612,5.975335165178098,0.05429877340737881,0.10921308497331628,0.475985700923283,0.0,0.0025766775134498984,0.257583624627748,0.8992666408683598,0.0,0.5006540684444943,144,18,0,0,6,27,74
Cauliflowers,0.07232066157962613,3.2868014603947295,0.05191452995220022,2.8273136219290276,0.9436279280922739,3.983146937924052,5.767427739816557,0.06779215091043256,0.08918757877247073,0.43345078274078197,0.0005665061717396657,0.0,0.1768303170196703,0.13889199886661863,0.02844861617137019,0.3735320610051553,145,0,0,0,19,9,65
"Cauliflowers, PROCESS Baking",0.06765864847381481,3.520038058876674,0.0546234575196497,2.921624301400269,0.7299611536826616,3.8388376844239924,5.714675312647943,0.07351596021453602,0.0747098318161805,0.41437765406702165,0.0009995003330835331,0.0,0.1633328838613123,0.07287864541257257,0.0265028198659993,0.311154428636923,145,9,0,0,19,9,65
"Cauliflowers, PROCESS Cooking in water",0.09531017980432487,3.2013905105271814,0.04656546914732086,2.418885548690206,0.7677907235557111,3.7689221617874726,5.268716896771746,0.05259245011917058,0.05575001510449187,0.32930374714260036,0.0015987213636970278,0.0,0.12985798725821376,0.08415730800672333,0.0265028198659993,0.256320396008767,145,11,0,0,19,9,65
"Cauliflowers, PROCESS Steaming",0.09531017980432487,3.2013905105271814,0.04720160148429416,2.490446830163616,0.7926153705129338,3.8066624897703196,5.354224998486333,0.05448818528406973,0.05385667279071072,0.3386128011203239,0.0015987213636970278,0.0,0.13845674314701586,0.08525984395082342,0.0265028198659993,0.2630050847393404,145,18,0,0,19,9,65
Ceasar salad,0.7884573603642702,3.039749158970765,0.05760831262031336,3.100092288878234,1.33500106673234,4.420044701861403,5.777032936395794,0.08617769624105233,0.08617769624105233,0.5306282510621704,0.003992021269537453,0.00019998000266626675,0.19062035960864973,0.7884573603642702,0.0,0.4700036292457356,146,0,0,0,4,59,161
Celeriacs,0.5877866649021191,3.89094527982525,0.0782829183940441,2.7672171784378703,0.7554510638961002,4.32280727501391,6.03034179469031,0.07999875066348518,0.06819255131618233,0.47729838626247106,0.0008567757199817669,0.0,0.14928170271575444,0.4073300347176768,0.04018178963283184,0.2988339442488825,147,0,0,0,19,48,124
"Celeriacs, PROCESS Baking",0.4382549309311553,4.02535169073515,0.12221763272424921,2.772588722239781,0.7988576349820595,4.343805421853684,6.1224928095143865,0.07045846364856141,0.03536714383729131,0.3947411447451887,0.0,0.0,0.1806534996932576,0.4382549309311553,0.042101176018635396,0.36325325929885494,147,9,0,0,19,48,124
"Celeriacs, PROCESS Cooking in water",0.40011750178156913,3.8236600661388906,0.06498485008941263,2.344549292093078,0.6358206853682269,3.999510459551262,5.575949103146316,0.03839619750948399,0.04401688541677433,0.4068926600993498,0.0024256272148383603,0.0,0.09582952544051114,0.31801727224785387,0.039220713153281295,0.18967540324256243,147,11,0,0,19,48,124
"Celeriacs, PROCESS Steaming",0.1397619423751587,3.6959969218828004,0.0692595026043823,2.6888188391743224,0.8211633924963576,4.263886392369656,5.915046215821076,0.04251199423735404,0.053676167375058155,0.4659776788291825,0.000983801622732266,0.0,0.09790421498137149,0.3837646811288254,0.042101176018635396,0.16986332187191291,147,18,0,0,19,48,124
Celeries,0.22314355131420976,4.050541939563708,0.04223813417813182,2.503775134092383,0.5360755723050233,3.5630732472958204,5.649477129798659,0.08381580037858975,0.04824579834216226,0.3172062000283658,0.002014635924206527,0.0,0.07749000174089778,0.19983398187858573,0.02858745685191256,0.2808732305224505,148,0,0,0,19,12,203
"Celeries, PROCESS Cooking in water",0.20130685670503531,4.255815323535865,0.041827203414181946,2.243744592971112,0.5145330285543126,3.6186102582673803,5.478851612767896,0.05813412815207553,0.04620178318613623,0.2615947376884625,0.0027106086929711243,0.0,0.06324303950634445,0.2123656781423313,0.03149866705937099,0.22918242342345577,148,11,0,0,19,12,203
"Celeries, PROCESS Steaming",0.18232155679395465,3.850755319747601,0.02942009636712825,2.371577964480997,0.547295303547382,3.5068435707971424,5.799092654460526,0.08013061589740737,0.04415358147330596,0.31585294941847725,0.002496880198587199,0.0,0.060826282153891006,0.20863886511132806,0.0,0.2718792922340161,148,18,0,0,19,12,203
Celery leaves,0.9932517730102833,4.634728988229636,0.12600312620373105,3.153956278768885,1.2809338454620642,3.7932394694381792,6.23553054666406,0.15578200155934238,0.08092144235222525,0.29266961396281993,0.0026963615477426086,0.0,0.3920420877760237,0.5877866649021191,0.0,0.6859786910813328,149,0,0,0,19,6,3
"Celtuce, PROCESS Steaming",0.4382549309311553,3.768152635008444,0.05164323315183845,2.3978952727983707,0.6418538861723948,3.8416005411316,5.4680601411351315,0.09531017980432487,0.06765864847381481,0.6418538861723948,0.0005578443758894779,0.0,0.22314355131420976,0.4382549309311553,0.0,0.2546422183735807,150,18,0,0,19,12,203
Ceps,0.0,1.9211154904420968,0.24406599955607802,2.4460668164717365,2.2407096892759584,4.401479060600697,5.699009195903543,0.3032741672116171,0.07854708429176312,0.6787584431078456,0.010939940038334362,9.999500033330834e-05,0.07032531672073006,0.039220713153281295,0.0,0.848317748287949,151,0,0,0,19,47,207
"Ceps, PROCESS Baking",0.046883585898850416,1.791759469228055,0.2911759617060367,2.772588722239781,2.587688844431026,4.605170185988092,5.983936280687191,0.35417181372061385,0.03536714383729131,0.7929925155296613,0.0,0.0,0.032467190137501496,0.046883585898850416,0.0,1.0392160787114533,151,9,0,0,19,47,207
"Ceps, PROCESS Cooking in water",0.0,1.5008977438588944,0.28365253619285075,2.276534415794103,2.30338477316461,4.384879703656288,5.517338145187973,0.27871340246902054,0.02538923400481951,0.6604763982703966,0.016758783814954707,9.999500033330834e-05,0.09140646632385152,0.04305948946044697,0.0,0.8307328435125084,151,11,0,0,19,47,207
"Ceps, PROCESS Steaming",0.0,1.6486586255873816,0.3288719992766435,2.6907587039921492,2.598607289720828,4.578532826459793,5.9653405534374615,0.37500590062345585,0.033711057342311695,0.7510791046874717,0.016758783814954707,9.999500033330834e-05,0.09984533496971615,0.04783732941416013,0.0,1.0003692407791474,151,18,0,0,19,47,207
Cereal bars mixed,0.0,4.394449154672439,0.2764188801730702,4.220683484265119,2.209745857889891,5.198497031265826,5.698434868329605,0.23838678072690345,0.3027677098698218,1.245479364477662,0.0033145009678297904,0.0003099519599280251,0.3582337284027256,1.633935384034488,0.01587334915629015,0.8074575267373562,152,0,0,0,10,13,25
Cereal bars plain,0.0,3.9740583963475986,0.3077787741509033,4.506454213048934,1.3067640221630823,5.62618122863265,5.973809611869261,0.05227614456537099,0.20538682972495076,1.3534095337841139,0.0,0.0,0.10291753400668631,0.9226703388381942,0.01587334915629015,1.0189195197588612,153,0,0,0,10,13,25
Cereal bran,1.2237754316221157,4.480578308402378,0.6261309257071586,4.9185200051884514,2.606231553765013,6.154615419744767,6.5245058508019955,0.2832436658528494,0.37717340751605727,2.1550789558854557,0.002571690367817755,0.0,0.4722332845730047,1.211940973975113,0.0,1.727842976812722,154,0,0,0,10,14,24
Cereal products and grains based soup,0.22314355131420976,3.300060737120514,0.05321573103578874,2.5715211226247714,1.0242478733792475,3.467520024593228,4.842047566471228,0.05218575317057021,0.050149783685471565,0.284104251103897,0.000634084640123194,9.999500033330834e-05,0.07762219818500593,0.09803374027136542,0.008959741371471902,0.2803337106820098,155,0,0,0,4,59,173
Cereals and cereal-like grains not separately listed,1.3767489482763593,3.58351893845611,0.3555743384946993,4.61512051684126,1.6815725101932995,5.605802066295998,6.0844994130751715,0.08984070399978947,0.34571510370239034,1.4602416060719736,0.006975613736425242,0.0,0.22554067591393126,1.3767489482763593,0.022739486969489426,1.2661021757914848,156,0,0,0,10,14,23
Cereals with an added high protein food which have to be reconstituted with water or other protein-free liquid,0.0,6.025658913052238,0.0,3.6888794541139363,2.0794415416798357,5.942799375126701,6.274762021241939,0.262364264467491,0.37717340751605727,2.1400661634962708,0.0,0.000699755114273342,0.262364264467491,0.0,0.0,0.8754687373538999,157,0,0,0,7,31,148
"Cervelat (swiss type), PROCESS Baking",0.2303177550622101,3.077970371790963,0.07696104113612832,3.016934481204594,1.7215158158394508,4.53413441287134,5.417369437907725,0.14348172347769073,0.28678881647456594,0.9042181506398859,0.0,0.0014988761237358917,0.19709287411426715,0.1851508838041143,0.009950330853168083,0.9470139045169956,158,9,0,0,13,57,169
"Cervelat (swiss type), PROCESS Cooking in water",0.2303177550622101,2.76181662525787,0.0781508092717171,3.1354942159291497,1.6309477650648256,4.928288346397981,5.332718793265369,0.1414995622736995,0.3428802329165431,0.583969866375418,0.0,0.0008995952428360929,0.2223432311434406,0.2303177550622101,0.009950330853168083,0.8642151767131938,158,11,0,0,13,57,169
"Cervelat (swiss type), PROCESS Steaming",0.2303177550622101,2.76181662525787,0.0781508092717171,3.1354942159291497,1.6309477650648256,4.928288346397981,5.332718793265369,0.1414995622736995,0.3428802329165431,0.583969866375418,0.0,0.0008995952428360929,0.2223432311434406,0.2303177550622101,0.009950330853168083,0.8642151767131938,158,18,0,0,13,57,169
"Cervelat (swiss type), QUAL Low fat (naturally or reduced), PROCESS Baking",0.3674170404706345,3.2188758248682006,0.12575120530556036,3.295836866004329,2.2993799620450974,5.176149732573829,5.602118820879701,0.08617769624105233,0.06859279146561172,0.7347688552507647,0.0,0.000499875041651048,0.2874320411965716,0.3674170404706345,0.0,1.0497721232486361,158,23,4,0,13,57,169
"Cervelat (swiss type), QUAL Low fat (naturally or reduced), PROCESS Cooking in water",0.3674170404706345,3.2188758248682006,0.12575120530556036,3.295836866004329,2.2993799620450974,5.176149732573829,5.602118820879701,0.08617769624105233,0.06859279146561172,0.7347688552507647,0.0,0.000499875041651048,0.2874320411965716,0.3674170404706345,0.0,1.0497721232486361,158,23,5,0,13,57,169
"Cervelat (swiss type), QUAL Low fat (naturally or reduced), PROCESS Steaming",0.3674170404706345,3.2188758248682006,0.12575120530556036,3.295836866004329,2.2993799620450974,5.176149732573829,5.602118820879701,0.08617769624105233,0.06859279146561172,0.7347688552507647,0.0,0.000499875041651048,0.2874320411965716,0.3674170404706345,0.0,1.0497721232486361,158,23,8,0,13,57,169
Champagne-like wine,0.0,1.8277699067510882,0.016070180177494467,1.9629077254238845,0.07881118042428978,2.151762203259462,4.100989104940769,0.009950330853168083,0.0023306153382823248,0.3808991541629147,0.0008975970392211423,0.0,0.019214218923804288,0.0,0.0,0.057325066619269414,159,0,0,0,1,71,175
Chanterelles,0.0,1.9459101490553132,0.34358970439007697,2.3978952727983707,2.1162555148025524,4.229957121050448,5.961741445655775,0.26126475913407415,0.05556985115481077,0.4054651081081644,0.017839918128331,0.0,0.05286348955706782,0.08434114843375087,0.0,0.5790181750821731,160,0,0,0,19,47,207
"Chanterelles, PROCESS Baking",0.07138999608667293,1.791759469228055,0.0,2.8903717578961645,2.3512800145328043,4.2626798770413155,6.0112671744041615,0.2374408560150342,0.02176149178151269,2.1550789558854557,0.0,0.0,0.04305948946044697,0.07138999608667293,0.0,0.5855619698800079,160,9,0,0,19,47,207
"Chanterelles, PROCESS Cooking in water",0.06485097231961633,1.9042374526547452,0.3506568716131694,2.243744592971112,1.9856801618653614,4.167772030776918,5.62040086571715,0.18588662295845076,0.029558802241544405,0.4054651081081644,0.0,0.0,0.02329791222482187,0.0771462091766537,0.0,0.5093960309563963,160,11,0,0,19,47,207
"Chanterelles, PROCESS Steaming",0.07973496801885356,2.005333569526114,0.3506568716131694,2.807680042051051,2.458990372158181,4.385591700838378,6.154858094016418,0.2634625622165537,0.037158147966932925,0.4054651081081644,0.0,0.0,0.03784614249011469,0.08599419316686092,0.0,0.6515808614798329,160,18,0,0,19,47,207
Chapatti flour,0.262364264467491,4.442651256490317,0.22314355131420976,3.4011973816621555,1.589235205116581,4.948759890378168,5.303304908059076,0.05826890812397577,0.3074846997479606,1.252762968495368,0.002995508979798479,0.0,0.15700374880966478,0.262364264467491,0.0,0.832909122935104,161,0,0,0,10,14,22
Chards,0.6418538861723948,4.446006964337289,0.09323009585099691,4.087176072743488,0.8753496826481221,3.6147714819602146,5.907694664042523,0.14471858201508703,0.07775437715552422,1.13599982073973,0.00029995500899797546,0.0,0.16551443847757338,0.9162907318741551,0.042101176018635396,0.43178241642553783,162,0,0,0,19,37,183
"Chards, PROCESS Baking",0.6931471805599453,4.6706903679960705,0.1267585083370939,4.0125145439744685,0.8391628196729679,4.035251505056771,5.8343929388530595,0.12851885080097833,0.0927093981042675,1.1956525727102172,0.0,0.0,0.10126643203724714,0.9867119161698817,0.042101176018635396,0.39020642714752474,162,9,0,0,19,37,183
"Chards, PROCESS Cooking in water",0.9850702472689807,4.574563692252288,0.09049340293295396,3.885679030088544,0.8135933336358124,3.7308436532129683,5.86037914021172,0.10564618913498693,0.05705523391390851,1.2469501886096055,0.0008995952428360929,0.0,0.061632517080659,1.0314748376806184,0.042101176018635396,0.3719575674698893,162,11,0,0,19,37,183
"Chards, PROCESS Steaming",0.6931471805599453,4.492641180851653,0.11000684757756554,3.7339211047783745,0.7931864204522224,3.9194241209084564,5.991464547107982,0.10718741728492068,0.06699086881627837,1.1978110022121269,0.0008995952428360929,0.0,0.08157998699242287,0.9570487243463227,0.042101176018635396,0.3587727420208785,162,18,0,0,19,37,183
Cheese cake,0.6097655716208943,4.650780697240144,0.05448818528406972,2.6210388241125804,1.0324724861635646,4.7199858604166725,4.946393025367902,0.12780670448765635,0.05921185963184609,0.7290772289997726,0.0017484705341168846,0.0005331911616587939,0.03857948196747509,0.6010318916521397,0.002995508979798479,0.5369805812428419,164,0,0,0,10,26,18
Cheese omelette,1.1631508098056809,5.745564008671156,0.1381208449583299,2.992871041272959,1.7033965299387999,5.723771825881594,4.75161780387916,0.2896800751144539,0.06632264293107258,0.9107324560967237,0.013367399737725057,0.0019096041163438428,0.09868111518877627,0.7181324332538538,0.008959741371471902,1.1314021114911006,165,0,0,0,4,22,51
Cheese sauce,0.5877866649021191,5.241142145844164,0.020082700116943398,2.5671447480249725,1.155307632344655,4.990432586778736,4.61540336226812,0.1468177369502568,0.02259983191724094,0.1351550737406202,0.0031094463713251612,0.0003842118954416915,0.036194159735565286,0.5748139935980806,0.0009995003330835331,0.6968545853482673,166,0,0,0,16,56,164
Cheese savoury pie,1.5260563034950492,4.619918042622647,0.07531948287610857,2.760009940032921,1.2025432115163417,5.228354637145804,4.890349128221754,0.14471858201508703,0.06337713270131576,0.4687528473440829,0.009554212804811658,0.0005141535147113815,0.08617769624105233,0.7517933759926787,0.003992021269537453,0.6770903860071487,167,0,0,0,4,22,162
"Cheese, asiago",0.4824261492442927,6.025658913052238,0.0295588022415444,3.332204510175204,0.18232155679395465,6.154615419744767,4.499809670330265,0.37156355643248307,0.009950330853168083,0.262364264467491,0.014888612493750654,0.0016985566355814771,0.07696104113612832,0.4824261492442927,0.0,1.667706820558076,163,41,0,0,14,15,62
"Cheese, bavarian blue",0.5653138090500605,6.025658913052238,0.06765864847381481,3.1780538303479458,1.9021075263969205,5.8888779583328805,4.795790545596741,0.4054651081081644,0.039220713153281295,0.13102826240640408,0.0,0.001199280575482097,0.05826890812397577,0.5653138090500605,0.0,1.727842976812722,163,45,0,0,14,15,170
"Cheese, beaufort",0.4054651081081644,6.025658913052238,0.08617769624105233,3.7013019741124933,0.09531017980432487,6.154615419744767,4.770684624465665,0.262364264467491,0.048790164169432,0.2151113796169455,0.0071940605802405634,0.0015987213636970278,0.06765864847381481,0.4054651081081644,0.0,1.727842976812722,163,46,0,0,14,15,62
"Cheese, bleu d'auvergne",0.0,1.3873652161213836,0.0,0.7592469822644691,0.0,1.6094379124341003,2.1972245773362196,0.0,0.0,0.05414721807044643,0.0037130979118827085,0.0,0.0,0.0,0.0,0.019900661706336177,163,52,0,0,14,15,62
"Cheese, blue castello",0.7561219797213337,6.025658913052238,0.06765864847381481,3.1780538303479458,1.7747101908426857,5.775881627762223,4.709658893159883,0.4054651081081644,0.039220713153281295,0.13102826240640408,0.003992021269537453,0.0012121222258055621,0.12474288659144332,0.606499373834273,0.0,1.727842976812722,163,53,0,0,14,15,170
"Cheese, brie",0.6189622823705687,6.007759629594484,0.07032531672073006,2.953421075482268,1.7884205679625402,5.684065557972477,4.878463520987773,0.3425760195592308,0.04333312470637383,0.3272461332479202,0.005641201318605508,0.0014703470811686253,0.18469967919892205,0.597736995755287,0.0,1.247032293786383,163,59,0,0,14,15,170
"Cheese, brie, QUAL Half fat or medium fat",0.4408322519454557,6.025658913052238,0.06498485008941263,2.8727572111951827,1.9372811897041302,5.721248106263834,4.8075277695424665,0.3686035148040062,0.04742869357111091,0.2754648885131891,0.006436384820690191,0.0013847550697041033,0.20817493562028838,0.4343764516025844,0.0,1.224615414871841,163,59,9,0,14,15,170
"Cheese, butterkase",0.5364933705145685,6.025658913052238,0.07563741420562005,3.6186102582673803,1.7607846649286245,6.154615419744767,4.792242345540644,0.2754648885131892,0.04333312470637383,0.2490897332587949,0.010939940038334362,0.0019124558043292555,0.06364526516035618,0.5068176023684519,0.0,1.6916760106710724,163,62,0,0,14,15,62
"Cheese, butterkase, QUAL Half fat or medium fat",0.3784364357202451,6.025658913052238,0.039220713153281295,3.6635616461296463,1.9217638157986412,6.154615419744767,4.804021044733257,0.3001045924503381,0.039220713153281295,0.20701416938432615,0.0,0.001998002662673056,0.05826890812397577,0.3784364357202451,0.0,1.727842976812722,163,62,9,0,14,15,62
"Cheese, butterkase, QUAL Low fat (naturally or reduced)",0.3784364357202451,6.025658913052238,0.039220713153281295,3.6635616461296463,1.9217638157986412,6.154615419744767,4.804021044733257,0.3001045924503381,0.039220713153281295,0.20701416938432615,0.0,0.001998002662673056,0.05826890812397577,0.3784364357202451,0.0,1.727842976812722,163,62,12,0,14,15,62
"Cheese, caciocavallo",0.35767444427181594,6.025658913052238,0.05921185963184609,0.7592469822644691,0.0,6.154615419744767,5.241747015059643,0.3656346853102042,0.014184634991956433,0.2732933349996814,0.0,0.0,0.0,0.35767444427181594,0.0,0.019900661706336177,163,63,0,0,14,15,62
"Cheese, caerphilly",0.5766133643039938,6.025658913052238,0.13102826240640408,3.044522437723423,1.8870696490323797,5.993961427306569,4.5217885770490405,0.38526240079064494,0.0295588022415444,0.5306282510621704,0.010939940038334362,0.0010993954433009636,0.10436001532424277,0.5766133643039938,0.0,1.4586150226995167,163,64,0,0,14,15,62
"Cheese, camembert",0.32570013963930183,5.991821626204795,0.06498485008941263,3.044522437723423,2.0243817644968085,5.756194190995736,5.27153328264122,0.41314979086671205,0.04401688541677433,0.16793281934185503,0.008209070335491783,0.0015559317672677092,0.19415601444095745,0.47125284864616745,0.0,1.353623578830342,163,67,0,0,14,15,170
"Cheese, cantal",0.4054651081081644,6.025658913052238,0.08617769624105233,3.349904087274605,0.09531017980432487,6.154615419744767,4.836281906951478,0.262364264467491,0.039220713153281295,0.3506568716131694,0.005385472276337817,0.0014988761237358919,0.06765864847381481,0.4054651081081644,0.0,1.5686159179138452,163,69,0,0,14,15,62
"Cheese, chaource",0.4700036292457356,4.406719247264253,0.05826890812397577,2.1972245773362196,0.6931471805599453,4.927253685157205,4.532599493153256,0.41314979086671205,0.039220713153281295,0.11332868530700317,0.004987541511039074,0.0025966258472659787,0.2151113796169455,0.4700036292457356,0.0,1.252762968495368,163,73,0,0,14,15,170
"Cheese, cheddar",0.4700036292457356,6.025658913052238,0.0394954006979284,3.316780039849572,1.960295971051268,6.154615419744767,4.666130885777779,0.34965032900176796,0.029142626886990684,0.38526240079064494,0.01009176356679045,0.0010993954433009636,0.07947111577457876,0.5573274574174104,0.004987541511039074,1.6037072377251154,163,74,0,0,14,15,62
"Cheese, cheddar, QUAL Half fat or medium fat",0.4762341789963716,6.025658913052238,0.48770320634513653,3.7578723256008875,2.152841354984994,6.154615419744767,5.058971840657547,0.41314979086671205,0.02259983191724094,0.27871340246902054,0.010939940038334362,0.0017983819413793735,0.10307218513981407,0.4408322519454557,0.0,1.727842976812722,163,74,9,0,14,15,62
"Cheese, cheddar, QUAL Low fat (naturally or reduced)",0.33074156191222787,6.025658913052238,0.05448818528406973,3.5553480614894135,2.2348414409075263,6.154615419744767,4.727387818712341,0.41314979086671205,0.04401688541677433,0.44532664153329504,0.0,0.0009995003330835331,0.11103012727800908,0.33074156191222787,0.0,1.727842976812722,163,74,12,0,14,15,62
"Cheese, cheshire",0.5855619698800079,6.025658913052238,0.051507557145931936,3.2245738459828384,1.8913677582205166,6.124058000004529,4.596561811451491,0.3891421340762338,0.03578073728083786,0.32621573645402385,0.008393249358021816,0.0012420854352670463,0.08617769624105233,0.6414327448732666,0.0,1.553623133327704,163,77,0,0,14,15,62
"Cheese, cheshire, QUAL Half fat or medium fat",0.4382549309311553,6.025658913052238,0.08617769624105233,3.4247278790723494,2.177993215408332,6.154615419744767,4.600875261705211,0.41314979086671205,0.04196419909903214,0.2947995402206449,0.014888612493750654,0.0013990209137073409,0.09531017980432487,0.37431837911132765,0.0,1.6514021115331325,163,77,9,0,14,15,62
"Cheese, cheshire, QUAL Low fat (naturally or reduced)",0.3001045924503381,6.025658913052238,0.048790164169432,3.4339872044851463,2.134166441369082,6.154615419744767,4.61512051684126,0.4054651081081644,0.039220713153281295,0.4054651081081644,0.0,0.0009995003330835331,0.09531017980432487,0.3001045924503381,0.0,1.7047480922384253,163,77,12,0,14,15,62
"Cheese, chevre mould ripened",0.4879663296199081,6.025658913052238,0.07696104113612832,3.4567672328169663,2.0244949656364875,5.901852388418295,4.832874748629863,0.27068123077175626,0.0295588022415444,0.3085345686107975,0.007117467768863981,0.0011967835687688934,0.11230775617289596,0.4316525378618121,0.0,1.1653804651329498,163,78,0,0,14,15,170
"Cheese, comte",0.0,1.3873652161213836,0.0,0.7592469822644691,0.0,1.6094379124341003,2.1972245773362196,0.0,0.0,0.05414721807044643,0.006995474512386411,0.0,0.0,0.0,0.0,0.019900661706336177,163,84,0,0,14,15,62
"Cheese, coulommiers",0.4054651081081644,6.025658913052238,0.06765864847381481,2.9162251367224985,2.028148247292285,5.676264445762309,4.895705327422279,0.3978168872699075,0.04606536684324682,0.20119004109833744,0.004987541511039074,0.002325864507480779,0.20585205420414876,0.4446858212614457,0.0,1.4619317753255106,163,88,0,0,14,15,170
"Cheese, danbo",0.49713229663398817,6.025658913052238,0.08984070399978947,3.5855010996601013,1.8870696490323797,6.154615419744767,4.525044141508807,0.2937351441648583,0.048790164169432,0.3026410554462468,0.00786895837869518,0.0017327835773220072,0.07032531672073006,0.552044339581945,0.0,1.578094661868389,163,96,0,0,14,15,62
"Cheese, danbo, QUAL Half fat or medium fat",0.33718626735486995,6.025658913052238,0.08984070399978947,3.629660094453965,2.028148247292285,6.154615419744767,4.538877746682517,0.2792537969701475,0.056245298664448794,0.3095833364048819,0.009455158770755133,0.001792677906630378,0.07032531672073006,0.21527265693364056,0.0,1.6431489697764121,163,96,9,0,14,15,62
"Cheese, danbo, QUAL Low fat (naturally or reduced)",0.26926348692776286,6.025658913052238,0.08984070399978947,3.61246112282703,2.050454004806584,6.154615419744767,4.4833253409127485,0.29053514143418735,0.05286348955706782,0.32518427684736156,0.009455158770755133,0.0018269016270943703,0.06632264293107258,0.07492192651725926,0.0009995003330835331,1.6094379124341003,163,96,12,0,14,15,62
"Cheese, edam",0.33647223662121295,6.025658913052238,0.05799933001208575,3.5297162324631337,1.9939225570121002,6.154615419744767,4.483809328983824,0.295862804541975,0.036469679781391415,0.2027075806413056,0.01122250573673889,0.0016714594758613162,0.06939279150827839,0.37843643572024505,0.0,1.6969253665572162,163,101,0,0,14,15,62
"Cheese, edam, QUAL Half fat or medium fat",0.262364264467491,6.025658913052238,0.051507557145931936,3.5553480614894135,2.174751721484161,6.154615419744767,4.487029943683866,0.3106310054373255,0.050149783685471565,0.2373281863061662,0.024497471600387438,0.0021690744276955175,0.07032531672073006,0.2869818273373875,0.0,1.727842976812722,163,101,9,0,14,15,62
"Cheese, edam, QUAL Low fat (naturally or reduced)",0.09531017980432487,6.025658913052238,0.051507557145931936,3.5553480614894135,2.0498839894375105,6.154615419744767,4.487029943683866,0.3106310054373255,0.050149783685471565,0.2373281863061662,0.025862659525727368,0.0021690744276955175,0.07032531672073006,0.346422567474381,0.0,1.727842976812722,163,101,12,0,14,15,62
"Cheese, emmental",0.4054651081081644,6.025658913052238,0.17395330712343804,3.7009491782012667,2.1194860912108946,6.154615419744767,4.599439511279106,0.28356647211809405,0.029697488879309168,0.2490897332587949,0.010699696401868691,0.0022831060145686115,0.06458316299825134,0.42395969074432877,0.002995508979798479,1.727842976812722,163,104,0,0,14,15,62
"Cheese, emmental, QUAL Half fat or medium fat",0.4762341789963716,6.025658913052238,0.4252677354043441,3.80348283685294,2.1579060816246014,6.154615419744767,4.998177059174214,0.31481073984003355,0.03232888711536001,0.26016404355788864,0.009950330853168083,0.002203285269114498,0.08931823794819721,0.3191807395111519,0.0,1.727842976812722,163,104,9,0,14,15,62
"Cheese, emmental, QUAL Low fat (naturally or reduced)",0.33074156191222787,6.025658913052238,0.05448818528406973,3.5553480614894135,2.2348414409075263,6.154615419744767,4.727387818712341,0.3963763107902845,0.04401688541677433,0.44532664153329504,0.0,0.0009995003330835331,0.10616019582839065,0.33074156191222787,0.0,1.727842976812722,163,104,12,0,14,15,62
"Cheese, feta",0.6015799870344548,5.991821626204795,0.06765864847381481,3.002849741322855,1.772431015208242,5.6747949377829485,4.540250639888776,0.24462544013010945,0.044016885416774336,0.26675023641074536,0.0052433723229916894,0.0008938860790572962,0.09531017980432487,0.3927175352856617,0.0,0.8896533723458563,163,109,0,0,14,15,14
"Cheese, feta, QUAL Low fat (naturally or reduced)",0.0,6.025658913052238,0.06765864847381481,3.044522437723423,1.9878743481543455,5.8888779583328805,5.236441962829949,0.37156355643248307,0.04401688541677433,0.16551443847757338,0.006478966097709124,0.0011293620305584163,0.22314355131420976,0.39877611995736784,0.0,1.2178757094949273,163,109,12,0,14,15,14
"Cheese, fourme d'ambert",0.5306282510621704,6.025658913052238,0.10436001532424277,3.068052935133617,0.6418538861723948,6.154615419744767,4.882801922586371,0.4054651081081644,0.0295588022415444,0.3074846997479606,0.00369317183761757,0.001199280575482097,0.15700374880966478,0.5306282510621704,0.0,1.727842976812722,163,119,0,0,14,15,62
"Cheese, gorgonzola",0.4700036292457356,6.025658913052238,0.09531017980432487,3.044522437723423,1.71145283784083,5.865658340289866,5.233397820448721,0.2524249225649332,0.026781022677642013,0.262364264467491,0.002753348910810274,0.001199280575482097,0.08355302281828117,0.4404031594694448,0.0,1.2773560241141804,163,130,0,0,14,15,62
"Cheese, gouda",0.4700036292457356,6.025658913052238,0.04879016416943201,3.5115454388310208,2.091334821126215,6.154615419744767,4.596561811451491,0.23462029793142655,0.024692612590371497,0.2947995402206449,0.012775191488722826,0.001765583297243861,0.0692595026043823,0.5056120567131033,0.0,1.601405740736836,163,131,0,0,14,15,62
"Cheese, gouda, QUAL Half fat or medium fat",0.3920420877760237,6.025658913052238,0.039220713153281295,3.5263605246161616,1.9554360617087172,6.154615419744767,4.820281565605037,0.3001045924503381,0.048790164169432,0.2468600779315258,0.0,0.0021975835434872217,0.06765864847381481,0.3920420877760237,0.0,1.6582280766035324,163,131,9,0,14,15,62
"Cheese, gouda, QUAL Low fat (naturally or reduced)",0.3920420877760237,6.025658913052238,0.039220713153281295,3.5263605246161616,1.9554360617087172,6.154615419744767,4.820281565605037,0.3001045924503381,0.048790164169432,0.2468600779315258,0.0,0.0021975835434872217,0.06765864847381481,0.3920420877760237,0.0,1.6582280766035324,163,131,12,0,14,15,62
"Cheese, grana padano",0.47933495667461984,6.025658913052238,0.15210777819745805,3.9205579078779835,2.1906154837246734,6.154615419744767,4.61512051684126,0.29266961396281993,0.03302021102813388,0.4788925766629816,0.01051594172797557,0.0015987213636970278,0.08709470685093376,0.3736303845881458,0.0,1.727842976812722,163,132,0,0,14,15,62
"Cheese, gruyere",0.5698489642154517,6.025658913052238,0.16503005968389362,3.5586080480766213,2.0738904485462637,6.154615419744767,4.671492828919164,0.33494045179272625,0.032467190137501496,0.3116775780079966,0.00822323915700029,0.0017698614422687058,0.07523998424741807,0.48735226758034855,0.002995508979798479,1.688777075975196,163,142,0,0,14,15,62
"Cheese, gruyere, QUAL Half fat or medium fat",0.4762341789963716,6.025658913052238,0.6205764877251099,3.784189633918261,2.1579060816246014,6.154615419744767,5.170483995038151,0.41314979086671205,0.019802627296179712,0.31481073984003355,0.0,0.001998002662673056,0.0916671885258238,0.4762341789963716,0.0,1.727842976812722,163,142,9,0,14,15,62
"Cheese, gruyere, QUAL Low fat (naturally or reduced)",0.4762341789963716,6.025658913052238,0.6205764877251099,3.784189633918261,2.1579060816246014,6.154615419744767,5.170483995038151,0.41314979086671205,0.019802627296179712,0.31481073984003355,0.0,0.001998002662673056,0.0916671885258238,0.4762341789963716,0.0,1.727842976812722,163,142,12,0,14,15,62
"Cheese, leicester",0.3220834991691133,6.025658913052238,0.05826890812397577,3.1354942159291497,1.916922612182061,6.154615419744767,4.454347296253507,0.3784364357202451,0.0295588022415444,0.4054651081081644,0.010939940038334362,0.001199280575482097,0.10436001532424277,0.3220834991691133,0.0,1.4586150226995167,163,151,0,0,14,15,62
"Cheese, livarot",0.0,1.3873652161213836,0.0,0.7592469822644691,0.0,1.6094379124341003,2.1972245773362196,0.0,0.0,0.05414721807044643,0.008682200382833894,0.0,0.0,0.0,0.0,0.019900661706336177,163,159,0,0,14,15,62
"Cheese, maasdam",0.5877866649021191,6.025658913052238,0.03784614249011469,3.6109179126442243,0.09531017980432487,6.154615419744767,4.462618642004185,0.22884157242884745,0.03232888711536001,0.16309019486606702,0.011504991614323593,0.0014988761237358919,0.0609606997896872,0.5187937934151675,0.0,1.550597412411167,163,163,0,0,14,15,62
"Cheese, mimolette",0.09531017980432487,6.025658913052238,0.06765864847381481,3.6402142821326553,0.09531017980432487,6.154615419744767,4.6443908991413725,0.2851789422336624,0.0295588022415444,0.44468582126144574,0.004888034072775962,0.000569837611704622,0.048790164169432,0.09531017980432487,0.0,1.410986973710262,163,170,0,0,14,15,62
"Cheese, morbier",0.4054651081081644,6.025658913052238,0.05826890812397577,3.4339872044851463,0.09531017980432487,6.154615419744767,4.61512051684126,0.262364264467491,0.039220713153281295,0.262364264467491,0.007968169649176874,0.0014988761237358919,0.06765864847381481,0.4054651081081644,0.0,1.727842976812722,163,174,0,0,14,15,62
"Cheese, munster",0.6021277821727766,6.025658913052238,0.07404674578963037,3.2358734012367716,1.8873293555654589,5.848501056671288,4.646037893749194,0.2808732305224505,0.027615167032973367,0.22997729089277483,0.006918866488651531,0.0014104334423814433,0.06819255131618233,0.5147379605859063,0.0,1.5457371355289142,163,176,0,0,14,15,170
"Cheese, nagelkaas, QUAL Half fat or medium fat",0.5306282510621704,6.025658913052238,0.0295588022415444,3.367295829986474,0.09531017980432487,6.154615419744767,3.6109179126442243,0.16551443847757338,0.0295588022415444,0.09531017980432487,0.012916225266546327,0.00036993156687964933,0.05826890812397577,0.5306282510621704,0.0,1.4586150226995167,163,178,9,0,14,15,62
"Cheese, nagelkaas, QUAL Low fat (naturally or reduced)",0.262364264467491,6.025658913052238,0.10436001532424277,3.367295829986474,0.09531017980432487,6.154615419744767,4.23410650459726,0.16551443847757338,0.0295588022415444,0.09531017980432487,0.009950330853168083,0.00036993156687964933,0.05826890812397577,0.262364264467491,0.0,1.7047480922384253,163,178,12,0,14,15,62
"Cheese, ossau-iraty",0.0,1.3873652161213836,0.0,0.7592469822644691,0.0,1.6094379124341003,2.1972245773362196,0.0,0.0,0.05414721807044643,0.0197045832743354,0.0,0.0,0.0,0.0,0.019900661706336177,163,188,0,0,14,15,62
"Cheese, parmigiano reggiano",0.47933495667461984,6.025658913052238,0.2889312918522129,3.8129916248219673,2.1836406689014067,6.154615419744767,4.782718464029388,0.33555344731662096,0.02872627825839634,0.5885800009215149,0.01115187179710154,0.0020977980821461294,0.08735655550390935,0.5706405060671484,0.0,1.6470089139127118,163,192,0,0,14,15,62
"Cheese, pecorino romano",0.6981347220709844,6.025658913052238,0.0,0.7592469822644691,0.0,6.154615419744767,2.1972245773362196,0.3435897043900769,0.0,0.05414721807044643,0.0,0.0,0.0,0.6981347220709844,0.0,0.019900661706336177,163,197,0,0,14,15,62
"Cheese, pont l'eveque",0.0,1.3873652161213836,0.0,0.7592469822644691,0.0,1.6094379124341003,2.1972245773362196,0.0,0.0,0.05414721807044643,0.004828324856640714,0.0,0.0,0.0,0.0,0.019900661706336177,163,207,0,0,14,15,62
"Cheese, provolone",0.3350426438116186,6.025658913052238,0.0,3.670860948611258,1.9120578572500886,6.154615419744767,4.584967478670572,0.253534185019219,0.019802627296179712,0.21049243376065094,0.013014937077494652,0.0007996801705643322,0.048790164169432,0.3523455857775031,0.0,1.6157039540127467,163,215,0,0,14,15,62
"Cheese, provolone, QUAL Half fat or medium fat",0.3471295310952009,6.025658913052238,0.05259245011917058,3.5553480614894135,1.9434786238638981,6.154615419744767,4.564348191467836,0.3008450589780618,0.05826890812397577,0.2592825979300829,0.0,0.001998002662673056,0.06765864847381481,0.3471295310952009,0.0,1.727842976812722,163,215,9,0,14,15,62
"Cheese, provolone, QUAL Low fat (naturally or reduced)",0.18232155679395465,6.025658913052238,0.09531017980432487,3.713572066704308,2.0192933688435577,6.154615419744767,4.61512051684126,0.2776317365982795,0.05826890812397577,0.4054651081081644,0.0,0.001998002662673056,0.05826890812397577,0.18232155679395465,0.0,1.6094379124341003,163,215,12,0,14,15,62
"Cheese, reblochon",0.0,1.3873652161213836,0.0,0.7592469822644691,0.0,1.6094379124341003,2.1972245773362196,0.0,0.0,0.05414721807044643,0.005087039048557105,0.0,0.0,0.0,0.0,0.019900661706336177,163,218,0,0,14,15,62
"Cheese, roquefort",0.5607579925141997,6.025658913052238,0.08748745412311582,3.492169159867882,1.8753562931019485,5.969438020207765,4.53413441287134,0.41314979086671205,0.039220713153281295,0.3032741672116171,0.006251844998602296,0.0006797689047572423,0.13102826240640408,0.4700036292457356,0.0,1.1921893657855998,163,228,0,0,14,15,62
"Cheese, saint marcellin",0.4510756193602166,5.846025807882745,0.0940106344622393,3.288401887516811,1.4967170423699818,6.154615419744767,5.275194949127182,0.2969249395329584,0.0295588022415444,0.9890099851019203,0.0005098699942000939,0.0015701951695172895,0.06364526516035618,0.4239596907443287,0.0,1.1244656674944435,163,234,0,0,14,15,170
"Cheese, saint nectaire",0.0,1.3873652161213836,0.0,0.7592469822644691,0.0,1.6094379124341003,2.1972245773362196,0.0,0.0,0.05414721807044643,0.0050969882578437795,0.0,0.0,0.0,0.0,0.019900661706336177,163,235,0,0,14,15,62
"Cheese, scamorza",0.3920420877760237,6.025658913052238,0.0,0.7592469822644691,0.0,5.703782474656201,2.1972245773362196,0.0,0.0,0.262364264467491,0.0,0.0,0.0,0.3920420877760237,0.0,0.019900661706336177,163,237,0,0,14,15,62
"Cheese, stilton",0.6931471805599453,5.8447858821194245,0.137274378903357,2.995732273553991,1.9701048776423702,5.706635543638607,4.816819357876566,0.29160294719501756,0.056920290252682214,0.2513144282809061,0.00740111548031049,0.0010494491355713784,0.07497494316449892,0.6097655716208943,0.0,1.2383742310432684,163,252,0,0,14,15,62
"Cheese, tilsit",0.4700036292457356,6.025658913052238,0.06765864847381481,3.447717397297048,1.9983670519021652,6.154615419744767,4.156648445558256,0.3011622340084736,0.05082890085928029,0.13228061072286998,0.01950846638804296,0.0021690744276955175,0.05826890812397577,0.5653138090500605,0.0,1.5701029070354235,163,260,0,0,14,15,62
"Cheese, tilsit, QUAL Half fat or medium fat",0.18232155679395465,6.025658913052238,0.09531017980432487,3.713572066704308,2.0192933688435577,6.154615419744767,4.61512051684126,0.2776317365982795,0.05826890812397577,0.4054651081081644,0.0,0.001998002662673056,0.05826890812397577,0.18232155679395465,0.0,1.6094379124341003,163,260,9,0,14,15,62
"Cheese, tilsit, QUAL Low fat (naturally or reduced)",0.019802627296179712,6.025658913052238,0.09531017980432487,3.713572066704308,2.066862759472976,6.154615419744767,4.61512051684126,0.3001045924503381,0.048790164169432,0.4054651081081644,0.0,0.001998002662673056,0.05826890812397577,0.019802627296179712,0.0009995003330835331,1.6094379124341003,163,260,12,0,14,15,62
"Cheese, tomme de savoie",0.0,1.3873652161213836,0.0,0.7592469822644691,0.0,1.6094379124341003,2.1972245773362196,0.0,0.0,0.05414721807044643,0.004987541511039074,0.0,0.0,0.0,0.0,0.019900661706336177,163,264,0,0,14,15,62
"Cheese, trappist",0.6523251860396903,6.025658913052238,0.09531017980432487,3.6109179126442243,1.7945887962382148,6.154615419744767,4.61512051684126,0.2776317365982795,0.039220713153281295,0.33647223662121295,0.0,0.001998002662673056,0.05826890812397577,0.6523251860396903,0.0,1.5040773967762742,163,265,0,0,14,15,62
"Cheese, trappist, QUAL Half fat or medium fat",0.5877866649021191,6.025658913052238,0.09531017980432487,3.6375861597263857,1.8536382062739203,6.154615419744767,4.61512051684126,0.3001045924503381,0.039220713153281295,0.33647223662121295,0.0,0.001998002662673056,0.05826890812397577,0.5877866649021191,0.0,1.5686159179138452,163,265,9,0,14,15,62
"Cheese, trappist, QUAL Low fat (naturally or reduced)",0.5877866649021191,6.025658913052238,0.09531017980432487,3.6375861597263857,1.8536382062739203,6.154615419744767,4.61512051684126,0.3001045924503381,0.039220713153281295,0.33647223662121295,0.0,0.001998002662673056,0.05826890812397577,0.5877866649021191,0.0,1.5686159179138452,163,265,12,0,14,15,62
"Cheese, white stilton",0.6931471805599453,5.812850395102349,0.14348172347769073,3.002849741322855,1.9120578572500886,5.680660057235347,4.813345121608379,0.2808732305224505,0.056920290252682214,0.262364264467491,0.009101314246345586,0.0010637197637646735,0.06699086881627837,0.6032224730319583,0.0,1.1564318595569358,163,274,0,0,14,15,62
"Cheese, white stilton, QUAL Half fat or medium fat",0.6931471805599453,5.8888779583328805,0.16551443847757338,3.044522437723423,1.9120578572500886,5.707110264748875,4.875197323201151,0.262364264467491,0.06765864847381481,0.262364264467491,0.0,0.0009995003330835331,0.05826890812397577,0.6931471805599453,0.0,1.252762968495368,163,274,9,0,14,15,62
"Cheese, white stilton, QUAL Low fat (naturally or reduced)",0.6931471805599453,5.8888779583328805,0.16551443847757338,3.044522437723423,1.9120578572500886,5.707110264748875,4.875197323201151,0.262364264467491,0.06765864847381481,0.262364264467491,0.0,0.0009995003330835331,0.05826890812397577,0.6931471805599453,0.0,1.252762968495368,163,274,12,0,14,15,62
Cherimoyas,0.09531017980432487,2.7990219793079367,0.13827014697169607,3.030823593365261,0.8883614583720523,3.5953533961031128,5.320218630501137,0.09531017980432485,0.08184328346577123,0.3425760195592308,0.0009995003330835331,0.0,0.07920719389392303,0.4054651081081644,0.0,0.09660803851992482,168,0,0,0,8,33,116
Cherries (sweet),0.09531017980432487,2.951929650895598,0.07005896966894909,2.3952944910983134,0.4571535625049514,3.0897429080162304,5.362632648483877,0.04086770776110331,0.034953379263427405,0.3106310054373255,0.00024263722787355735,0.0,0.04401688541677433,0.1414995622736995,0.001998002662673056,0.07894320234011955,169,0,0,0,8,33,187
Chervil,1.3609765531356006,5.993961427306569,0.06885952926393903,3.5553480614894135,1.2478939913838643,3.4339872044851463,6.393590753950631,0.29266961396282,0.11778303565638346,0.9555114450274363,0.001199280575482097,0.0,0.025667746748577788,1.3609765531356006,0.0,0.7419373447293773,170,0,0,0,19,6,3
Chestnut puree (castanea vulgaris),0.262364264467491,3.034265937556234,0.13714983814723364,3.3105430133940246,0.5999347988377665,3.868220382769753,5.860786223465865,0.11867152971749864,0.08617769624105233,0.5499364407710213,0.010148331051815148,0.0,0.1508800309591356,0.3920420877760237,0.0,0.25331243094357914,171,0,0,0,12,54,126
Chestnuts,0.4054651081081644,4.204692619390966,0.46283513976712304,3.7100816617645394,1.0053476343968482,5.006818495569555,6.400731941165885,0.15944277440902355,0.18707215955255244,1.0316581538710066,0.0,0.0,0.28946619424528236,0.5766133643039938,0.0,0.6567795363890705,172,0,0,0,12,49,195
"Chestnuts, PROCESS Baking",0.4054651081081644,3.4011973816621555,0.41012091964435843,3.5263605246161616,1.1062024579347853,4.68213122712422,6.383747918514082,0.16309019486606702,0.21649291333886989,0.6448568914321643,0.001541668161570583,0.0,0.4043215974060854,0.7227059828014898,0.0,0.4592315322638244,172,9,0,0,12,49,195
"Chestnuts, PROCESS Cooking in water",0.38662202030668447,3.220018029446978,0.15614868248993136,3.4247278790723494,0.7542422799197561,4.376655090871971,6.278521424165844,0.130025253295235,0.13203026649825547,0.7218734588183416,0.0021975835434872217,0.0,0.22051151912586098,0.581545003978643,0.0,0.33371333230138533,172,11,0,0,12,49,195
"Chestnuts, PROCESS Steaming",0.38662202030668447,3.4011973816621555,0.15614868248993136,3.713572066704308,0.7542422799197561,4.418840607796598,6.322565239927284,0.1527210870176639,0.1275133202989596,0.7779477822524105,0.0,0.0,0.2287279296081104,0.38662202030668447,0.0,0.38662202030668447,172,18,0,0,12,49,195
Chewing gum,0.0,6.025658913052238,0.07076907088820725,4.605170185988092,0.039907290591854855,1.6094379124341003,3.1600353248452673,0.0,0.0,1.7404661748405046,0.0007330645758289756,0.0,0.0,0.0,0.0,0.07696104113612832,173,0,0,0,18,19,189
"Chewing gum, QUAL Low / Reduced sugar",0.0,2.3978952727983707,0.039220713153281295,1.9459101490553132,0.016857117066422903,1.6094379124341003,2.1972245773362196,0.0,0.0,0.05414721807044643,0.0,0.0,0.0,0.0,0.0,0.039220713153281295,173,22,0,0,18,19,189
"Chewing gum, QUAL Sugar free",0.0,6.025658913052238,0.046883585898850416,4.9185200051884514,0.016857117066422903,1.6094379124341003,3.9852734671677386,0.0,0.0,2.136136885356381,0.0006664445431605202,0.0,0.0,0.0,0.0,0.08223809823697209,173,27,0,0,18,19,189
Chicken fresh meat,0.5306282510621704,2.2706520458910364,0.06230388333615485,3.2591948357705447,2.606231553765013,5.463226294864815,5.653991810153186,0.1370252818787784,0.09712671073072275,0.5733979274500194,0.012916225266546327,0.0003065244451532908,0.4140000105580018,0.24310302905381354,0.0,0.6623933788766119,175,0,0,0,13,3,145
"Chicken fresh meat, PROCESS Baking",0.262364264467491,2.4801333710353424,0.05584008490865094,3.3702471356210544,2.606231553765013,5.3199390666189705,5.91211207735591,0.20119004109833744,0.07005896966894909,0.6161889965625925,0.015887409799846035,0.0005598432585140913,0.3317673082325475,0.2560365946162353,0.0,0.9819714575905032,175,9,0,0,13,3,145
"Chicken fresh meat, PROCESS Cooking in water",0.16720791898390647,2.8716796248840124,0.06734707345961012,3.060270794691562,2.4796148953422317,5.183654458227897,5.216745712854225,0.17702980234818597,0.07076907088820725,0.6642331703953029,0.014888612493750654,0.0002199758035487478,0.2434689177754555,0.18265483458407497,0.0,0.9765701960913428,175,11,0,0,13,3,145
"Chicken fresh meat, PROCESS Frying",0.6931471805599453,2.4652706752711415,0.04688358589885042,3.479700443150099,2.606231553765013,5.666945584604227,5.977323363552951,0.13947204528659418,0.11064652008706365,0.545227050483323,0.018854465514531238,0.0004299075764937892,0.4399738827940396,0.5019866750987863,0.0,0.751966251781855,175,14,0,0,13,3,145
"Chicken fresh meat, PROCESS Steaming",0.16720791898390647,2.817402738029574,0.04958350018882789,3.1710851610318525,2.606231553765013,5.621607866467185,5.488937726156687,0.13000434657058624,0.08617769624105234,0.651369868758299,0.018167303955448955,0.0002832932020246238,0.33778090375224523,0.22058026891104496,0.0,0.8642954367557747,175,18,0,0,13,3,145
Chicken liver,0.262364264467491,2.531426665422893,0.2873248658039392,2.913902255306359,2.606231553765013,5.699009195903543,5.626078300322127,0.41314979086671205,0.29904583110209604,2.1550789558854557,0.03536714383729131,0.008464078412129412,0.4722332845730047,0.6205764877251099,0.042101176018635396,1.5478664138999354,176,0,0,0,13,5,8
"Chicken liver, PROCESS Baking",0.3886579897917832,2.773659577241274,0.31282754415845615,2.784129018978647,2.606231553765013,5.579729825986222,5.512276008285174,0.41314979086671205,0.2592825979300829,2.1550789558854557,0.0021975835434872217,0.008464078412129412,0.4722332845730047,0.32786386208461277,0.042101176018635396,1.4695845373076664,176,9,0,0,13,5,8
"Chicken liver, PROCESS Cooking in water",0.3038014543316642,2.833213344056216,0.2919230667090355,2.302585092994046,2.5084604027417354,5.365976015021851,4.897839799950911,0.41314979086671205,0.13278111123381847,2.1550789558854557,0.0,0.008464078412129412,0.3038014543316642,0.3038014543316642,0.042101176018635396,1.5488382903051707,176,11,0,0,13,5,8
"Chicken liver, PROCESS Frying",0.3886579897917832,2.921624301400269,0.31272305640954956,2.8247744754103516,2.606231553765013,5.575407831143926,5.417369437907725,0.41314979086671205,0.34409616173187224,2.1550789558854557,0.0,0.008464078412129412,0.4722332845730047,0.35136084911496357,0.042101176018635396,1.5021708185056923,176,14,0,0,13,5,8
"Chicken liver, PROCESS Steaming",0.3038014543316642,2.5771819258971713,0.32652496698784916,2.631888840136646,2.5084604027417354,5.546850151867066,5.360621249884192,0.41314979086671205,0.176111840159641,2.1550789558854557,0.0021975835434872217,0.008464078412129412,0.3606669652082698,0.29266961396281993,0.042101176018635396,1.5130528694569847,176,18,0,0,13,5,8
"Chicken, other organs (edible offal non-muscle)",0.33647223662121295,2.7269186854065928,0.28882427703055796,2.790288299339182,2.606231553765013,5.318119993844216,5.327876168789581,0.3074846997479606,0.2499802052677694,2.0389915017854054,0.0,0.008464078412129412,0.39512613031298505,0.3798053613275868,0.042101176018635396,1.727842976812722,174,189,0,0,13,5,8
"Chicken, other organs (edible offal non-muscle), PROCESS Baking",0.3886579897917832,3.091042453358316,0.2669690308542393,2.6390573296152584,2.606231553765013,5.43372200355424,5.272999558563747,0.3074846997479606,0.27990188513281866,2.1550789558854557,0.0,0.008464078412129412,0.4722332845730047,0.3886579897917832,0.042101176018635396,1.474305238442604,174,189,4,0,13,5,8
"Chicken, other organs (edible offal non-muscle), PROCESS Cooking in water",0.3886579897917832,2.9368917735310576,0.2457433832314507,2.7362210780689065,2.606231553765013,5.496582573739127,5.296172210201648,0.3074846997479606,0.24406599955607802,2.1550789558854557,0.0,0.008464078412129412,0.4722332845730047,0.3886579897917832,0.042101176018635396,1.4829023996398154,174,189,5,0,13,5,8
"Chicken, other organs (edible offal non-muscle), PROCESS Steaming",0.3886579897917832,2.9368917735310576,0.2457433832314507,2.7362210780689065,2.606231553765013,5.496582573739127,5.296172210201648,0.3074846997479606,0.24406599955607802,2.1550789558854557,0.0,0.008464078412129412,0.4722332845730047,0.3886579897917832,0.042101176018635396,1.4829023996398154,174,189,8,0,13,5,8
Chickpea flour,1.791759469228055,4.941642422609304,0.4090143576193059,4.8283137373023015,1.689964019734725,5.800822758698309,6.5245058508019955,0.15284370365689545,0.37717340751605727,2.0441103971945602,0.001998002662673056,0.0,0.43640991195758594,1.6122339997361017,0.00905884448834604,1.3118786493114858,177,0,0,0,12,54,96
Chickpea sprouts,0.08617769624105233,4.04305126783455,0.17395330712343804,2.9444389791664403,1.007957920399979,4.553876891600541,5.159055299214529,0.1397619423751587,0.15700374880966478,0.6830968447064437,0.0,0.0,0.1988508587451652,0.08617769624105233,0.006975613736425242,0.48858001481867097,178,0,0,0,19,38,185
Chickpeas (dry),1.410986973710262,4.888198589758526,0.6074336622859154,4.9185200051884514,1.7216435183438705,5.856299167191804,6.5245058508019955,0.15627087959401204,0.3735320610051553,2.007254799704008,0.001998002662673056,0.0,0.39887199263852074,1.3671115417031166,0.042101176018635396,1.1852267615048806,179,0,0,0,12,39,154
"Chickpeas (dry), PROCESS Baking",0.0,1.3873652161213836,0.0,0.7592469822644691,0.0,1.6094379124341003,2.1972245773362196,0.12221763272424921,0.12221763272424921,1.791759469228055,0.0,0.0,0.412109650826833,0.0,0.0,0.019900661706336177,179,9,0,0,12,39,154
"Chickpeas (dry), PROCESS Cooking in water",0.5276827408324136,3.9589065913269965,0.2451845679053692,3.762528137137082,1.0581870408303053,4.888629067595565,5.603593747400769,0.049878007627269315,0.10654552753953574,1.2010399362412987,0.0018316548289699923,0.0,0.13203026649825547,0.7510386589757229,0.0136070034062169,0.8695584488141671,179,11,0,0,12,39,154
"Chickpeas (dry), PROCESS Steaming",0.09531017980432487,3.9057174528648693,0.2451845679053692,3.807614417495702,1.0581870408303053,4.955827057601261,5.668401997396686,0.05394691328168023,0.11549470513837122,1.2541905204865533,0.0022831060145686115,0.0,0.1357788651650019,0.7510386589757229,0.0,0.8955631054696066,179,18,0,0,12,39,154
Chicory coffee infusion,0.0,3.607049435866304,0.016070180177494467,1.9084837435361963,0.35166240211518807,3.3563992387622608,4.2626798770413155,0.07120375900633207,0.05259245011917058,0.13228061072286998,0.0008995952428360929,0.00025996620585752453,0.019802627296179712,0.1484200051182733,0.0,0.15210777819745805,180,0,0,0,3,16,33
Chicory coffee ingredient,0.0,3.9916260560271133,0.23901690047049992,4.294365696115456,2.2610336658358103,4.896773133183109,6.111467339502679,0.04333312470637383,0.039220713153281295,1.6094379124341003,0.009356094924024954,0.0,0.07696104113612832,0.0,0.0,0.14595391262307977,181,0,0,0,3,17,34
Chili peppers,0.0,2.9652730660692823,0.1414995622736995,3.091042453358316,1.1378330018213911,3.775057150354989,5.673323267171493,0.12044615307586716,0.08065790301745447,0.6626879730752369,0.0,0.0,0.2836740510542421,1.3609765531356006,0.004987541511039074,0.20701416938432612,182,0,0,0,19,35,172
"Chili peppers, PROCESS Baking",0.5050087384444258,3.7376696182833684,0.12019282818534208,3.6959969218828004,0.6762189895392573,4.360365137892702,5.724518373135379,0.07059159285064848,0.11791001172156582,0.5769343400730791,0.0,0.0,0.25851069515150105,0.5050087384444258,0.004987541511039074,0.3007393116084291,182,9,0,0,19,35,172
"Chili peppers, PROCESS Cooking in water",1.4355606024228087,2.772588722239781,0.1414995622736995,2.9444389791664403,0.7710337192170166,3.713572066704308,5.493061443340548,0.07973496801885356,0.05921185963184609,0.6616565134685745,0.0,0.0,0.27611543608031547,1.4355606024228087,0.004987541511039074,0.13627761829254784,182,11,0,0,19,35,172
Chilli pickle,0.7227059828014898,3.827398388249498,0.17082717736821953,4.166000551128536,0.8694985703673961,2.790288299339182,5.226667908232522,0.05961570967435449,0.04606536684324682,0.4668737362368079,0.0007197409243488539,0.0,0.13415619739336468,0.7227059828014898,0.010841023177874859,0.3385109733110612,183,0,0,0,16,18,28
Chinese cabbages and similar-,0.18232155679395465,4.035504062199167,0.041004834946782705,2.531426665422893,0.5333137175971888,3.5471512942852352,5.159875980425959,0.037983684612606476,0.03908334108080756,0.4519851237430572,0.00019998000266626675,0.0,0.10859812607931088,0.16889853646181394,0.042101176018635396,0.24462544013010945,184,0,0,0,19,9,95
"Chinese cabbages and similar-, PROCESS Baking",1.791759469228055,5.393627546352362,0.08709470685093376,3.044522437723423,1.6054298910365616,4.316153890523174,5.579729825986222,0.039220713153281295,0.1397619423751587,1.0986122886681098,0.0020977980821461294,0.0,0.3001045924503381,1.7847852054907187,0.042101176018635396,0.4824261492442927,184,9,0,0,19,9,95
"Chinese cabbages and similar-, PROCESS Cooking in water",0.23665190133900202,4.200419108613584,0.047428693571110896,2.2129729343043585,0.47436908675537554,3.563478187572664,4.864232301059824,0.030252043170520892,0.02538923400481951,0.4968715744320159,0.0,0.0,0.06899287148695145,0.1824882095732754,0.042101176018635396,0.23845431255130134,184,11,0,0,19,9,95
"Chinese cabbages and similar-, PROCESS Steaming",0.09531017980432487,4.836281906951478,0.019802627296179712,2.4849066497880004,0.4700036292457356,3.828641396489095,5.5254529391317835,0.039220713153281295,0.0295588022415444,0.6931471805599453,0.0,0.0,0.0295588022415444,0.09531017980432487,0.0,0.15700374880966478,184,18,0,0,19,9,95
Chives,0.8109302162163288,4.6122876537569555,0.09349034308733889,3.3785621749695744,0.8574502318512216,4.076810787703223,5.70877001616724,0.1612681475961223,0.09569971431551545,0.9162907318741551,0.0002666311174308348,0.0,0.21591750622247016,0.9005677714089189,0.042101176018635396,0.3626570156162799,185,0,0,0,19,6,3
Chives and similar-,0.9555114450274363,4.749888768003179,0.0880108773227133,3.6120755434893055,0.8524072342570678,4.186836922886558,5.863225249065224,0.14903557916048787,0.11371126517521614,0.9826133748052276,9.999500033330834e-05,0.0,0.26824437855930583,0.9005677714089189,0.042101176018635396,0.3705778491077238,186,0,0,0,19,6,3
Chocolate and chocolate products,1.0986122886681098,5.18338739987406,0.24307688902165983,4.328537949722896,1.2215881673531157,5.4065309511882695,5.9701679472474725,0.24294617861038947,0.06592149296246519,1.6008295378975002,0.004871448537021312,0.0007597113462419785,0.06351120791771289,0.6248683398066509,0.001998002662673056,0.9075094317239587,187,0,0,0,18,19,26
"Chocolate and chocolate products, QUAL Low / Reduced sugar",0.6841064359077962,5.66988092298052,0.6119371251344021,4.882801922586371,1.4713246103044662,5.860786223465865,6.5245058508019955,0.38662202030668447,0.0880108773227133,2.1550789558854557,0.0,0.000699755114273342,0.11689375147149933,0.6841064359077962,0.001998002662673056,1.163463260987726,187,22,0,0,18,19,26
"Chocolate and chocolate products, QUAL Sugar free",0.6841064359077962,5.594180171090011,0.5187937934151675,4.75972894580469,1.4713246103044662,5.73287884914384,5.934894195619588,0.3506568716131694,0.08617769624105233,2.1550789558854557,0.004561011327562569,0.0006654927962528648,0.0993280712830244,0.6796565903774462,0.001998002662673056,1.009781074961494,187,27,0,0,18,19,26
Chocolate cake,1.3987168811184478,3.948354934675536,0.24032837606831062,3.596398601319771,1.1653359207110179,4.990432586778736,5.643678550586496,0.11496425180052106,0.06516332590641326,1.0986678426805125,0.006371326590594137,0.00030661965405566596,0.04894888173186344,1.5850222614863119,0.004307376586302918,0.6059539688575679,188,0,0,0,10,26,18
Chocolate cake with fruits,0.7419373447293773,3.8104647757200585,0.1798184265758361,3.0633909220278057,0.7637387734105937,4.593675806562357,5.070699534838906,0.10795714150509228,0.08696375680818787,0.6879910534105745,0.0009995003330835331,0.00029995500899797546,0.05678532837920656,1.0140705867915283,0.003992021269537453,0.4541645652159894,189,0,0,0,10,26,18
Chocolate coated confectionery,1.4085449700547104,4.862650749706751,0.143811702032079,3.5115454388310208,1.0738641189789155,4.971663438864162,5.444507876694118,0.2841759331224933,0.049266241302918054,0.7142235061618615,0.001399020913707341,0.00026329866719681047,0.034240383154700745,1.1916167821163517,0.003992021269537453,0.54609623784791,190,0,0,0,18,19,26
Chocolate coated dried fruit,0.6418538861723948,1.6094379124341003,0.05732506661926941,2.8903717578961645,2.2159372862683733,5.14166355650266,5.60947179518496,0.1292723357041392,0.03149866705937099,0.9555114450274363,0.006478966097709123,0.0013990209137073409,0.2776317365982795,0.6418538861723948,0.0,1.589235205116581,191,0,0,0,8,53,137
Chocolate liqueur,0.0,1.3873652161213836,0.033711057342311695,1.3862943611198906,0.13453089295760615,1.9459101490553132,3.4339872044851463,0.011928570865273802,0.003992021269537453,0.05826890812397577,0.0,0.0,0.0,0.0,0.0,0.0295588022415444,192,0,0,0,1,66,100
Chocolate sauce,0.25386672395705034,4.4942386252808095,0.12633892204301803,3.4863551900024623,0.5579000311519196,4.639571612705423,5.306616169362732,0.12575120530556036,0.032467190137501496,1.1761904233134841,0.0,0.00029995500899797546,0.037295784743696894,0.28773207120182265,0.0009995003330835331,0.47788912351972584,193,0,0,0,16,18,47
Chokecherries,0.0,3.949318790171843,0.23111172096338664,4.007333185232471,1.1314021114911006,4.04305126783455,6.467698726104354,0.08617769624105233,0.0295588022415444,0.6931471805599453,0.001998002662673056,0.0,0.12221763272424921,0.0,0.0,1.727842976812722,194,0,0,0,8,33,187
Chorizo and similar,0.1397619423751587,3.3440389678222067,0.07788653865707124,3.1172121710917007,2.354418241634063,5.560040399829721,5.805134968916488,0.16650265060006395,0.3270229706902378,1.0373867919180397,0.008232684926476356,0.0009595394946998264,0.23993511395404654,0.6054082662519386,0.012340212084604764,1.1802946769713587,195,0,0,0,13,57,56
"Chorizo and similar, QUAL Low fat (naturally or reduced)",0.15700374880966478,3.016934481204594,0.14323416808590783,3.3494027084724247,2.5493670428736546,5.350503119718607,5.92219102399715,0.15517056772800378,0.37717340751605727,0.8064758658669484,0.00786895837869518,0.0008710490979910157,0.4149438520627082,0.4330802751411378,0.005186526687300062,1.2178757094949273,195,23,0,0,13,57,56
Choux pastry doughs,0.5999347988377665,3.4106761256166993,0.045383005847817695,2.114532861491106,0.9686120690731346,4.373057964691121,4.353039097800629,0.11778303565638346,0.06297479916138843,0.5661251681209396,0.002995508979798479,0.0005998200719676155,0.041964199099032144,1.1808679306108392,0.002995508979798479,0.4523486940070148,196,0,0,0,10,51,157
"Choux pastry doughs, PROCESS Baking",0.5999347988377665,4.178773241838892,0.05867313908009661,2.412933150162911,1.2364676527726868,4.549355406881695,4.90209512552105,0.12864447105112783,0.06404732909393708,0.7203453623898511,0.0068100919285491975,0.000816333375890412,0.049606157686761354,1.5006047072973014,0.002995508979798479,0.44376965078966607,196,9,0,0,10,51,157
Chutneys,0.0,2.7343675094195836,0.06203539091945264,2.9014215940827497,0.38117241553911985,2.9856819377004897,4.707726774313183,0.017643435172595243,0.026641930946421175,0.6043159668533296,0.0,0.0,0.07417939817425151,0.27231459532065916,0.0,0.1292723357041392,197,0,0,0,16,18,28
Cider,0.0,2.07765423110574,0.016210750047979946,1.5926307941177191,0.02259983191724094,2.1940449244188396,4.360365137892702,0.006975613736425242,0.0009995003330835331,0.3272461332479202,0.0,0.0,0.012718772407774689,0.0,0.0,0.11332868530700317,198,0,0,0,1,71,209
Cinnamon bark and similar-,1.199964782928397,6.025658913052238,0.3230492162890723,4.080358320247361,0.9944151172269392,4.138589264019858,6.1764610943512395,0.10590322550704853,0.15014265842971947,2.1550789558854557,0.0067107656914420265,0.0,0.1980308504991345,0.5766133643039938,0.0,1.0779235546095525,199,0,0,0,12,60,179
Citrons,0.0,3.5263605246161616,0.06297479916138844,1.9459101490553132,0.22314355131420976,2.9444389791664403,4.634728988229636,0.019802627296179712,0.0295588022415444,0.4700036292457356,0.0,0.0,0.0421011760186354,0.0,0.0,0.10436001532424277,200,0,0,0,8,33,29
Citrus fruit peel,0.0,4.808693950432649,0.09010183469718663,2.618438042412523,0.5638517017308632,2.344549292093078,4.6235712713589825,0.07696104113612832,0.05826890812397577,0.6859786910813328,0.001998002662673056,0.0,0.163818085229395,0.0,0.0,0.1484200051182733,201,0,0,0,8,53,137
Clams,0.4054651081081644,4.248495242049359,0.1889660995126232,3.9318256327243257,1.589235205116581,5.0238805208462765,5.7430031878094825,0.17395330712343804,0.09531017980432487,2.1400661634962708,0.0,0.001998002662673056,0.06765864847381481,0.4054651081081644,0.0,1.0986122886681098,202,0,0,0,6,46,10
"Clams, PROCESS Baking",0.6465795447436106,3.367295829986474,0.1889660995126232,3.5263605246161616,1.6476966245511908,5.389071729816501,5.68697535633982,0.2151113796169455,0.14410034397375684,1.6718491725554974,0.0,0.008464078412129412,0.07138999608667293,0.6465795447436106,0.0,1.1678273576895826,202,9,0,0,6,46,10
"Clams, PROCESS Cooking in water",0.6590732002261939,3.6959969218828004,0.22222884738580947,3.117317595160113,1.4800123649936425,5.163151986631859,5.5378965386105214,0.1593209643108158,0.10513191810282464,2.1550789558854557,0.03536714383729131,0.008464078412129412,0.09323009585099691,0.6796565903774462,0.0,1.0598714603516792,202,11,0,0,6,46,10
"Clams, PROCESS Frying",0.6465795447436106,3.367295829986474,0.1889660995126232,3.5263605246161616,1.6476966245511908,5.389071729816501,5.68697535633982,0.2151113796169455,0.14410034397375684,1.6718491725554974,0.0,0.008464078412129412,0.07138999608667293,0.6465795447436106,0.0,1.1678273576895826,202,14,0,0,6,46,10
"Clams, PROCESS Steaming",0.5816568045265821,3.258096538021482,0.16636153721522523,3.4011973816621555,1.53643701954961,5.247024072160486,5.545177444479562,0.1889660995126232,0.126632650933366,1.5585655820603437,0.0,0.007571265496318075,0.06203539091945264,0.5816568045265821,0.0,1.0726104861291088,202,18,0,0,6,46,10
"Clams, cockles, arkshells",1.1394342831883648,3.780285920437788,0.4691103732685206,3.8416005411316,1.6757605553651729,5.270799337654144,5.551851551567256,0.22314355131420976,0.10564618913498693,1.6194448187731256,0.03536714383729131,0.0017983819413793735,0.0864397850906721,0.5799784824543072,0.0,1.727842976812722,202,82,20,0,6,46,10
"Clams, cockles, arkshells, PROCESS Baking",0.6465795447436106,3.367295829986474,0.1889660995126232,3.5263605246161616,1.6476966245511908,5.389071729816501,5.68697535633982,0.2151113796169455,0.14410034397375684,1.6718491725554974,0.0,0.008464078412129412,0.07138999608667293,0.6465795447436106,0.0,1.1678273576895826,202,82,20,4,6,46,10
"Clams, cockles, arkshells, PROCESS Cooking in water",0.6590732002261939,3.9926809084456005,0.17842508651483144,3.8242840911201395,1.7969128344688496,5.339139361068292,5.3875485002759795,0.22899307610310138,0.08111905128479201,2.0866653867691554,0.03510971044675903,0.008464078412129412,0.07138999608667293,1.1008098722115969,0.0,1.1413524423442687,202,82,20,5,6,46,10
"Clams, cockles, arkshells, PROCESS Frying",0.6465795447436106,3.367295829986474,0.1889660995126232,3.5263605246161616,1.6476966245511908,5.389071729816501,5.68697535633982,0.2151113796169455,0.14410034397375684,1.6718491725554974,0.0,0.008464078412129412,0.07138999608667293,0.6465795447436106,0.0,1.1678273576895826,202,82,20,6,6,46,10
"Clams, cockles, arkshells, PROCESS Steaming",0.5816568045265821,3.5553480614894135,0.1745133743461429,3.4965075614664802,1.7989557360986501,5.2487769209879005,5.382964840608321,0.23533559207957175,0.09227527610917084,1.752325399982648,0.03536714383729131,0.008464078412129412,0.06078147225985891,0.6383741547126538,0.0,1.1147043365677538,202,82,20,7,6,46,10
Cloudberries,0.9745596399981308,2.787653251701177,0.08866477128441567,2.7545702167371027,0.4196497431001208,3.002849741322855,4.915801191425417,0.03784614249011469,0.03784614249011469,0.5709795465857377,0.00017415150141360662,0.0,0.06899287148695145,0.5187937934151675,0.0,0.3862337461802768,203,0,0,0,8,33,7
Cloves buds,0.0,6.025658913052238,0.3987761199573677,4.9185200051884514,1.3394647737630927,4.709530201312334,6.5245058508019955,0.23901690047049992,0.10436001532424277,1.8870696490323797,0.0,0.0,0.0,0.0,0.0,1.1631508098056809,204,0,0,0,12,60,180
Cockles,0.0,4.04305126783455,0.0,4.07753744390572,1.589235205116581,5.075173815233827,4.143134726391533,0.10436001532424277,0.048790164169432,1.9315214116032138,0.0,0.008464078412129412,0.039220713153281295,0.0,0.0,0.7419373447293773,205,0,0,0,6,46,10
"Cockles, PROCESS Cooking in water",0.0,4.5217885770490405,0.3220834991691133,3.8501476017100584,1.5686159179138452,4.948759890378168,4.709530201312334,0.10436001532424277,0.048790164169432,2.1550789558854557,0.03536714383729131,0.008464078412129412,0.039220713153281295,0.0,0.0,1.1314021114911006,205,11,0,0,6,46,10
"Cockles, PROCESS Steaming",0.0,4.5217885770490405,0.3220834991691133,3.8501476017100584,1.5686159179138452,4.948759890378168,4.709530201312334,0.10436001532424277,0.048790164169432,2.1550789558854557,0.03536714383729131,0.008464078412129412,0.039220713153281295,0.0,0.0,1.1314021114911006,205,18,0,0,6,46,10
Cocktail drink,0.09531017980432487,1.9685099809725544,0.021141599753375425,1.8789560142582102,0.1397619423751587,2.6844403354630764,4.4607222816222185,0.018658181818533348,0.02322812611920717,0.3435897043900769,0.0001699855516374579,0.0,0.03020584205706584,0.08617769624105234,0.0,0.07742389696480362,206,0,0,0,1,45,117
Cocoa beans (fermented or dried),1.7538845167991286,5.043425116919247,0.6261309257071586,4.9185200051884514,2.2057437415444903,6.154615419744767,6.5245058508019955,0.16551443847757338,0.11332868530700317,2.1550789558854557,0.0,0.001199280575482097,0.29266961396282,1.7538845167991286,0.003992021269537453,1.727842976812722,207,0,0,0,3,17,31
Cocoa beverages,0.044973365642731154,4.709530201312334,0.10975086395911919,3.0620549164850637,0.6916460544336782,4.564348191467836,5.287545269566126,0.15001971012932486,0.04483678160919233,0.3466246080852309,0.0012212539657074197,0.00024854053981248015,0.03578073728083786,0.11671579969596077,0.0,0.4071779261118392,208,0,0,0,3,16,30
"Cocoa beverages, QUAL Low / Reduced sugar",0.05638033343610764,4.442651256490317,0.08879549878313117,2.9667447366807385,0.4668737362368079,4.290459441148391,5.08847778086019,0.15149409299869515,0.02399550555621568,0.6201923893912153,0.001998002662673056,0.0001285631639736926,0.12095261041766252,0.05638033343610764,0.0009995003330835331,0.32001095956714093,208,22,0,0,3,16,30
"Cocoa beverages, QUAL Sugar free",0.05638033343610764,4.59511985013459,0.08657080376102003,2.959364629383116,0.4668737362368079,4.264689927969339,5.093750200806762,0.11867152971749867,0.020502662326517422,0.6260912075836208,0.0,0.00019712342704342417,0.02538923400481951,0.07213459775919911,0.0009995003330835331,0.28238233935687723,208,27,0,0,3,16,30
Cocoa butter,1.0296194171811581,1.3873652161213836,0.0,0.7592469822644691,0.0,1.6094379124341003,2.1972245773362196,0.0,0.0,0.05414721807044643,0.0,0.0,0.0,0.7561219797213338,0.014888612493750654,0.019900661706336177,209,0,0,0,2,67,136
Cocoa mass,1.7538845167991286,4.888198589758526,0.6261309257071586,4.9185200051884514,2.2057437415444903,6.154615419744767,6.5245058508019955,0.17993776543867837,0.10178269430994231,2.1550789558854557,0.0031948908965191976,0.001199280575482097,0.2093343560400233,1.1665201272752848,0.003992021269537453,1.727842976812722,210,0,0,0,3,17,31
Cocoa powder,0.33647223662121295,4.721936832279884,0.44101609237248324,4.9185200051884514,2.0943477472630216,6.154615419744767,6.5245058508019955,0.15161686017090753,0.14595391262307977,2.1550789558854557,0.00701817205906631,0.0008662913279578211,0.2378914079487654,0.3646431135879093,0.003992021269537453,1.727842976812722,211,0,0,0,3,17,31
"Cocoa powder, QUAL Low / Reduced sugar",1.7538845167991286,5.043425116919247,0.44101609237248324,4.9185200051884514,2.2057437415444903,6.154615419744767,6.5245058508019955,0.16551443847757338,0.11332868530700317,2.1550789558854557,0.0,0.001199280575482097,0.29266961396282,1.7538845167991286,0.003992021269537453,1.727842976812722,211,22,0,0,3,17,31
"Cocoa powder, QUAL Sugar free",1.7538845167991286,5.043425116919247,0.44101609237248324,4.9185200051884514,2.2057437415444903,6.154615419744767,6.5245058508019955,0.16551443847757338,0.11332868530700317,2.1550789558854557,0.0,0.001199280575482097,0.29266961396282,1.7538845167991286,0.003992021269537453,1.727842976812722,211,27,0,0,3,17,31
Coconut milk (cocos nucifera) liquid,0.18232155679395465,3.106080330722856,0.19515551477404103,3.7297014486341915,0.4274440148269396,4.324132656254979,5.486179103717607,0.039220713153281295,0.02566774674857779,1.1735135968412274,0.002563378403160181,0.0,0.029235125268334963,0.5306282510621704,0.0,0.3553407209255957,212,0,0,0,12,54,126
Coconut oil/fat,0.08617769624105233,1.3873652161213836,0.001998002662673056,0.7592469822644691,0.11064652008706366,1.6094379124341003,2.1972245773362196,0.0,0.0,0.05414721807044643,0.0,0.0,0.0,0.6386909947638865,0.009950330853168083,0.019900661706336177,213,0,0,0,2,67,136
Coconuts,0.5481214085096876,2.785892687866144,0.29985764838191437,3.718784936892841,1.0433009075084123,4.634728988229636,5.864442534668976,0.01460708096035961,0.05110041864536323,1.0875994888327076,0.0031094463713251612,0.0,0.050693114315518116,0.4200252594394941,0.0,0.512395818935508,214,0,0,0,12,49,195
"Coconuts, PROCESS Drying (dehydration)",0.4382549309311553,3.0877904179719384,0.4736576594243468,4.5202345751823065,1.0597229491759403,5.170483995038151,6.506211045617209,0.05669534367654529,0.03894595013465478,1.4734545365622909,0.009327789165216436,0.0,0.13027609990384997,0.6956440607585325,0.0,0.8051995415073437,214,13,0,0,12,49,195
Cod,0.6931471805599453,3.100092288878234,0.07807153542015549,3.169685580677429,1.9685099809725544,5.168208681201016,5.772686453303412,0.0676586484738148,0.048790164169432,0.3220834991691133,0.02673929718962161,0.001005494321113557,0.18995898392316593,0.35650826338163344,0.0,0.5388298201755881,215,0,0,0,6,27,107
Cod liver,1.791759469228055,2.3978952727983707,0.5068176023684519,2.1972245773362196,1.4668863684501938,4.61512051684126,4.875197323201151,0.41314979086671205,0.08748745412311582,1.4445632692438664,0.03536714383729131,0.008464078412129412,0.1397619423751587,1.7847852054907187,0.0,1.0784095813505903,216,0,0,0,6,29,63
Cod liver oil,1.791759469228055,1.3873652161213836,0.007826436249464021,0.7592469822644691,0.0,1.6094379124341003,2.1972245773362196,0.0,0.0,0.07138999608667293,4.999987500041667e-06,0.0,0.0,1.7847852054907187,0.0,0.05826890812397577,217,0,0,0,2,1,59
Cod roe,1.791759469228055,2.7545702167371027,0.17969907346952982,2.531426665422893,1.869976335242538,6.111467339502679,5.412283603677719,0.41314979086671205,0.37717340751605727,0.7143493882105483,0.0,0.008464078412129412,0.2128045735190305,1.7847852054907187,0.0,1.0448095826751334,218,0,0,0,6,29,64
"Cod roe, PROCESS Smoking",0.7021069219314172,2.2192034840549946,0.07881118042428978,2.624668592163159,2.244955980157409,6.118097198041348,5.638354669333745,0.41314979086671205,0.22314355131420976,0.7466879474879752,0.03536714383729131,0.001199280575482097,0.1856493468866293,0.7021069219314172,0.0,1.667706820558076,218,17,0,0,6,29,64
"Cod, PROCESS Boiling",0.0,3.1354942159291497,0.06859279146561172,3.58351893845611,2.244955980157409,5.081404364984463,4.61512051684126,0.044973365642731154,0.05448818528406973,1.0296194171811581,0.03536714383729131,0.001199280575482097,0.1856493468866293,0.7021069219314172,0.0,0.34571510370239034,215,10,0,0,6,27,107
"Cod, PROCESS Drying (dehydration)",0.0,3.4657359027997265,0.06859279146561172,3.828641396489095,2.244955980157409,6.154615419744767,4.61512051684126,0.2468600779315258,0.048790164169432,1.1939224684724346,0.03536714383729131,0.001199280575482097,0.1856493468866293,0.7021069219314172,0.0,0.34571510370239034,215,13,0,0,6,27,107
"Cod, PROCESS Preserving with salt",0.0,4.276666119016055,0.06859279146561172,3.828641396489095,2.244955980157409,5.41610040220442,5.849324779946859,0.044973365642731154,0.05448818528406973,0.29490591754110057,0.03536714383729131,0.001199280575482097,0.1856493468866293,0.7021069219314172,0.0,0.34571510370239034,215,16,0,0,6,27,107
"Cod, STATE Slices, steaks or other flat cuts",0.0,3.367295829986474,0.05164323315183845,3.2188758248682006,1.9878743481543455,5.272999558563747,5.831882477283517,0.044973365642731154,0.05354076692802982,0.2776317365982795,0.028587456851912555,0.001199280575482097,0.18232155679395465,0.6931471805599453,0.0,0.3350426438116186,215,30,31,0,6,27,107
"Cod, atlantic",0.0,2.954910279033736,0.10705907229340779,2.8273136219290276,1.9878743481543455,5.062595033026967,5.342334251964811,0.055434706888100586,0.05164323315183845,0.5423242908253617,0.03052920503482287,0.0010294699139611879,0.17395330712343804,0.36810932156439546,0.0,0.7227059828014898,215,43,0,0,6,27,107
"Cod, murray",0.37156355643248307,2.772588722239781,0.018821754240587758,3.258096538021482,1.763017000362401,5.303304908059076,5.82600010738045,0.039220713153281295,0.048790164169432,0.18232155679395465,0.028295869154847303,0.0011093844054978193,0.19967019512856765,0.37156355643248307,0.0,0.3220834991691133,215,177,0,0,6,27,74
"Cod, murray, PROCESS Cooking in water",0.0,1.3873652161213836,0.0,0.7592469822644691,1.5325568680981427,1.6094379124341003,2.1972245773362196,0.0295588022415444,0.009950330853168083,0.05414721807044643,0.0,0.0,0.0,0.0,0.0,0.019900661706336177,215,177,5,0,6,27,74
"Cod, murray, PROCESS Frying",0.0,1.3873652161213836,0.0,0.7592469822644691,0.6931471805599453,1.6094379124341003,2.1972245773362196,0.048790164169432,0.019802627296179712,0.05414721807044643,0.0,0.0,0.0,0.0,0.0,0.019900661706336177,215,177,6,0,6,27,74
"Cod, murray, PROCESS Steaming",0.0,1.3873652161213836,0.0,0.7592469822644691,1.5325568680981427,1.6094379124341003,2.1972245773362196,0.0295588022415444,0.009950330853168083,0.05414721807044643,0.0,0.0,0.0,0.0,0.0,0.019900661706336177,215,177,8,0,6,27,74
"Cods, hakes, haddocks",0.0,1.3873652161213836,0.0,0.7592469822644691,0.0,1.6094379124341003,2.1972245773362196,0.046883585898850416,0.048790164169432,0.05414721807044643,0.0,0.0,0.0,0.0,0.0,0.019900661706336177,219,143,23,0,6,27,107
"Cods, hakes, haddocks, PROCESS Baking",0.7547125362181002,3.1768626449777924,0.03688281756871783,3.331183581041097,1.9887545868536574,5.298317366548036,5.859564476215543,0.047156176877777,0.037433402579185544,0.18077273894696116,0.030224322758593793,0.0016985566355814774,0.18363022392498696,0.5290976685534393,0.0,0.40002174844209826,219,143,23,4,6,27,107
"Cods, hakes, haddocks, PROCESS Cooking in water",0.5922212619699848,3.0376964726530233,0.030944803849421557,3.172083663361442,1.8797049336316936,5.500091349268807,5.846025807882745,0.0394954006979284,0.03839619750948399,0.1995531881665199,0.030141156911986846,0.0017698614422687058,0.15504823608677226,0.42133845726445457,0.0,0.3962801985310918,219,143,23,5,6,27,107
"Cods, hakes, haddocks, PROCESS Frying",0.7547125362181002,3.367295829986474,0.05082890085928029,3.3063632789913164,2.0104933120535646,5.341650491254411,5.804274013202524,0.048790164169432,0.04715617687777699,0.25630196979194514,0.03536714383729131,0.0014988761237358917,0.17647114311577905,0.7683474131228805,0.0,0.3963763107902844,219,143,23,6,6,27,107
"Cods, hakes, haddocks, PROCESS Steaming",0.7589349210979484,3.0975149678639333,0.03784614249011469,3.2358734012367716,1.8847726406329857,5.4186368652003285,5.848501056671288,0.04647456005634916,0.03867111160056252,0.1905022888841487,0.029309117813619785,0.0017128180036747604,0.1636968069562489,0.44417286921121396,0.0,0.4117311496868108,219,143,23,7,6,27,107
Coffee (average strenght) beverage,0.0,1.4996230464268936,0.035560175398550865,2.138653401311682,0.5306282510621704,1.7047480922384253,4.399375273008495,0.019802627296179712,0.008711940602021502,0.1544363533044189,7.499718764061709e-05,0.0,0.0009995003330835331,0.010939940038334362,0.0,0.019900661706336177,220,0,0,0,3,16,32
Coffee (weak strenght) beverage,0.0,1.3873652161213836,0.03398726228813615,1.7676619176489945,0.4003089809587937,2.70805020110221,4.050541939563708,0.020362694518884616,0.005413889844080106,0.11968598580246957,0.0,0.0,0.0,0.010939940038334362,0.0,0.019900661706336177,221,0,0,0,3,16,32
"Coffee beans, roasted",1.308332819650179,4.819128827725229,0.6261309257071586,4.9185200051884514,2.606231553765013,5.081404364984463,6.5245058508019955,0.18232155679395465,0.06765864847381481,1.62924053973028,0.008534902449837406,0.0,0.0009995003330835331,1.308332819650179,0.0,0.5693640373490833,222,226,0,0,3,17,35
Coffee beverage decaffeinated,0.0,1.3969516555938786,0.04415358147330596,1.7578579175523736,0.8809891858852777,1.6179728148839378,4.272689970636415,0.04305948946044697,0.0009995003330835331,0.10564618913498693,9.999500033330834e-05,0.0,0.0009995003330835331,0.0,0.0,0.026781022677642013,223,0,0,0,3,16,32
"Coffee drink, café macchiato",0.03343477608623739,4.68213122712422,0.018821754240587758,2.4849066497880004,0.5288619862520892,4.430816798843313,4.997212273764115,0.1518623493092461,0.03343477608623739,0.05732506661926941,0.0,0.0003999200213269354,0.04114194333117518,0.03343477608623739,0.0,0.33002291294130587,224,66,0,0,3,16,32
"Coffee drink, cappuccino",0.0344014267173324,4.089571283469443,0.05354076692802982,2.2735975561207935,0.5276827408324136,3.828641396489095,4.624972813284271,0.08420983729181182,0.016295082486502386,0.11460338273900376,0.0009995003330835331,0.0002028365701291083,0.017839918128331,0.0344014267173324,0.0,0.17575240805848508,224,70,0,0,3,16,32
Coffee espresso (beverage),0.0,1.3873652161213836,0.03784614249011469,4.394449154672439,1.82581577083411,2.1972245773362196,4.79697048673659,0.11269072675267083,0.005360606242096005,0.13102826240640408,0.0,0.0,0.0014988761237358919,0.010939940038334362,0.0,0.05961570967435449,225,0,0,0,3,16,32
"Coffee ground, roasted",1.308332819650179,4.819128827725229,0.6261309257071586,4.9185200051884514,2.606231553765013,5.081404364984463,6.5245058508019955,0.18232155679395465,0.06765864847381481,1.62924053973028,0.009950330853168083,0.0,0.0009995003330835331,1.308332819650179,0.0,0.5822156198526637,226,226,0,0,3,17,35
"Coffee ground, roasted and decaffeinated",0.0,4.875197323201151,0.598836501088704,4.9185200051884514,2.3978952727983707,5.081404364984463,6.5245058508019955,0.18232155679395465,0.06765864847381481,1.62924053973028,0.004987541511039074,0.0,0.0,0.0,0.0,0.5364933705145685,226,227,0,0,3,17,35
Coffee liqueur,0.0,1.3873652161213836,0.027893060601525653,1.3862943611198906,0.11230775617289594,1.9459101490553132,3.4339872044851463,0.011928570865273802,0.003992021269537453,0.07325046173959267,0.0,0.0,0.0,0.0,0.0,0.07510747248680541,227,0,0,0,1,66,100
Coffee with milk or cream,0.001998002662673056,3.198089857108366,0.046610920593820965,2.0794415416798357,0.549854010733469,2.990001598845006,4.328851872186625,0.045383005847817695,0.012775191488722828,0.15149409299869515,0.0005998200719676155,0.00019998000266626675,0.007141108151366469,0.013902905168991422,0.0,0.08473497843555929,228,0,0,0,3,16,32
"Cola beverages, caffeinic",0.0,1.580450375560848,0.00938439988164017,0.7592469822644691,0.0,2.8743714165497236,2.1972245773362196,0.0,0.0,0.05414721807044643,9.999500033330834e-05,0.0,0.0,0.0,0.0,0.045355701720797205,229,65,0,0,20,70,171
"Cola beverages, decaffeinated",0.0,1.4213856809311607,0.019802627296179712,0.7592469822644691,0.0,2.2407096892759584,2.1972245773362196,0.0,0.0,0.05414721807044643,9.999500033330834e-05,0.0,0.0,0.0,0.0,0.019900661706336177,229,97,0,0,20,70,171
"Cola mix, flavoured cola",0.004987541511039074,2.005333569526114,0.014888612493750654,0.826678573184468,0.0,2.496741107435003,2.1972245773362196,0.0,0.0,0.12804134988088406,9.999500033330834e-05,0.0,0.0,0.004987541511039074,0.0,0.019900661706336177,230,117,0,0,20,70,171
Cola-type drinks,0.0,1.9042374526547452,0.009950330853168082,0.7731898882334818,1.6582280766035324,3.186352633162641,2.1972245773362196,0.0,0.0246926125903715,0.05414721807044643,9.999500033330834e-05,0.0017484705341168846,0.3506568716131694,0.0,0.0,0.019900661706336177,231,0,0,0,20,70,171
Common banana,0.3184537311185346,1.9819862055291229,0.10281441996246213,3.467520024593228,0.6714856837787659,3.2188758248682006,5.942424351683341,0.06055739266584984,0.04114194333117517,0.34379231810771865,0.0011564738833626934,0.0,0.35306844834462064,0.2342812957246657,0.0,0.17419337434341226,232,0,0,0,8,33,116
"Common banana, PROCESS Baking",0.5306282510621704,2.2101042401998807,0.10094578505928761,3.355735007585398,0.6635467107836546,3.1570004211501135,5.7342577931222385,0.05559237342370508,0.039220713153281295,0.3079747757195434,0.0006664445431605202,9.999500033330834e-05,0.29589822722312137,0.37679124752355686,0.0,0.15114617080695958,232,9,0,0,8,33,116
"Common banana, PROCESS Cooking in water",0.26926348692776286,2.0794415416798357,0.11689375147149933,3.332204510175204,0.7070500857289368,3.044522437723423,5.53338948872752,0.050693114315518116,0.032467190137501496,0.30968815271439554,0.0,0.0,0.25541711186450544,0.26926348692776286,0.0,0.1697427745870945,232,11,0,0,8,33,116
"Common banana, PROCESS Steaming",0.262364264467491,2.0794415416798357,0.10795714150509228,3.4339872044851463,0.7163753066791524,3.1354942159291497,5.726847747587197,0.05259245011917058,0.0344014267173324,0.31626952930369345,0.0,0.0,0.27990188513281866,0.262364264467491,0.0,0.16551443847757338,232,18,0,0,8,33,116
Common bean sprouts,0.08617769624105233,3.4339872044851463,0.33647223662121295,3.9318256327243257,1.2993738890891888,4.110873864173311,5.730099782973574,0.1947440767925118,0.31481073984003355,0.6931471805599453,0.0,0.0,0.07788653865707124,0.08617769624105233,0.004987541511039074,0.4054651081081644,233,0,0,0,19,38,185
Common millet and similar-,0.048790164169432,2.9444389791664403,0.4045122733528925,4.864232301059824,1.7625268042741538,5.6584861997410245,5.675285013754531,0.16793281934185503,0.2669690308542393,1.9190212488389824,0.009950330853168083,0.0,0.4722332845730047,0.1397619423751587,0.0009995003330835331,1.231310000544055,234,0,0,0,10,14,23
"Common millet and similar-, PROCESS Cooking in water",0.09531017980432487,2.075863720331952,0.18255962369187706,3.742420221041966,0.8862438105218583,4.599439511279106,4.321290399486049,0.038258712117090345,0.0803942942113939,1.136550128008502,0.0009424129322573883,0.0,0.1644969718814026,0.060906934903521386,0.0,0.69485999856362,234,11,0,0,10,14,23
"Common millet and similar-, PROCESS Steaming",0.09531017980432487,2.075863720331952,0.18255962369187706,3.742420221041966,0.8862438105218583,4.599439511279106,4.321290399486049,0.038258712117090345,0.0803942942113939,1.136550128008502,0.0009424129322573883,0.0,0.1644969718814026,0.060906934903521386,0.0,0.69485999856362,234,18,0,0,10,14,23
Common mushrooms,0.0,2.2572888180788695,0.3380016786731111,2.4955639442619884,1.8913893101768962,4.656677743134023,5.8916442118257715,0.29309596229586105,0.08394716326876223,0.45343861237104044,0.007124559942296019,5.999820007199677e-05,0.12512112526455257,0.10002631406712442,0.013902905168991423,0.4815439259846016,235,0,0,0,19,47,42
"Common mushrooms, PROCESS Baking",0.0934903430873389,2.618438042412523,0.3569748989477303,2.8903717578961645,2.050527531515194,4.9865377425171955,6.123432217756322,0.3994470357826014,0.09218842909014018,0.8589037204792048,0.0,0.0,0.06952606264861023,0.0934903430873389,0.016857117066422903,0.4953058121079539,235,9,0,0,19,47,42
"Common mushrooms, PROCESS Cooking in water",0.9932517730102833,2.6016309240961415,0.3217936020805488,2.3335298968434675,1.8039468057824426,4.609446742755352,5.6381512932907425,0.2792537969701475,0.05651534997583884,0.5497715739006455,0.007287666050272192,9.999500033330834e-05,0.09751553842015269,0.08231704248921366,0.01587334915629015,0.4606745339572172,235,11,0,0,19,47,42
"Common mushrooms, PROCESS Frying",1.3454723665996355,2.1316272948504063,0.32518427684736156,2.9444389791664403,1.3646328643387113,4.616533944638406,5.860786223465865,0.2873248658039392,0.08355302281828117,0.6418538861723948,0.012069724087330456,0.0,0.1590772995922613,1.2214197179296566,0.0,0.41116312922280207,235,14,0,0,19,47,42
"Common mushrooms, PROCESS Steaming",0.9932517730102833,2.632916061593176,0.3337337966371649,2.4386133658171554,2.035638919021443,4.666130885777779,5.754656633599715,0.3029576614327445,0.06122948086911745,0.5763725648486423,0.007287666050272192,9.999500033330834e-05,0.10139552259445217,0.08434114843375087,0.016857117066422903,0.4801307478656507,235,18,0,0,19,47,42
Common nettle,1.6496197020669323,6.025658913052238,0.22314355131420976,4.409155302062135,1.554559250924111,4.6965766523119425,6.293419278846481,0.12348105677102117,0.15944277440902355,1.6512194464490555,0.00029995500899797546,9.999500033330834e-05,0.15088003095913563,0.681074599325676,0.0,0.7337405775251988,236,0,0,0,19,37,135
Common wheat grain,0.8754687373538999,3.3848744076302246,0.24797552701539144,4.399726211773283,1.9859154836690125,5.518599685581214,5.762500518202055,0.08957950509533984,0.27002713721306015,1.2829952114500658,0.004475683455161294,0.0,0.22394323148477407,0.5653138090500605,0.0025966258472659783,1.1496674594683938,237,0,0,0,10,14,23
Condensed milk (sometimes with added sugars),0.18232155679395465,5.658984331756306,0.034263390965853645,3.3063632789913164,1.1682716046982218,5.477658295203853,5.856299167191804,0.39599180631568276,0.08329017618777587,0.16624056703422732,0.0026821141995300533,0.0009795201135002552,0.11434857320774866,0.19597788324144025,0.0,0.6463550190531864,238,0,0,0,14,42,112
Conger,1.791759469228055,2.8903717578961645,0.08342160813907239,3.295836866004329,1.8870696490323797,5.814130531825066,5.638354669333745,0.2776317365982795,0.16551443847757338,0.6243328645595856,0.0,0.0009995003330835331,0.2468600779315258,1.7847852054907187,0.0,1.1144856378244,239,0,0,0,6,27,106
"Conger, PROCESS Baking",1.791759469228055,3.044522437723423,0.0934903430873389,3.367295829986474,1.8569227951344685,5.883322388488279,5.648974238161206,0.29490591754110057,0.15871169115482087,0.6302073807860711,0.0,0.0010993954433009636,0.23665190133900202,1.7847852054907187,0.0,1.235180731450129,239,9,0,0,6,27,106
"Conger, PROCESS Cooking in water",1.791759469228055,3.044522437723423,0.08026246374518226,3.247046701834897,1.8482973201883128,5.7374935319985125,5.607376456545106,0.2937351441648583,0.13914063138903324,0.644106985135304,0.0295588022415444,0.0019267141222757292,0.21222703957285927,1.7847852054907187,0.0,1.1689376053888398,239,11,0,0,6,27,106
"Conger, PROCESS Frying",1.791759469228055,3.044522437723423,0.0934903430873389,3.367295829986474,1.8569227951344685,5.883322388488279,5.648974238161206,0.29490591754110057,0.15871169115482087,0.6302073807860711,0.0,0.0010993954433009636,0.23665190133900202,1.7847852054907187,0.0,1.235180731450129,239,14,0,0,6,27,106
"Conger, PROCESS Steaming",1.791759469228055,3.044522437723423,0.08026246374518226,3.247046701834897,1.8482973201883128,5.7374935319985125,5.607376456545106,0.2937351441648583,0.13914063138903324,0.644106985135304,0.0295588022415444,0.0019267141222757292,0.21222703957285927,1.7847852054907187,0.0,1.1689376053888398,239,18,0,0,6,27,106
"Conger, european",1.791759469228055,3.5094109663023882,0.11269072675267083,3.230239583518516,2.012996442271683,5.758000060560998,5.596833396313237,0.2151113796169455,0.13602827282310984,0.6884935118785983,0.0,0.0015701951695172895,0.2468600779315258,1.7847852054907187,0.0,1.000631880307906,239,106,0,0,6,27,106
"Conger, european, PROCESS Baking",1.791759469228055,3.678107357132025,0.12977434374681035,3.3270894095084333,2.1322203393037595,5.852612904569893,5.655991810819852,0.2282732291342082,0.13102826240640408,0.7206233718439632,0.0,0.0019267141222757292,0.23665190133900202,1.7847852054907187,0.0,1.1172471008134668,239,106,4,0,6,27,106
"Conger, european, PROCESS Cooking in water",1.791759469228055,3.044522437723423,0.08026246374518226,3.247046701834897,1.8482973201883128,5.7374935319985125,5.607376456545106,0.2937351441648583,0.13914063138903324,0.644106985135304,0.0295588022415444,0.0019267141222757292,0.21222703957285927,1.7847852054907187,0.0,1.1689376053888398,239,106,5,0,6,27,106
"Conger, european, PROCESS Frying",1.791759469228055,3.044522437723423,0.0934903430873389,3.367295829986474,1.8569227951344685,5.883322388488279,5.648974238161206,0.29490591754110057,0.15871169115482087,0.6302073807860711,0.0,0.0010993954433009636,0.23665190133900202,1.7847852054907187,0.0,1.235180731450129,239,106,6,0,6,27,106
"Conger, european, PROCESS Steaming",1.791759469228055,3.044522437723423,0.08026246374518226,3.247046701834897,1.8482973201883128,5.7374935319985125,5.607376456545106,0.2937351441648583,0.13914063138903324,0.644106985135304,0.0295588022415444,0.0019267141222757292,0.21222703957285927,1.7847852054907187,0.0,1.1689376053888398,239,106,8,0,6,27,106
"Continental european brown cooked sauce, gravy",0.06952606264861023,2.1709566505156093,0.026641930946421175,1.4663370687934272,0.22527461232316387,2.412933150162911,3.912023005428146,0.058740495022600085,0.008464078412129412,0.34500713907105035,0.00020997795308651384,1.9999800002666627e-05,0.020292703267762432,1.377858882298789,0.0,0.07603468627599762,240,139,0,0,16,56,164
Cooked bovine tongue,0.2295231582782488,2.8982769374032777,0.1578580846155803,2.7061436228316285,2.1962240770026358,5.073386504659731,5.1085395090776275,0.28356647211809405,0.07986686803882981,1.3229360955875276,0.0021975835434872217,0.004475683455161295,0.10062072916726306,0.2434166561537655,0.0,1.2738053232103312,241,0,0,0,13,55,37
"Cooked bratwurst-type sausage, PROCESS Baking",0.2707902047815628,3.1416861861770706,0.07364868302314546,3.044522437723423,2.065722869538898,4.72231809936209,5.426836217349015,0.164908928316778,0.37717340751605727,0.6670965033600028,0.0,0.0014988761237358917,0.2716615696117757,0.2707902047815628,0.003992021269537453,1.1156098650366808,242,9,0,0,13,57,169
"Cooked bratwurst-type sausage, PROCESS Cooking in water",0.0,2.6390573296152584,0.06859279146561172,3.1354942159291497,2.065722869538898,4.574710978503383,5.455321115357702,0.16466662155523387,0.37431837911132765,0.5922212619699848,0.004788516731797178,0.001698556635581477,0.302324349188651,0.2707902047815628,0.003992021269537453,1.082482906738226,242,11,0,0,13,57,169
"Cooked bratwurst-type sausage, PROCESS Steaming",0.2707902047815628,2.6390573296152584,0.06859279146561172,3.1354942159291497,2.065722869538898,4.574710978503383,5.455321115357702,0.16466662155523387,0.37431837911132765,0.5922212619699848,0.0,0.0016985566355814771,0.30232434918865103,0.2707902047815628,0.003992021269537453,1.082482906738226,242,18,0,0,13,57,169
"Cooked bratwurst-type sausage, QUAL Low fat (naturally or reduced), PROCESS Baking",0.56815069038526,3.044522437723423,0.11778303565638346,3.2188758248682006,2.606231553765013,5.236441962829949,5.780743515792329,0.09531017980432487,0.16211884947643518,0.7095125346462096,0.0,0.000699755114273342,0.36394842790523074,0.56815069038526,0.002995508979798479,1.0163170459412794,242,23,4,0,13,57,169
"Cooked bratwurst-type sausage, QUAL Low fat (naturally or reduced), PROCESS Cooking in water",0.56815069038526,3.044522437723423,0.11778303565638346,3.2188758248682006,2.606231553765013,5.236441962829949,5.780743515792329,0.09531017980432487,0.16211884947643518,0.7095125346462096,0.0,0.000699755114273342,0.36394842790523074,0.56815069038526,0.002995508979798479,1.0163170459412794,242,23,5,0,13,57,169
"Cooked bratwurst-type sausage, QUAL Low fat (naturally or reduced), PROCESS Steaming",0.56815069038526,3.044522437723423,0.11778303565638346,3.2188758248682006,2.606231553765013,5.236441962829949,5.780743515792329,0.09531017980432487,0.16211884947643518,0.7095125346462096,0.0,0.000699755114273342,0.36394842790523074,0.56815069038526,0.002995508979798479,1.0163170459412794,242,23,8,0,13,57,169
Cooked other poultry meat,0.0,2.6390573296152584,0.07696104113612832,3.367295829986474,2.606231553765013,5.860786223465865,5.8888779583328805,0.16551443847757338,0.048790164169432,0.33647223662121295,0.010939940038334362,0.0,0.3506568716131694,0.2151113796169455,0.0,0.5877866649021191,243,0,0,0,13,55,37
Cooked pork ham,0.262364264467491,2.2289385528257473,0.06937057792467109,3.004031076368686,2.165925001567973,5.581614840681993,5.7791991139409555,0.1465504424826889,0.37717340751605727,0.5586629531801508,0.008464078412129412,0.0008096721270394528,0.26951810182410973,0.15990551750962245,0.0,1.1760876008364003,244,0,0,0,13,55,37
Cooked pork tongue,0.09531017980432487,2.3105532626432224,0.1972101692877053,2.9740707767728116,2.254444717666111,5.239476866525103,5.591519887531196,0.3978168872699075,0.3452094658294543,1.3116477824052313,0.011928570865273802,0.0019837453611522738,0.2868960493308158,0.40706382947186137,0.0,1.267189023035433,245,0,0,0,13,55,37
"Cooked sausages (generic), QUAL Low fat (naturally or reduced)",0.26082461828189824,3.2525868822105126,0.07762219818500593,2.9368917735310576,1.7802650898023198,5.073386504659731,5.6649426413399375,0.1385189341355617,0.3544057044946891,0.6747649725618958,0.00683373957856508,0.0012135490656620508,0.2220000406121308,0.24592213820354933,0.008959741371471902,0.989275624630644,246,23,0,0,13,57,38
"Cooked sausages (generic), QUAL Low sodium / reduced salt",0.23586232372198446,2.3978952727983707,0.05921185963184609,2.833213344056216,1.8272874752872004,5.225746673713202,5.327876168789581,0.07696104113612832,0.37717340751605727,1.308332819650179,0.0,0.0008995952428360929,0.2669690308542393,0.23586232372198446,0.008959741371471902,0.7870927934024733,246,24,0,0,13,57,38
Cooked turkey meat,0.09531017980432487,2.46080909820894,0.09062389161324612,3.2358734012367716,2.606231553765013,5.459585514144159,5.607900702952919,0.1506343005241849,0.05286348955706782,0.6684152814835843,0.015170064789444798,0.0010137716740903331,0.3308441839042109,0.2151113796169455,0.0,1.1920592619191628,247,0,0,0,13,55,37
Coriander seed,0.0,6.025658913052238,0.6261309257071586,4.9185200051884514,1.5195132049061133,6.009865632478873,6.5245058508019955,0.2546422183735807,0.21453517677760955,2.1550789558854557,0.025862659525727368,0.0,0.2288415724288475,1.0647107369924282,0.0,1.727842976812722,248,0,0,0,12,60,177
Corn chips,0.5247285289349821,4.429114670772783,0.17185025692665923,4.3475091297911685,1.2887602817115282,5.194542894045845,5.326488243514733,0.06899287148695145,0.13228061072286998,0.9214204096941535,0.0030524792982779673,0.0,0.2038733536807696,1.4915548717773834,0.004987541511039074,0.8392245423529862,249,0,0,0,10,13,130
Corn curls,0.18232155679395465,3.563478187572664,0.1369007100941265,3.5094109663023882,1.57327765416469,4.709530201312334,5.477658295203853,0.0934903430873389,0.13827014697169607,0.6488966964325452,0.004162752283240739,0.00013332444523448888,0.14891249466282497,1.513763666365695,0.0,0.41475515501525706,250,0,0,0,10,13,130
Corn semolina based thick soup,0.0,1.3873652161213836,0.007968169649176874,1.3862943611198906,0.29802836450592524,2.8094026953624978,2.975529566236472,0.012323749688831936,0.03998964821615846,0.23680974207802435,0.0,0.0,0.006975613736425242,0.1239859797809912,0.0,0.12327901616017127,251,0,0,0,10,11,144
"Corned beef, uncooked",0.0,3.3232358401924436,0.1967995759746078,2.6567569067146595,1.9833435516344988,4.804021044733257,4.768563732896527,0.11332868530700317,0.05826890812397577,1.155307632344655,0.007968169649176874,0.0009995003330835331,0.13102826240640408,0.1397619423751587,0.0,1.5570914320618912,252,266,0,0,13,55,156
"Corned beef, uncooked, PROCESS Baking",0.1680535849962497,3.6635616461296463,0.28216689176367077,3.044522437723423,2.131322163556825,5.1647859739235145,5.0238805208462765,0.12133228516752496,0.03052920503482287,1.441492521584653,0.0,0.0009995003330835331,0.13365638481267358,0.1680535849962497,0.0,1.727842976812722,252,266,4,0,13,55,156
"Corned beef, uncooked, PROCESS Cooking in water",0.1680535849962497,3.5094109663023882,0.2502026994282156,2.9740707767728116,2.338985899880338,5.107675578138363,4.9638431325894965,0.126632650933366,0.024692612590371497,1.4396658517038852,0.007968169649176874,0.0012706209905708889,0.1253732049230591,0.3547330597013911,0.0,1.727842976812722,252,266,5,0,13,55,156
"Corned beef, uncooked, PROCESS Frying",0.1680535849962497,3.6635616461296463,0.28216689176367077,3.044522437723423,2.131322163556825,5.1647859739235145,5.0238805208462765,0.12133228516752496,0.03052920503482287,1.441492521584653,0.0,0.0009995003330835331,0.13365638481267358,0.1680535849962497,0.0,1.727842976812722,252,266,6,0,13,55,156
"Corned beef, uncooked, PROCESS Steaming",0.1680535849962497,3.5094109663023882,0.2502026994282156,2.9740707767728116,2.338985899880338,5.107675578138363,4.9638431325894965,0.126632650933366,0.024692612590371497,1.4396658517038852,0.007968169649176874,0.0012706209905708889,0.1253732049230591,0.3547330597013911,0.0,1.727842976812722,252,266,8,0,13,55,156
"Corned pork meat, cooked",0.13102826240640408,1.81319474994812,0.048790164169432,3.1135153092103742,2.295560478057081,5.71042701737487,5.762051382780177,0.10345870836822998,0.37717340751605727,0.41871033485818504,0.010346292054144304,0.0004299075764937892,0.2851789422336624,0.13102826240640408,0.0,0.8712933659434193,254,86,0,0,13,55,37
"Corned pork, uncooked, PROCESS Baking",0.28065745751481647,3.5263605246161616,0.13278111123381847,3.5553480614894135,2.2209411039535354,5.2574953720277815,4.290459441148391,0.21026092548319608,0.1380212978973747,1.2820443397460914,0.0,0.0003999200213269354,0.1414995622736995,0.28065745751481647,0.0,1.727842976812722,253,266,4,0,13,55,156
"Corned pork, uncooked, PROCESS Cooking in water",0.28065745751481647,3.5263605246161616,0.13278111123381847,3.5553480614894135,2.2209411039535354,5.2574953720277815,4.290459441148391,0.21026092548319608,0.1380212978973747,1.2820443397460914,0.0,0.0003999200213269354,0.1414995622736995,0.28065745751481647,0.0,1.727842976812722,253,266,5,0,13,55,156
"Corned pork, uncooked, PROCESS Steaming",0.28065745751481647,3.5263605246161616,0.13278111123381847,3.5553480614894135,2.2209411039535354,5.2574953720277815,4.290459441148391,0.21026092548319608,0.1380212978973747,1.2820443397460914,0.0,0.0003999200213269354,0.1414995622736995,0.28065745751481647,0.0,1.727842976812722,253,266,8,0,13,55,156
Cornmeal porridge,0.0,1.9740810260220096,0.0657877405380031,2.9444389791664403,0.6643360987058257,4.437934266612178,3.756538102587751,0.03883602378519814,0.09748962127725708,0.6439569363691736,0.0,0.0,0.010939940038334362,0.3499523981779056,0.0,0.5970767118092116,255,0,0,0,10,11,144
"Cornmeal porridge, INGRED Cow milk, whole",0.09531017980432487,4.848116364598481,0.01044525786153865,2.5494451709255714,0.09531017980432487,4.562262684976814,5.063860055333554,0.1397619423751587,0.0295588022415444,0.09531017980432487,0.002895803112025565,0.0003999200213269354,0.048790164169432,0.09531017980432487,0.0,0.33647223662121295,255,5,33,0,10,11,144
"Cornmeal porridge, INGRED Tap water",0.3499523981779056,1.8382794848629478,0.0657877405380031,2.9444389791664403,0.6726528855453605,4.31748811353631,3.900528626002411,0.041690188958942595,0.117402010694639,0.6433565160569298,0.0,0.0,0.010939940038334362,0.3499523981779056,0.0,0.5459721144691122,255,6,0,0,10,11,144
Cottage cheese,0.09075436326846414,4.513994305322221,0.02844861617137019,2.305438161976452,1.4427759586697704,4.943681159299152,4.602308953707059,0.21626279022198733,0.028865080396172107,0.1484200051182733,0.004859601557349406,0.0006640651741929628,0.06230388333615485,0.10390946339051156,0.002995508979798479,0.4735686954102318,256,0,0,0,14,15,72
"Cottage cheese, QUAL Fat free",0.09531017980432487,4.827170226600222,0.008846468638929305,2.468099531471619,1.526677228693515,5.0616904648965395,4.939599520979504,0.19415601444095745,0.032467190137501496,0.12095261041766252,0.0027675952441604686,0.0005427098492222245,0.04851801829756591,0.05590763193829599,0.0,0.35667494393873234,256,20,0,0,14,15,72
"Cotton seed oil, edible",1.791759469228055,1.3873652161213836,0.004987541511039074,0.7592469822644691,0.0,1.6094379124341003,2.1972245773362196,0.0,0.0,0.05414721807044643,0.0,0.0,0.0,1.7847852054907187,0.0,0.019900661706336177,257,102,0,0,2,67,166
Courgettes,0.09531017980432487,3.060717123643404,0.05123614989769242,3.1618518557716655,0.548781801467484,3.5487960314981137,5.529429087511423,0.0410048349467827,0.09673773179551028,0.52667085104205,0.0007597113462419786,0.0,0.10654552753953571,0.1722712209404532,0.0030952049073024192,0.30884931445612773,258,0,0,0,19,35,41
Courgettes and similar-,0.09531017980432487,3.0923403120739157,0.04073056176897995,3.1756700389926693,0.6569276735643655,3.7246601913947743,5.6209183301530175,0.06404732909393708,0.10448870717179184,0.5584722772333437,0.0005998200719676155,0.0,0.10782889527214959,0.1722712209404532,0.0030952049073024192,0.23088493788043257,259,0,0,0,19,35,41
"Courgettes and similar-, PROCESS Baking",0.048790164169432,2.9444389791664403,0.045109931023619404,2.767935053558434,0.6340793819793792,3.3347522822540028,5.381870389366318,0.05082890085928029,0.12234404698394602,0.6187314687515405,0.0,0.0,0.08748745412311582,0.37266639635677823,0.0037728737524982655,0.175033156049535,259,9,0,0,19,35,41
"Courgettes and similar-, PROCESS Cooking in water",0.0,3.1945831322991562,0.0322735605502957,2.772588722239781,0.5916680116100915,3.5779478934066544,5.048573133436648,0.03177548367013518,0.11136246785346071,0.5484681691905015,0.0009995003330835331,0.0,0.08489246701796259,0.31787174361483855,0.010939940038334362,0.20391995634645052,259,11,0,0,19,35,41
"Courgettes and similar-, PROCESS Frying",0.0,3.6635616461296463,0.048790164169432,3.4965075614664802,0.6418538861723948,4.127134385045092,6.19644412779452,0.012775191488722826,0.09531017980432487,0.8754687373538999,0.0009995003330835331,0.0,0.08617769624105233,0.6043159668533294,0.0,0.4054651081081644,259,14,0,0,19,35,41
"Courgettes and similar-, PROCESS Steaming",0.0,3.1945831322991562,0.03343477608623739,2.975529566236472,0.6439569363691736,3.594568774642695,5.281171207713066,0.037295784743696894,0.12944806718688648,0.5710925345526395,0.0009995003330835331,0.0,0.09912109086780718,0.3104215594212703,0.0037728737524982655,0.2233035385155749,259,18,0,0,19,35,41
"Courgettes, PROCESS Baking",0.048790164169432,2.9589200861439657,0.0609606997896872,2.9878441007049847,0.532978428407124,3.4031003318082416,5.255260734226365,0.04141610371671696,0.07696104113612832,0.4380705821427265,0.0007996801705643321,0.0,0.07258640699708162,0.24592213820354936,0.0037728737524982655,0.2924563716120813,258,9,0,0,19,35,41
"Courgettes, PROCESS Cooking in water",0.0,3.1945831322991562,0.0322735605502957,2.772588722239781,0.5916680116100915,3.5779478934066544,5.048573133436648,0.04478214277189318,0.11136246785346071,0.5484681691905015,0.0009995003330835331,0.0,0.08489246701796259,0.31787174361483855,0.0037728737524982655,0.20391995634645052,258,11,0,0,19,35,41
"Courgettes, PROCESS Frying",0.6043159668533294,3.6635616461296463,0.048790164169432,3.4965075614664802,0.6418538861723948,4.127134385045092,6.19644412779452,0.009950330853168083,0.09531017980432487,0.8754687373538999,0.0009995003330835331,0.0,0.08617769624105233,0.6043159668533294,0.0,0.4054651081081644,258,14,0,0,19,35,41
"Courgettes, PROCESS Steaming",0.0,3.1945831322991562,0.03343477608623739,2.975529566236472,0.6439569363691736,3.594568774642695,5.281171207713066,0.05619127964974249,0.12944806718688648,0.5710925345526395,0.0009995003330835331,0.0,0.09912109086780718,0.3104215594212703,0.0037728737524982655,0.2233035385155749,258,18,0,0,19,35,41
Couscous,0.18232155679395465,3.0975149678639333,0.2288415724288475,3.744449305268747,1.5445488536749192,5.136638420299986,5.228814160781063,0.057864513699107716,0.11841775481447446,0.8475223249890582,0.0076705063042197,0.0,0.08918757877247073,0.5877866649021191,0.0,0.6910736036130365,260,0,0,0,10,51,141
"Couscous, PROCESS Cooking in water",0.37500590062345585,2.671188607798052,0.11079998062243056,2.8390784635086144,1.1399827042066348,4.582413198865475,4.430306464563292,0.031083298413731284,0.1022986901934241,0.8246765705137948,0.002092808547694631,0.0,0.063779304434064,0.05417247888839306,9.999500033330834e-05,0.4032722293155146,260,11,0,0,10,51,141
"Couscous, PROCESS Steaming",0.37500590062345585,2.671188607798052,0.11079998062243056,2.8390784635086144,1.1399827042066348,4.582413198865475,4.430306464563292,0.031083298413731284,0.1022986901934241,0.8246765705137948,0.002092808547694631,0.0,0.063779304434064,0.05417247888839306,9.999500033330834e-05,0.4032722293155146,260,18,0,0,10,51,141
"Cow milk, natural high fat",0.09531017980432487,4.788681510917635,0.00966740540213666,2.5427262206768266,0.5677459140186729,4.5417738694292975,5.03416579150645,0.1691398200918903,0.03522924133414235,0.05414721807044643,0.0013847550697041033,0.0004641779670225228,0.037158147966932925,0.14045735269525578,0.0003999200213269354,0.32518427684736156,261,179,0,0,14,43,111
"Cow milk, natural high fat, QUAL Low / reduced lactose",0.06765864847381481,4.795790545596741,0.006975613736425242,2.5649493574615367,0.5247285289349822,4.532599493153256,4.948759890378168,0.16551443847757338,0.03633192924739028,0.05826890812397577,0.0,0.0003999200213269354,0.038258712117090345,0.06765864847381481,0.0009995003330835331,0.33647223662121295,261,179,11,0,14,43,111
"Cow milk, semi skimmed (half fat)",0.05354076692802982,4.788681510917635,0.008364916331627708,2.5268708488870324,0.634988266386413,4.542838751251992,5.0805166596443225,0.17010437285536287,0.0394954006979284,0.0746435429957658,0.0015188459692698005,0.000372787648906327,0.039632716180464794,0.06695746812488096,9.999500033330834e-05,0.35367043491843364,261,239,0,0,14,43,111
"Cow milk, semi skimmed (half fat), FORT Mixed supplements/formulations",0.039220713153281295,4.844187086458591,0.007968169649176874,2.5107600286143343,0.826678573184468,4.586424143167036,5.058063987667366,0.19014799304341867,0.050693114315518116,0.05414721807044643,0.0009709570400418773,0.00037135960891263877,0.05286348955706782,0.09531017980432487,0.0,0.3546729412680593,261,239,2,0,14,43,111
"Cow milk, semi skimmed (half fat), QUAL Low / reduced lactose",0.09531017980432487,4.795790545596741,0.00966740540213666,2.4849066497880004,0.9230677161531787,4.51085950651685,4.864232301059824,0.1691398200918903,0.039220713153281295,0.09531017980432487,0.002796087302001274,0.0003999200213269354,0.048790164169432,0.09531017980432487,0.0,0.33647223662121295,261,239,11,0,14,43,111
"Cow milk, skimmed (low fat)",0.09531017980432487,4.8075277695424665,0.005584378293900614,2.5605440639936203,0.639294222048051,4.569987025224876,5.089358450225784,0.16393934879590505,0.036194159735565286,0.07076907088820725,0.0014047271943251186,0.0004141999216534737,0.04031901090234389,0.0,0.0,0.3794144309082218,261,245,0,0,14,43,111
"Cow milk, skimmed (low fat), FORT Mixed supplements/formulations",0.019802627296179712,4.770684624465665,0.002995508979798479,2.4336133554004498,0.16551443847757338,4.553876891600541,5.017279836814924,0.20468858694085068,0.048790164169432,0.05414721807044643,0.0035935355101301704,0.0005398542524667516,0.039220713153281295,0.019802627296179712,0.0,0.33647223662121295,261,245,2,0,14,43,111
"Cow milk, skimmed (low fat), QUAL Low / reduced lactose",0.09531017980432487,4.804021044733257,0.004276556767260232,2.5649493574615367,0.5944312076207876,4.51085950651685,5.081404364984463,0.17395330712343804,0.0295588022415444,0.09531017980432487,0.002796087302001274,0.0003999200213269354,0.048790164169432,0.09531017980432487,0.0,0.33647223662121295,261,245,11,0,14,43,111
"Cow milk, whole",0.08157998699242289,4.7934264783018605,0.010544213875671154,2.5268708488870324,0.5909562396633982,4.534441114299906,5.053512318452648,0.16551443847757338,0.036056371240686585,0.06140862812864351,0.0016999827815432384,0.00047274538114852756,0.04783732941416012,0.07696104113612832,0.0007663729279013366,0.3415613061286842,261,276,0,0,14,43,111
"Cow milk, whole, QUAL Low / reduced lactose",0.0,4.795790545596741,0.006975613736425243,2.5649493574615367,0.5247285289349821,4.532599493153256,4.948759890378168,0.16551443847757338,0.03633192924739028,0.05826890812397577,0.0,0.0003999200213269354,0.038258712117090345,0.06765864847381481,0.0009995003330835331,0.33647223662121295,261,276,11,0,14,43,111
"Crabmeat, cooked-deprecated",1.5260563034950492,4.8283137373023015,0.6261309257071586,3.5691302010040102,1.953473312826369,5.462771921513567,5.101085197018328,0.18529332718311212,0.036910354020097076,1.079817724534058,0.03536714383729131,0.0003932559980561415,0.15749203006936602,1.3674682568698417,0.000499875041651048,1.727842976812722,262,87,0,0,6,20,104
"Crabs, sea-spiders",1.2237754316221157,4.649870364905998,0.34864277224146817,4.0329756158458085,2.052840859882657,5.4116460518550396,5.425579146158964,0.04910757410702787,0.0532699110217152,1.2102388459045825,0.03536714383729131,0.004967640815509108,0.18707215955255244,1.4060969884160703,0.0,1.727842976812722,263,238,0,0,6,20,104
"Crabs, sea-spiders, PROCESS Baking",1.7582026856992121,4.709530201312334,0.30306317449008324,4.290459441148391,2.0475638027818133,5.493061443340548,5.605802066295998,0.23845431255130134,0.042101176018635396,1.028189824371564,0.0,0.0008995952428360929,0.13102826240640408,1.7582026856992121,0.0,1.2823217707369123,263,238,4,0,6,20,104
"Crabs, sea-spiders, PROCESS Cooking in water",0.7975071958841881,4.028916756899645,0.6261309257071586,3.927896354584436,1.9655526995142696,5.6429197292525,5.384495062789089,0.2951540872904819,0.09505040580624108,0.8371856797023642,0.03536714383729131,0.004310695587084546,0.20979774807797244,1.3789675857334298,0.0,1.727842976812722,263,238,5,0,6,20,104
"Crabs, sea-spiders, PROCESS Frying",1.791759469228055,4.762173934797756,0.3008450589780618,4.290459441148391,1.9235184587404122,5.480638923341991,5.529429087511423,0.2367646472661748,0.046883585898850416,1.018486244188825,0.0,0.0007996801705643322,0.10795714150509228,1.7847852054907187,0.0,1.3156036204971213,263,238,6,0,6,20,104
"Crabs, sea-spiders, PROCESS Steaming",0.7975071958841881,4.4274096405217,0.6261309257071586,4.038026131631877,1.9950112464154817,5.527158938976884,5.367310238034988,0.26126475913407415,0.08670180526772468,0.8758853172391162,0.03536714383729131,0.0026365213211297605,0.18255962369187698,1.7050389590234893,0.0,1.669887729057031,263,238,8,0,6,20,104
Crackers and breadsticks,1.5454325824581878,4.33292392166615,0.1736731558399136,3.443085474364408,1.6261639163496864,5.155408812110917,5.0367361287684504,0.11955923505763925,0.21645456316341313,1.1031574990871198,0.0036483367187596324,0.0,0.08617769624105234,0.8011043220650376,0.001998002662673056,0.6400100821468165,264,0,0,0,10,10,199
Cranberries,0.6418538861723948,2.6790626642289577,0.06739159011997763,2.114532861491106,0.348138612916446,2.4107986776342782,4.286537867495209,0.03232888711536001,0.036010437523033074,0.5941157999537665,9.999500033330834e-05,0.0,0.06498485008941263,0.5306282510621704,0.0,0.2645596550309267,265,0,0,0,8,33,7
Cream cake,0.4731237565819792,4.071952871907199,0.05513732519651065,2.4386133658171554,0.8919980393051105,4.573532080636225,4.875306368509585,0.10062072916726306,0.051507557145931936,0.5675839575845996,0.0076421527926353915,0.0004099159729666046,0.047156176877777,0.8940451229268352,0.004987541511039074,0.46346443812025007,267,0,0,0,10,26,18
Cream cheese cake,0.5458065926612362,4.054679305829669,0.04305948946044698,2.367123614131617,0.7774883289936961,4.299550412849643,4.666578814116735,0.11154137473290741,0.048155041887047105,0.36603103886275734,0.001998002662673056,0.000499875041651048,0.03149866705937099,0.6479405877218661,0.001998002662673056,0.3586064107884796,268,0,0,0,10,26,18
Cream chocolate,0.22314355131420976,4.924143262742812,0.4271334075872938,4.288500576663059,1.0161102100131416,5.220355825078324,6.119669278226779,0.20701416938432615,0.053676167375058155,1.4998143546569198,0.0034227072775022305,0.000499875041651048,0.05570497716001603,0.7196917357820576,0.002995508979798479,0.8426134361967734,269,0,0,0,18,19,26
Cream custard cake,0.7504722471792148,4.163337433709052,0.05191452995220022,2.494385393742544,0.9731570395631922,4.518678154634648,4.627770017905332,0.21810229407479248,0.06859279146561172,0.6279989497776953,0.004708895727734253,0.0006198078794057441,0.035091319811270096,0.6416433376928298,0.004987541511039074,0.5440669575457926,270,0,0,0,10,26,18
Cream liqueur,0.0,2.9813435361018916,0.0246926125903715,1.126783165634806,0.5872309549683962,3.542200789125379,3.043160967125102,0.03894595013465478,0.008298802814695094,0.09531017980432487,0.0,6.999755011432734e-05,0.01153323581367303,0.3920420877760237,0.0,0.16551443847757338,271,0,0,0,1,66,100
Cream powder,0.832909122935104,6.025658913052238,0.16126814759612226,4.454347296253507,1.864080130807681,6.154615419744767,6.5245058508019955,0.41314979086671205,0.22314355131420976,0.6418538861723948,0.0,0.002995508979798479,0.262364264467491,0.832909122935104,0.0,1.3862943611198906,272,0,0,0,14,42,113
Cream sauce,0.4252677354043441,3.5662408994811554,0.020782539182528502,1.8588987720656835,0.3126185577418125,3.638024660062287,4.078102256120678,0.08831608104856785,0.04513269010733967,0.2313762362406861,0.0009795201135002552,6.999755011432734e-05,0.02012937129516576,0.335328725919134,0.0,0.16041672140590474,273,0,0,0,16,56,164
Cream sprayable,0.5822156198526637,4.057976918051226,0.009950330853168083,2.097141118779237,0.4700036292457356,4.062903036387282,4.671492828919164,0.2128045735190305,0.02817087696669632,0.05414721807044643,0.0009995003330835331,0.00011427918417099721,0.019802627296179712,0.5944312076207876,0.0,0.1799377654386784,274,0,0,0,14,43,40
Cream with other ingredients,0.0,4.333361462692601,0.011137744410455924,2.2192034840549946,0.6719235441083187,4.053522567701846,4.611152257665639,0.12221763272424921,0.022739486969489426,0.1484200051182733,0.001179304347193096,0.00030795257773712144,0.02605753431928962,0.5653138090500605,0.0,0.19062035960864976,275,0,0,0,14,43,40
"Cream with other ingredients, QUAL Half fat or medium fat",0.5877866649021191,4.394449154672439,0.011928570865273802,2.302585092994046,0.4252677354043441,4.127134385045092,4.709530201312334,0.1397619423751587,0.0246926125903715,0.1484200051182733,0.0,0.0003999200213269354,0.0295588022415444,0.5877866649021191,0.0,0.22314355131420976,275,21,0,0,14,43,40
"Cream, plain",0.5098251234324072,4.379523504455763,0.007684682758546947,2.247978043503049,0.5725924501612025,4.242353974027276,4.662090476240774,0.13353139262452263,0.02385602581542188,0.0657877405380031,0.001926714122275729,0.0002856734771606279,0.02928137125072349,0.6760010217249748,0.003792798238696237,0.22588265368870894,266,201,0,0,14,43,40
"Cream, plain, QUAL Half fat or medium fat",0.25464221837358075,4.6137050884379285,0.02622453963601368,2.3848231912310176,0.5754891370917128,4.404975567659426,4.850913569219542,0.1530888918400534,0.03136023001339645,0.05414721807044643,0.0012406586361268354,0.0004270516576018839,0.034953379263427405,0.4221255490012716,0.0010993954433009636,0.2747053810714817,266,201,9,0,14,43,40
"Cream, plain, QUAL Low fat (naturally or reduced)",0.31481073984003355,4.599655005299981,0.008251576197765021,2.441104027129607,0.6039255705961754,4.411238636148989,4.9310765962551875,0.15675951874372981,0.03412533615787569,0.054488185284069734,0.0014075803224234394,0.0004070599969796488,0.03908334108080756,0.3068962913755852,0.000499875041651048,0.2919230667090355,266,201,12,0,14,43,40
Cream-cheese strudel,0.25153662581542763,4.04305126783455,0.0657877405380031,2.6390573296152584,1.1326916023209723,4.795790545596741,4.875197323201151,0.13102826240640408,0.045928931888399804,0.5492768101402434,0.0,0.000499875041651048,0.05448818528406973,0.25153662581542763,0.003992021269537453,0.44596705141749426,276,0,0,0,10,26,153
Creamed vegetable mix,0.2468600779315258,4.38772465578852,0.07192191099283135,2.747270914255491,1.0880327122624298,4.336356597840693,5.325098389225679,0.08118491225231343,0.06779215091043256,0.40517935299834734,0.0011707429843382288,0.0002066453140529761,0.11409369873204751,0.8077250852673805,0.016857117066422903,0.40860303679909155,277,0,0,0,4,22,51
Cresses,0.5877866649021191,4.9787022469932465,0.0934903430873389,3.607049435866304,1.179445892292183,3.8859723282282035,6.066108090103747,0.15333401992070236,0.08355302281828117,1.0397717886451763,0.0001666527793207948,0.0,0.2023575835543751,0.8241754429663494,0.042101176018635396,0.2634625622165537,278,0,0,0,19,37,99
"Crisp bread, rye wholemeal",0.5538851132264376,3.802951910373784,0.3012890758579978,4.607168188650764,1.4148008299174968,5.761002614986093,6.164016312306131,0.10014694860493886,0.20375683751401966,1.354029400532615,0.003017442936655265,0.0,0.2083682657320554,0.6999241648389691,0.004987541511039074,1.245978098470966,279,233,0,0,10,10,199
"Crisp bread, rye, refined flour",0.3001045924503381,4.174387269895637,0.2868960493308158,4.646449218907527,1.5438474095863222,5.853433249160607,6.208590026096629,0.11892524023516045,0.25042514409602196,1.4598103213344267,0.0065783153601225676,0.0,0.18884783329523036,0.6973383851784134,0.004987541511039074,1.2328101258357929,279,232,28,0,10,10,199
"Crisp bread, wheat, refined flour",0.0,4.189654742026425,0.26849925303500694,3.828641396489095,1.6055503657069081,5.10230248262208,5.320078858329549,0.13592851722424412,0.3431640819107851,0.9732002258472351,0.002097798082146129,0.0,0.31699812678583406,0.5859330962527961,0.0009995003330835331,0.927823967687828,279,271,28,0,10,10,199
"Crisp bread, wheat, wholemeal",0.9301936370431465,4.393566931412748,0.33115198670764656,4.276070703696291,1.8380294536077386,5.484026037730949,5.8028949404102645,0.12272319390791926,0.18955722088705051,1.253823630284521,0.00822323915700029,0.0,0.14286272005340692,0.5618988939499913,0.0027522091953744244,1.0677111573344178,279,271,34,0,10,10,199
Croissant,0.2654364635044612,4.02266952551521,0.09105873094696666,3.044522437723423,1.4469974112332953,4.641180623511125,4.863680881139593,0.13773089568827704,0.13569571545389925,0.7601825818961037,0.0045894523338072864,0.00014998875112487347,0.06500716130861013,0.7375467678566298,0.002995508979798479,0.5298436296017526,280,0,0,0,10,26,210
Croissant from puff pastry,0.0,3.752323626670471,0.08755289700786152,3.0204248861443626,1.479146978134507,4.51085950651685,4.687671407499835,0.1385438094480591,0.14600329411984297,0.7348647739118138,0.00523626679524635,0.00014998875112487347,0.07455073126429633,0.7268237069193292,0.013902905168991423,0.5528500950212226,281,0,0,0,10,26,153
"Croissant, filled with chocolate",1.2098554674840916,3.9937346493228723,0.27784816339276136,3.5479740010366987,1.4353225921872452,4.846434278415496,5.318820028874554,0.1626046401102297,0.14249113399599453,0.9165764053513157,0.0034796532642492046,0.00020797837099916945,0.10436001532424277,0.7805168266968524,0.002995508979798479,0.6492699282511577,280,110,0,0,10,26,210
"Croissant, filled with cream",0.048790164169432,2.9444389791664403,0.0,0.7592469822644691,1.0296194171811581,4.356708826689592,4.07753744390572,0.1484200051182733,0.15700374880966478,0.832909122935104,0.0,0.0,0.10436001532424277,0.048790164169432,0.0,0.6931471805599453,280,111,0,0,10,26,210
"Croissant, filled with jam",0.0,2.3978952727983707,0.0,0.7592469822644691,1.0647107369924282,4.174387269895637,4.060443010546419,0.1397619423751587,0.1484200051182733,0.832909122935104,0.0,0.0,0.09531017980432487,0.0,0.0,0.5877866649021191,280,112,0,0,10,26,210
Croquembouche,0.5850050219402423,4.28496492183075,0.6261309257071586,2.3608540011180215,0.048790164169432,4.33729074083249,4.653960350157523,0.06297479916138844,0.048790164169432,0.6931471805599453,0.018232768261059712,0.0006098140256257356,0.048790164169432,0.5850050219402423,0.0,0.6931471805599453,282,0,0,0,10,26,27
Croutons,0.0,3.6428355156125294,0.11689375147149933,2.9856819377004897,1.6802690931946918,4.751864565138895,4.922896379788249,0.11332868530700317,0.11511280710050457,0.9477893989335261,0.002796087302001274,0.0,0.19062035960864976,1.612101029853584,0.0,0.46499108742219125,283,0,0,0,10,10,0
Créme fraiche and other mild variants of sour cream,0.49774038421733524,4.351567427189173,0.00881814845088136,2.156071840295999,0.4590510105555989,4.31748811353631,4.680807600193711,0.14100340746322362,0.02511064367010222,0.08617769624105234,0.00173016906059819,0.00018855365121442445,0.025667746748577788,0.5966362801791015,0.0,0.21947970476088752,284,0,0,0,14,25,174
"Créme fraiche and other mild variants of sour cream, QUAL Half fat or medium fat",0.2814124594381855,4.562858987916369,0.027680015773309315,2.21375387928743,0.5195588068402119,4.296313116399852,4.765830246000867,0.14718771907200826,0.026781022677642013,0.06297479916138844,0.0014689206076749992,0.00023997120460717068,0.02399550555621568,0.3763795272130678,0.0,0.2468600779315258,284,21,0,0,14,25,174
"Créme fraiche and other mild variants of sour cream, QUAL Low fat (naturally or reduced)",0.11332868530700317,4.6965766523119425,0.013198233164636393,2.464460958627711,0.6086002966783942,4.465251088407557,4.9787022469932465,0.15773608132134004,0.03908334108080756,0.07640533120240538,0.0014974496909376368,0.0003559366470353243,0.03867111160056252,0.3207782999409705,0.0003999200213269354,0.32435834246218925,284,23,0,0,14,25,174
Cucumbers,0.10885440491208209,2.9496883350525844,0.03578073728083786,2.496741107435003,0.30190191809144085,3.3583892891702707,5.109402694284438,0.030252043170520892,0.02385602581542188,0.3041176932000563,0.0001333244452344889,0.0,0.04073056176897995,0.08194858264716741,0.01324522675002064,0.19908502336396144,285,0,0,0,19,35,41
Cultured buttermilk,0.09531017980432487,4.734944529734902,0.00966740540213666,2.5649493574615367,0.15822400521489416,4.5417738694292975,5.012538244242342,0.16793281934185503,0.0295588022415444,0.09531017980432487,0.0015131403398104789,0.0003213769243322447,0.04059339696525347,0.09531017980432487,0.0,0.3415613061286842,286,0,0,0,14,43,17
Cumin seed,0.0,6.025658913052238,0.6261309257071586,4.9185200051884514,2.204641448663919,6.154615419744767,6.5245058508019955,0.2934156042995415,0.37717340751605727,2.1550789558854557,0.005186526687300061,0.0,0.2634625622165537,1.1505720275988207,0.0,1.6810939013405357,287,0,0,0,12,60,177
Cured pork fat,0.09531017980432487,1.6094379124341003,0.09531017980432487,0.7592469822644691,0.8754687373538999,3.295836866004329,2.951929650895598,0.07045846364856141,0.05259245011917059,0.1484200051182733,0.006876303939432157,0.000699755114273342,0.0246926125903715,0.09531017980432487,0.0,1.5260563034950492,288,0,0,0,13,55,156
Cured seasoned poultry meat,0.4504384737508955,2.70805020110221,0.11600367575630613,2.995732273553991,2.4826541147347068,5.25227342804663,5.75890177387728,0.07788653865707124,0.045928931888399804,0.7193021380367964,0.0,0.0003999200213269354,0.3947411447451887,0.4504384737508955,0.0,1.0299764962779716,289,0,0,0,13,55,156
"Cured seasoned poultry meat, PROCESS Baking",0.4054651081081644,2.5649493574615367,0.09595931971676577,3.030823593365261,2.373309797325756,5.301170435530443,5.607376456545106,0.07629944666938958,0.041279032919435674,0.6852590077109391,0.017839918128331,0.00029995500899797546,0.2987279839838827,0.5538851132264376,0.0,1.0710942597742175,289,9,0,0,13,55,156
"Cured seasoned poultry meat, PROCESS Cooking in water",0.4054651081081644,2.70805020110221,0.12133228516752496,2.9444389791664403,2.3519465225317697,5.181783550292085,5.631211781821365,0.06859279146561172,0.03052920503482287,0.7409845099741055,0.0,0.00029995500899797546,0.2768738737351776,0.4054651081081644,0.0,1.0912519342618172,289,11,0,0,13,55,156
"Cured seasoned poultry meat, PROCESS Steaming",0.4054651081081644,2.70805020110221,0.12133228516752496,2.9444389791664403,2.3519465225317697,5.181783550292085,5.631211781821365,0.06859279146561172,0.03052920503482287,0.7409845099741055,0.0,0.00029995500899797546,0.2768738737351776,0.4054651081081644,0.0,1.0912519342618172,289,18,0,0,13,55,156
Curly kales,1.423108334242607,5.1033446922005234,0.04196419909903214,3.4106761256166993,1.455353897051385,4.280626520232152,6.080260045891113,0.19650619178591106,0.08617769624105233,0.9162907318741551,0.0017983819413793735,0.0,0.23450730996452485,0.9932517730102833,0.042101176018635396,0.2937351441648583,290,0,0,0,19,9,95
"Curly kales, PROCESS Cooking in water",0.9150900112976362,5.162333990676228,0.03853366400224291,2.6888188391743224,1.1534160807087837,4.208947944961104,5.240990871356319,0.13290619723060423,0.05624529866444881,0.8437200390393195,0.001998002662673056,0.0,0.13290619723060423,0.8855015730542747,0.042101176018635396,0.19297885126794265,290,11,0,0,19,9,95
"Curly kales, PROCESS Frying",0.009950330853168083,3.0726933146901194,0.048790164169432,3.258096538021482,1.0367368849500223,5.081404364984463,5.996452088619021,0.10436001532424277,0.18232155679395465,0.9932517730102833,0.001998002662673056,0.0,0.4722332845730047,0.009950330853168083,0.0,0.7701082216960736,290,14,0,0,19,9,95
"Curly kales, PROCESS Steaming",0.9150900112976362,5.162333990676228,0.03853366400224291,2.6888188391743224,1.1534160807087837,4.208947944961104,5.240990871356319,0.13290619723060423,0.05624529866444881,0.8437200390393195,0.001998002662673056,0.0,0.13290619723060423,0.8855015730542747,0.042101176018635396,0.19297885126794265,290,18,0,0,19,9,95
Curry leaves,0.0,6.025658913052238,0.19062035960864973,4.9185200051884514,1.6863989535702288,4.060443010546419,2.1972245773362196,0.19062035960864973,0.07696104113612832,1.8082887711792655,0.0,0.0,0.0,0.0,0.0,0.019900661706336177,291,0,0,0,19,6,3
Curry powder,1.791759469228055,6.025658913052238,0.6261309257071586,4.9185200051884514,1.8010023363092325,5.788211154272992,6.5245058508019955,0.24953506838082878,0.2199384203652614,2.1550789558854557,0.016955440649413473,0.0,0.4722332845730047,1.7847852054907187,0.0,1.6033336047146036,292,0,0,0,16,58,165
Curry sauce,0.5364933705145685,3.342861804649192,0.09893994785490356,2.6718471524382497,0.6877157905627383,3.3214324131932926,5.200336958187833,0.41314979086671205,0.056380333436107634,0.5508921329790741,0.004987541511039074,0.00011999280057594817,0.07076907088820725,0.9170904120447194,0.004987541511039074,0.18065349969325759,293,0,0,0,16,18,190
Custard,0.18232155679395465,4.777160783943681,0.07931936920425488,2.222820124525183,0.4445789779470644,4.601831284722577,5.122276047711233,0.16480797430124633,0.046565469147320855,0.4359296489119841,0.0018183458067836558,0.0002499687552073569,0.0428998343152208,0.18880052289166374,0.0009995003330835331,0.4154154389613325,294,0,0,0,14,21,43
Cuttlefishes,0.7884573603642702,3.8066624897703196,0.5830133861494614,3.405947984420753,1.9976115234322036,5.456541371762931,5.759352325811012,0.3496503290017679,0.04879016416943199,1.34621613755248,0.03536714383729131,0.0022831060145686115,0.3596704529185309,0.7884573603642702,0.0,1.1127969236600663,295,0,0,0,6,46,21
"Cuttlefishes, PROCESS Cooking in water",0.0,1.3873652161213836,0.0,0.7592469822644691,0.0,1.6094379124341003,2.1972245773362196,0.0,0.0,0.6931471805599453,0.0,0.001998002662673056,0.0,0.0,0.0,0.019900661706336177,295,11,0,0,6,46,21
"Cuttlefishes, PROCESS Frying",0.0,3.332204510175204,0.0,3.6109179126442243,0.0,4.969813299576001,5.6131281063880705,0.0,0.0,0.6931471805599453,0.0,0.001998002662673056,0.0,0.0,0.0,0.7884573603642702,295,14,0,0,6,46,21
"Cuttlefishes, PROCESS Steaming",0.0,1.3873652161213836,0.0,0.7592469822644691,0.0,1.6094379124341003,2.1972245773362196,0.0,0.0,0.6931471805599453,0.0,0.001998002662673056,0.0,0.0,0.0,0.019900661706336177,295,18,0,0,6,46,21
Cyclamate,0.0,1.3873652161213836,0.0,0.7592469822644691,0.0,1.6094379124341003,2.1972245773362196,0.0,0.0,0.05414721807044643,0.0,0.0,0.0,0.0,0.0,0.019900661706336177,296,0,0,0,0,30,132
Dairy/egg soup,0.4054651081081644,3.721669276936927,0.06636497715083137,2.0918640616783932,0.9317703027225414,4.453571801836977,4.22829253473184,0.10436001532424277,0.033595949428515536,0.49520424286303383,0.0029955089797984794,0.0005498488054354667,0.02387927378994314,0.5630384952129249,0.0029955089797984794,0.477268840237148,297,0,0,0,4,59,173
Dandelions,1.252762968495368,5.16967197712914,0.16478778227507676,3.4991015966435266,1.0532661869012327,4.202558146862334,5.886104031450156,0.16066006001277527,0.17395330712343804,1.443214651372573,0.000499875041651048,0.0,0.20631706235017033,1.4861396960896067,0.0,0.5754891370917128,298,0,0,0,19,37,135
Dates,0.18232155679395465,3.7403870112598683,0.1512894475462261,3.4446824936018943,1.13599982073973,3.6635616461296463,5.828357209237832,0.06230388333615485,0.0609606997896872,0.5750069382557199,0.0016652793190612104,0.0,0.11663952495430449,0.16551443847757338,0.0,0.2035237644445576,299,0,0,0,8,33,116
"Deer, fallow fresh meat",0.12221763272424921,2.344549292093078,0.18588662295845082,3.18398856586776,1.6649537080738839,5.4305979772709065,5.755742213586912,0.2490897332587949,0.21970908886557494,1.2982434829971559,0.008959741371471902,0.0009995003330835331,0.262364264467491,0.12221763272424921,0.0,1.3624406822404902,300,107,0,0,13,3,80
"Deer, fallow fresh meat, PROCESS Baking",0.14236724128692196,2.772588722239781,0.20212418409013436,3.295836866004329,1.8691833661928585,5.480638923341991,5.908082938168931,0.2851789422336624,0.1988508587451652,1.4395981331422014,0.0,0.001199280575482097,0.25153662581542763,0.14236724128692196,0.0,1.727842976812722,300,107,4,0,13,3,80
"Deer, fallow fresh meat, PROCESS Cooking in water",0.10885440491208209,2.302585092994046,0.16466662155523387,2.772588722239781,1.6356902835781661,5.14166355650266,5.19295685089021,0.1414995622736995,0.10526051065749295,1.268917492966318,0.0,0.000699755114273342,0.12486898204586927,0.1088544049120821,0.0,1.5160059676415478,300,107,5,0,13,3,80
"Deer, fallow fresh meat, PROCESS Steaming",0.10885440491208209,2.302585092994046,0.16466662155523387,2.772588722239781,1.6356902835781661,5.14166355650266,5.19295685089021,0.1414995622736995,0.10526051065749295,1.268917492966318,0.0,0.000699755114273342,0.12486898204586927,0.1088544049120821,0.0,1.5160059676415478,300,107,8,0,13,3,80
"Deer, red fresh meat",0.5766133643039938,2.075863720331952,0.16672435998028665,3.142919992625999,1.6460453237768968,5.2794257527244675,5.7853185721623435,0.24350624583309438,0.19767921244827444,1.3361282507705277,0.008520738043573665,0.0016443615818651927,0.2689360296307256,0.12221763272424921,0.0014988761237358919,1.6142832974305779,300,221,0,0,13,3,80
"Deer, red fresh meat, PROCESS Baking",0.0,2.791165107812717,0.23870189023006222,3.349904087274605,1.947223571852127,5.457881936219375,5.8544986920348245,0.31626952930369345,0.18398683611301586,1.7086676733616017,0.0,0.0009595394946998263,0.25153662581542763,0.14236724128692196,0.0,1.5114280918766563,300,221,4,0,13,3,80
"Deer, red fresh meat, PROCESS Cooking in water",0.0,2.302585092994046,0.16466662155523387,2.772588722239781,1.6356902835781661,5.14166355650266,5.19295685089021,0.1414995622736995,0.10526051065749296,1.268917492966318,0.0,0.000699755114273342,0.12486898204586927,0.1088544049120821,0.0,1.5160059676415478,300,221,5,0,13,3,80
"Deer, red fresh meat, PROCESS Steaming",0.0,2.302585092994046,0.16466662155523387,2.772588722239781,1.6356902835781661,5.14166355650266,5.19295685089021,0.1414995622736995,0.10526051065749296,1.268917492966318,0.0,0.000699755114273342,0.12486898204586927,0.1088544049120821,0.0,1.5160059676415478,300,221,8,0,13,3,80
Dehydrated/powdered vegetable juice,1.5477752520419936,6.025658913052238,0.4388998841944018,4.9185200051884514,2.219964064305709,6.049733455231958,6.5245058508019955,0.37363038458814585,0.37717340751605727,1.6882490928583902,0.0,0.0,0.4722332845730047,1.5477752520419934,0.042101176018635396,1.3206886040218968,301,0,0,0,9,68,45
Dessert halva,0.4200252594394941,2.6692103677859462,0.0676586484738148,2.3848231912310176,0.4976535371983046,3.381966019734268,4.296313116399852,0.015592094759836205,0.026781022677642013,0.3001045924503381,0.0,0.0,0.021901263953100925,0.7406031217162407,0.001998002662673056,0.40736805825425054,302,0,0,0,18,64,205
Dewberries and similar-,1.2237754316221157,3.575550768806933,0.11854465031619921,3.1780538303479458,0.6552969564288476,3.258096538021482,5.303304908059076,0.04086770776110331,0.03784614249011469,0.7016820830097827,0.0,0.0,0.05624529866444881,0.8100409320314447,0.0,0.2645596550309267,303,0,0,0,8,33,7
Diadromous fish,1.220829921392359,3.332204510175204,0.0,3.1780538303479458,2.5894918649780747,5.480043508022227,5.952500943756285,0.2457433832314507,0.1385189341355617,0.2667502364107453,0.0,0.0038924147153438387,0.4382549309311553,1.220829921392359,0.0,0.019900661706336177,304,0,0,0,6,27,48
"Diadromous fish, PROCESS Baking",1.2933563654606215,1.3873652161213836,0.0,3.258096538021482,2.606231553765013,5.517452896464707,5.991464547107982,0.2592825979300829,0.11511280710050457,0.21672298351128702,0.0,0.0041912046184680715,0.461845441544272,1.2933563654606215,0.0,0.019900661706336177,304,9,0,0,6,27,48
"Diadromous fish, PROCESS Cooking in water",1.3069805544001651,1.3873652161213836,0.0,3.258096538021482,2.5102494574597953,5.5134287461649825,5.921578419643816,0.23348984336835407,0.1239859797809912,0.2159175062224701,0.0,0.0038924147153438387,0.3933925268738951,1.3069805544001651,0.0,0.019900661706336177,304,11,0,0,6,27,48
"Diadromous fish, PROCESS Frying",1.2933563654606215,1.3873652161213836,0.0,3.258096538021482,2.606231553765013,5.517452896464707,5.991464547107982,0.2776317365982795,0.12486898204586927,0.21672298351128702,0.0,0.0041912046184680715,0.4200252594394941,1.2933563654606215,0.0,0.019900661706336177,304,14,0,0,6,27,48
"Diadromous fish, PROCESS Steaming",1.3069805544001651,1.3873652161213836,0.0,3.258096538021482,2.5102494574597953,5.5134287461649825,5.921578419643816,0.23348984336835407,0.1239859797809912,0.2159175062224701,0.0,0.0038924147153438387,0.3933925268738951,1.3069805544001651,0.0,0.019900661706336177,304,18,0,0,6,27,48
Diet soft drink with caffeine,0.0,1.7227665977411035,0.014888612493750654,0.7592469822644691,0.0,2.7399179399502325,2.1972245773362196,0.022739486969489426,0.004987541511039074,0.05414721807044643,9.999500033330834e-05,0.0,0.0,0.0,0.0,0.019900661706336177,305,0,0,0,20,70,49
Diet soft drinks with flavours,0.0,2.2823823856765264,0.015134887584270122,1.1631508098056809,0.0,1.8191584434161694,2.1972245773362196,0.0,0.0009995003330835331,0.3133498192003587,9.999500033330834e-05,0.0,0.0,0.009950330853168083,0.0,0.0246926125903715,306,0,0,0,20,70,49
Diet soft drinks with fruit juice,0.0,2.995732273553991,0.026641930946421175,1.0986122886681098,0.04114194333117518,1.6094379124341003,2.4203681286504293,0.0009995003330835331,0.0009995003330835331,0.34924742810993575,9.999500033330834e-05,0.0,0.001998002662673056,0.019802627296179712,0.0,0.05164323315183845,307,0,0,0,20,70,49
Dietary foods for special medical purposes,0.0,1.3873652161213836,0.0,0.7592469822644691,0.0,1.6094379124341003,2.1972245773362196,0.0,0.0,0.05414721807044643,0.0,0.0,0.0,0.0,0.0,0.019900661706336177,308,0,0,0,15,32,50
Dill leaves,0.9745596399981308,5.545177444479562,0.16551443847757338,3.6262438831224513,1.4391239747644229,4.367637897221782,6.490723534502507,0.35967045291853084,0.15822400521489413,1.5833872352341578,0.0015416681615705832,0.0,0.262364264467491,0.9932517730102833,0.0,0.9718605830289658,309,0,0,0,19,6,3
Dill seed,0.0,6.025658913052238,0.5766133643039938,4.9185200051884514,1.9600947840472698,5.638354669333745,6.5245058508019955,0.2468600779315258,0.3506568716131694,2.1550789558854557,0.0,0.0,0.18232155679395465,0.0,0.0,1.7047480922384253,310,0,0,0,12,60,177
Dolma,1.1568811967920856,4.1935432757661175,0.24607852259670565,3.627763640253867,0.8565407274683811,3.9188567450067113,4.329981177783777,0.054217585904797104,0.05259245011917059,0.7223591820350522,0.0010194801534656127,0.0,0.07165598890643515,0.8771340166729611,0.017348638334613004,0.7710997934183687,311,0,0,0,4,22,142
"Dolma, PROCESS Baking",0.4700036292457356,4.200419108613584,0.2047351516308547,3.73221257882031,0.8565407274683811,4.172187048986035,5.10230248262208,0.0596157096743545,0.06498485008941263,0.7069796408696212,0.0041912046184680715,0.00019998000266626675,0.11587645738580186,0.8771340166729611,0.02176149178151269,0.8226077988139865,311,9,0,0,4,22,142
"Dolma, PROCESS Cooking in water",1.2809338454620642,4.602595445615623,0.40027068805637844,3.694577475228574,0.8858315243894466,4.221606341833028,4.86599480426999,0.06418131448972941,0.07059159285064848,0.7383253872808567,0.0016557713109413,0.0,0.08696375680818787,0.8771340166729611,0.02176149178151269,0.693218606580475,311,11,0,0,4,22,142
"Dolma, PROCESS Steaming",1.2809338454620642,4.602595445615623,0.40027068805637844,3.694577475228574,0.8858315243894466,4.221606341833028,4.86599480426999,0.06418131448972941,0.07059159285064848,0.7383253872808567,0.0016557713109413,0.0,0.08696375680818787,0.8771340166729611,0.02176149178151269,0.693218606580475,311,18,0,0,4,22,142
Doner kebab,0.6418538861723948,3.454474817449756,0.1155583406342723,3.144726826231879,1.8094083627818582,4.797029447262535,5.667827091173222,0.1193373825886206,0.09893994785490358,1.015774010359105,0.00270633457071555,0.0008046761612817918,0.12773336650955155,0.4206820739130248,0.002995508979798479,1.1781420442914146,312,0,0,0,4,22,162
Dories,0.33647223662121295,2.772588722239781,0.009950330853168083,3.2188758248682006,1.840549633397487,5.030437921392435,5.932245187448011,0.15700374880966478,0.048790164169432,0.4054651081081644,0.03536714383729131,0.001998002662673056,0.17395330712343804,0.33647223662121295,0.0,0.4054651081081644,313,0,0,0,6,27,106
Doughnuts-berliner,1.1521530555961395,3.6027767550605243,0.08743073349184362,2.629487878599108,1.2267122912954254,4.7199858604166725,4.73707525686803,0.0860247793510839,0.11644881264324682,0.8096701634238825,0.0031766158757308522,0.00020497899037126688,0.0481550418870471,1.7139780917080243,0.010346292054144302,0.441368358750769,314,0,0,0,10,26,210
"Dragée, sugar coated",0.0,3.2347491740244907,0.42957218345139747,1.0986122886681098,0.9688831819933257,4.530446639792155,6.5245058508019955,0.04974209189481407,0.04018178963283184,0.18232155679395465,0.0,0.00019998000266626675,0.0657877405380031,0.670390193437329,0.0009995003330835331,0.6132377973316433,315,256,0,0,18,19,189
"Dragée, sugar coated, QUAL Low / Reduced sugar",0.0,1.3873652161213836,0.004987541511039074,0.7592469822644691,0.016857117066422903,1.6094379124341003,2.1972245773362196,0.0,0.0,0.05414721807044643,0.0,0.0,0.0009995003330835331,0.0,0.0,0.019900661706336177,315,256,10,0,18,19,189
"Dragée, sugar coated, QUAL Sugar free",0.0,1.3873652161213836,0.01769957709940092,0.826678573184468,0.016857117066422903,1.6094379124341003,2.1972245773362196,0.0,0.0,0.18232155679395465,0.0,0.0,0.0009995003330835331,0.0,0.0,0.02399550555621568,315,256,15,0,18,19,189
Dried apples,0.5007752879124893,3.4701902531491067,0.18505591027791335,3.1039458581942236,1.0575918617630382,3.934622837345387,6.492456261814953,0.10564618913498693,0.09531017980432487,0.7002646483288093,0.0011136653587519568,0.0,0.12057279146013063,0.9280611874730704,0.017839918128331,0.2432822565836418,316,0,0,0,8,53,53
Dried apricots,1.791759469228055,4.338783556933566,0.3423731592278727,3.9399160660296717,1.5602176557881575,4.6766931873286675,6.5245058508019955,0.1385189341355617,0.05381154949128741,1.667706820558076,0.0022260918465324135,0.0,0.17515306731534208,1.598700471891359,0.017839918128331,0.5016407141889181,317,0,0,0,8,53,53
Dried bananas,1.589235205116581,2.917770732084279,0.2373356980150424,4.404073473867803,1.2062701633746193,3.977810745966149,6.5245058508019955,0.11213749993685004,0.08495370588016368,0.6793862653099082,0.000899595242836093,0.0,0.4722332845730047,0.5782973388810034,0.0,0.3701832939635247,318,0,0,0,8,53,53
Dried dates,0.22314355131420976,4.014837425390608,0.2313384526274347,3.8422134740346388,1.3468107562707583,4.111810193829734,6.513929315330949,0.09569971431551544,0.05907720669957503,1.0597724553518457,0.002546754266575892,0.0,0.15088003095913563,0.4237415168588773,0.0,0.44651564793852183,319,0,0,0,8,53,53
Dried egg pasta,0.0,3.169685580677429,0.178146185383474,3.7612001156935624,1.7404661748405046,5.094976442530006,5.342334251964811,0.09945741229077115,0.19415601444095745,1.334158606699362,0.0,0.0,0.05826890812397577,0.09531017980432487,0.0,0.7920871284148489,320,0,0,0,10,51,140
"Dried egg pasta, PROCESS Baking",0.039220713153281295,2.302585092994046,0.14236724128692196,3.4657359027997265,0.5766133643039938,4.143134726391533,3.9889840465642745,0.039220713153281295,0.06364526516035618,0.5877866649021191,0.0,0.0,0.019802627296179712,0.039220713153281295,0.0,0.7217346374118578,320,9,0,0,10,51,140
"Dried egg pasta, PROCESS Cooking in water",0.039220713153281295,2.833213344056216,0.173953307123438,3.1354942159291497,0.8135933336358124,4.343805421853684,3.884994333040227,0.032881984474592896,0.05665034828856496,0.6916460544336782,0.015479570848386316,0.00015998720136516955,0.028263465272859403,0.18896609951262322,0.0,0.48304324275353905,320,11,0,0,10,51,140
"Dried egg pasta, PROCESS Steaming",0.039220713153281295,2.6390573296152584,0.09227527610917084,3.028522096376982,0.8282606543671195,4.23410650459726,3.905334017277349,0.027893060601525653,0.057729679208240736,0.6901426715396466,0.0,0.0,0.022413594836900065,0.16889853646181394,0.0,0.4836599556932212,320,18,0,0,10,51,140
Dried figs,0.22314355131420976,5.216745712854225,0.2763683125515075,4.187126295673067,1.0356724888942357,4.4620693423474185,6.5245058508019955,0.08694193013380826,0.09227527610917084,1.3523928094442093,0.0009828501778204506,0.0,0.17479329037316307,0.9428158108135101,0.0,0.4813968130751785,321,0,0,0,8,53,53
Dried fish,0.0,5.308267697401205,0.09294374564273797,3.8628327612373745,2.606231553765013,5.937536205082426,6.305818978475576,0.17563256864315802,0.044973365642731154,0.8754687373539,0.03536714383729131,0.002925715916203623,0.3156862688613783,1.0131996330421769,0.0,0.555263473196559,322,0,0,0,6,28,52
"Dried fish, PROCESS Baking",0.7561219797213337,4.442651256490317,0.07696104113612832,3.8918202981106265,1.9633289849962168,5.484796933490655,5.860786223465865,0.04783732941416013,0.05164323315183845,0.2978798974282269,0.0,0.00129915573162005,0.17730901497041035,0.7561219797213337,0.0,0.3994470357826014,322,9,0,0,6,28,52
"Dried fish, PROCESS Cooking in water",0.7561219797213337,4.442651256490317,0.07696104113612832,3.8918202981106265,1.9633289849962168,5.484796933490655,5.860786223465865,0.04783732941416013,0.05164323315183845,0.2978798974282269,0.0,0.00129915573162005,0.17730901497041035,0.7561219797213337,0.0,0.3994470357826014,322,11,0,0,6,28,52
"Dried fish, PROCESS Steaming",0.7561219797213337,4.442651256490317,0.07696104113612832,3.8918202981106265,1.9633289849962168,5.484796933490655,5.860786223465865,0.04783732941416013,0.05164323315183845,0.2978798974282269,0.0,0.00129915573162005,0.17730901497041035,0.7561219797213337,0.0,0.3994470357826014,322,18,0,0,6,28,52
Dried mushrooms,0.6621723762605146,4.600875261705211,0.6261309257071586,4.880273476233012,2.606231553765013,6.154615419744767,6.5245058508019955,0.41314979086671205,0.262364264467491,2.1550789558854557,0.03536714383729131,0.0,0.4722332845730047,1.7847852054907187,0.042101176018635396,1.727842976812722,323,0,0,0,19,69,46
"Dried mushrooms, PROCESS Cooking in water",0.08250122151174369,2.5649493574615367,0.32280787442715503,2.5649493574615367,1.827769906751088,4.919980925828125,5.82600010738045,0.32858406377220667,0.07696104113612832,0.749527513996053,0.0,0.0,0.05638033343610764,0.08250122151174369,0.014888612493750654,0.41277168329060254,323,11,0,0,19,69,46
"Dried mushrooms, PROCESS Steaming",0.08250122151174369,2.5649493574615367,0.32280787442715503,2.5649493574615367,1.827769906751088,4.919980925828125,5.82600010738045,0.32858406377220667,0.07696104113612832,0.749527513996053,0.0,0.0,0.05638033343610764,0.08250122151174369,0.014888612493750654,0.41277168329060254,323,18,0,0,19,69,46
Dried pears,0.33647223662121295,3.978345648359219,0.295862804541975,3.5553480614894135,0.6182696816271949,4.266695946696205,6.276911981758347,0.09440067542148432,0.09673773179551028,0.7998211190145853,0.0017128180036747604,0.0,0.07019215206243355,0.8977193462887197,0.018821754240587758,0.38827050552848297,324,0,0,0,8,53,53
Dried prunes,1.1151415906193203,3.8531825054052127,0.2513144282809061,3.5795427900764705,1.0914437991894972,4.353039097800629,6.5245058508019955,0.1385189341355617,0.12600312620373105,1.1631508098056809,0.001199280575482097,0.0,0.19650619178591106,1.261807655996887,0.038258712117090345,0.3829273150827981,325,0,0,0,8,53,53
"Dried prunes, PROCESS Baking",1.6787773905127132,3.6031659358399066,0.2049213887111956,3.367295829986474,0.8333438110532289,4.096722684627069,6.441857494920466,0.1041025819337105,0.09362044131168165,1.0801573242947504,0.000499875041651048,0.0,0.12839321476839896,1.6787773905127132,0.039220713153281295,0.2575173724055138,325,9,0,0,8,53,53
"Dried prunes, PROCESS Cooking in water",1.0409831758314734,2.921624301400269,0.13602827282310984,2.4107986776342782,0.6399724180726893,3.429368258628852,5.630699617917724,0.05082890085928029,0.04059339696525348,0.7247842655031279,0.0009995003330835331,0.0,0.05894253563345001,1.0409831758314734,0.016857117066422903,0.178146185383474,325,11,0,0,8,53,53
"Dried prunes, PROCESS Steaming",1.017040634974298,2.882403588246988,0.126632650933366,2.472930458741285,0.6452316338011741,3.4746248502169728,5.735188852481046,0.051507557145931936,0.0426488961473495,0.7303053285268784,0.0009995003330835331,0.0,0.06230388333615485,1.017040634974298,0.01587334915629015,0.17515306731534205,325,18,0,0,8,53,53
Dried vegetables,0.0,4.859812404361672,0.5170064828410719,4.74493212836325,2.495351907649539,5.8971538676367405,6.5245058508019955,0.41314979086671205,0.37717340751605727,1.6720370541906204,0.0,0.0,0.4722332845730047,1.7822140563845235,0.042101176018635396,1.2925329813054163,326,0,0,0,19,69,152
Dried vine fruits (raisins etc.),0.22314355131420976,4.0943445622221,0.31481073984003355,3.572345637857985,0.8950962792955223,4.423990833772914,6.5245058508019955,0.07629944666938959,0.11714791337399856,1.295509640247782,0.002810333026503449,0.0,0.1811303714238015,0.4317824164255378,0.003992021269537453,0.2781727157837749,327,0,0,0,8,53,53
Drums,0.0,4.31748811353631,0.5877866649021191,4.127134385045092,0.0,1.6094379124341003,6.269096283706261,0.0,0.0,2.1550789558854557,0.0,0.0,0.0,0.0,0.0,1.1314021114911006,328,0,0,0,6,27,105
Dry and fermented sausages-deprecated,0.16889853646181394,3.1065066790558977,0.08539101729658768,3.200420860494842,2.2033959712407616,5.25898236114936,5.871715293998056,0.18541201450151149,0.37717340751605727,0.9961048419926898,0.00822323915700029,0.0013162761854266308,0.3485419607085434,0.28337280086368255,0.009950330853168083,1.2358036421241194,329,0,0,0,13,57,56
"Dry and fermented sausages-deprecated, QUAL Low fat (naturally or reduced)",0.0,3.4011973816621555,0.08617769624105233,2.833213344056216,1.8718021769015913,5.017279836814924,5.521460917862246,0.11332868530700317,0.19062035960864973,0.9162907318741551,0.010939940038334362,0.0009195770593837001,0.1527210870176639,0.0,0.0,1.3056264580524357,329,23,0,0,13,57,56
Duck eggs,0.3784364357202451,4.152164133110927,0.09531017980432487,2.8581108956779433,1.7526473216098941,5.311092558036759,5.218036535287234,0.36086614855720045,0.1457069685546561,1.4435519763884213,0.0,0.005385472276337817,0.22314355131420976,0.3784364357202451,0.0,0.8772528591474014,330,0,0,0,5,65,206
"Duck eggs, PROCESS Cooking in water",0.3784364357202451,4.110873864173311,0.09075436326846414,2.772588722239781,1.665250977253313,5.135798437050262,4.969813299576001,0.353469812989784,0.12044615307586716,1.2711640538662592,0.0,0.004290781417156275,0.18232155679395465,0.3784364357202451,0.0,0.8458682675776092,330,11,0,0,5,65,206
Duck fresh meat,0.0,2.5199979695992702,0.23856685545840342,3.0390653982603646,2.2723467742191406,5.296172210201648,5.640893386107267,0.29160294719501756,0.24126409242740463,1.256429707172788,0.03177548367013518,0.0017841217935013985,0.42246268447673546,0.3784364357202451,0.001998002662673056,1.004824758567942,331,0,0,0,13,3,145
"Duck fresh meat, PROCESS Baking",0.0,2.856470206220483,0.22984107276193105,3.109060958860994,2.333230683108433,5.428468051013081,5.635503633902907,0.3485419607085434,0.20016147492228564,1.3019340125018175,0.023065272930996097,0.0010374616505056434,0.30114109213593715,0.019802627296179712,0.0009995003330835331,1.2455369234036284,331,9,0,0,13,3,145
"Duck fresh meat, PROCESS Cooking in water",0.0,2.772588722239781,0.1380212978973747,2.995732273553991,2.2366589428778787,5.14166355650266,5.093750200806762,0.20863886511132806,0.13627761829254784,1.2985554468118838,0.0,0.00019998000266626675,0.21672298351128702,0.0,0.0009995003330835331,1.1771153501560534,331,11,0,0,13,3,145
"Duck fresh meat, PROCESS Steaming",0.0,2.772588722239781,0.1380212978973747,2.995732273553991,2.2366589428778787,5.14166355650266,5.093750200806762,0.20863886511132806,0.13627761829254784,1.2985554468118838,0.0,0.00019998000266626675,0.21672298351128702,0.0,0.0009995003330835331,1.1771153501560534,331,18,0,0,13,3,145
Duck liver,0.33647223662121295,2.4849066497880004,0.6261309257071586,3.044522437723423,2.606231553765013,5.598421958998375,5.484796933490655,0.41314979086671205,0.37717340751605727,2.1550789558854557,0.0,0.008464078412129412,0.4722332845730047,0.33647223662121295,0.0,1.4036429994545037,332,0,0,0,13,5,8
"Duck liver, PROCESS Baking",0.0,3.784189633918261,0.6261309257071586,3.044522437723423,2.427454075039915,5.568344503761097,5.484796933490655,0.41314979086671205,0.27002713721306015,2.1550789558854557,0.03536714383729131,0.008464078412129412,0.4722332845730047,0.0,0.0,1.4036429994545037,332,9,0,0,13,5,8
"Duck liver, PROCESS Frying",0.3001045924503381,2.3978952727983707,0.0,2.772588722239781,0.0,5.25227342804663,5.14166355650266,0.41314979086671205,0.29266961396282,2.0014800002101243,0.0,0.0,0.0,0.3001045924503381,0.0,0.019900661706336177,332,14,0,0,13,5,8
Dulse,0.0,4.411932117452786,0.23507212217948356,1.0986122886681098,1.3182831505033468,4.507714849837378,6.5245058508019955,0.38429011097170573,0.11077440550190641,1.0296194171811581,0.0,0.0,0.1484200051182733,0.0,0.0,0.7178397931503169,333,0,0,0,19,40,159
"Dulse, PROCESS Cooking in water",0.0,3.828641396489095,0.14669437915080352,1.0986122886681098,0.939225703156651,3.58351893845611,5.298317366548036,0.20048886074940359,0.032467190137501496,0.6971392018294827,0.0,0.0,0.05164323315183845,0.0,0.0,0.48427628853245414,333,11,0,0,19,40,159
"Dulse, PROCESS Steaming",0.0,3.828641396489095,0.14669437915080352,1.0986122886681098,0.939225703156651,3.58351893845611,5.298317366548036,0.20048886074940359,0.032467190137501496,0.6971392018294827,0.0,0.0,0.05164323315183845,0.0,0.0,0.48427628853245414,333,18,0,0,19,40,159
"Dumpling, sweet",0.32642190076771155,3.9512437185814275,0.05259245011917058,2.5649493574615367,1.0224509277025458,4.430816798843313,4.955827057601261,0.12133228516752496,0.06672363204290818,0.3784364357202451,0.0,0.00029995500899797546,0.039220713153281295,0.32642190076771155,0.001998002662673056,0.43760956143473156,334,257,0,0,10,26,201
Durum wheat grain,0.6931471805599453,3.5221499920798176,0.2722057873122824,4.360365137892702,2.151762203259462,5.554619336339982,6.027589814969317,0.08142636536219526,0.16551443847757338,1.2397259740317539,0.004788516731797178,0.0,0.21130229092297986,0.4700036292457356,0.0,1.090804106220298,335,0,0,0,10,14,23
"Durum wheat grain, PROCESS Baking",0.3199072197465178,2.5649493574615367,0.13102826240640408,3.6375861597263857,1.1381534632886423,4.812184355372417,4.7535901911063645,0.0246926125903715,0.13102826240640408,0.7875478559814296,0.0,0.0,0.044973365642731154,0.3199072197465178,0.0,0.6507614640635074,335,9,0,0,10,14,23
"Durum wheat grain, PROCESS Cooking in water",0.3199072197465178,3.147840051751449,0.17275210577780392,3.9916260560271133,1.3067098817770482,4.996246556644156,5.143333005972201,0.04933423382376695,0.1035875162514505,0.9101001813235403,0.0019124558043292555,0.0,0.04933423382376695,0.19128129816542655,0.0,0.7915693960709,335,11,0,0,10,14,23
"Durum wheat grain, PROCESS Steaming",0.3199072197465178,3.2015843277581397,0.14595391262307977,3.5795427900764705,1.160960913732645,4.751124098611171,4.768260380854159,0.03564289180539732,0.1035875162514505,0.7481763450295105,0.0015987213636970278,0.0,0.04933423382376695,0.19128129816542655,0.0,0.6558902522041863,335,18,0,0,10,14,23
Egg liqueur,0.4285303810391605,2.816263785742443,0.04305948946044697,1.6094379124341003,0.8917052564015405,4.091960770866824,3.3202283191284883,0.14718771907200826,0.054217585904797104,0.550046336919272,0.005982071677547464,0.0005084421499521999,0.06725803419323485,0.5658818295140691,0.003992021269537453,0.32104776629558124,336,0,0,0,1,66,100
Eggs from other eggs producer birds,0.23111172096338664,4.4833253409127485,0.09388058699473045,2.6790626642289577,1.6139989237616628,5.288267030694535,4.932416319236012,0.36860351480400616,0.1094948147962813,1.5860230545958964,0.03536714383729131,0.008464078412129412,0.11332868530700317,0.23111172096338664,0.0,0.8778468597588673,337,0,0,0,5,65,206
"Eggs from other eggs producer birds, PROCESS Cooking in water",0.3074846997479606,4.060443010546419,0.09075436326846414,2.772588722239781,1.4877221537500038,5.303304908059076,5.303304908059076,0.2669690308542393,0.11154137473290741,1.4861396960896067,0.0,0.0040916179032535645,0.17311261770864478,0.3074846997479606,0.0,0.8171331603409365,337,11,0,0,5,65,206
Elderberries,0.6931471805599453,3.5992672954242493,0.05826890812397577,3.4339872044851463,1.2080644222291896,4.01509519056796,5.709480495770839,0.07298489275648892,0.06431528193584041,0.9555114450274363,0.0,0.0,0.22085522079619754,0.6931471805599453,0.0,0.19062035960864973,338,0,0,0,8,33,7
Energy drinks,0.0,1.7833912195575383,0.008761505668572752,0.7592469822644691,1.9712993830601329,2.4069451083182885,2.1972245773362196,0.41314979086671205,0.0246926125903715,0.05414721807044643,9.999500033330834e-05,0.0011593277198464265,0.4722332845730047,0.0,0.0,0.05354076692802982,339,0,0,0,20,70,78
Equine fresh meat,0.20701416938432615,2.316769727986002,0.1894390245628186,3.3011139231051727,2.2682893749750663,5.368642683268766,5.8932214992190195,0.13102826240640408,0.09790421498137149,1.6623014019911682,0.002995508979798479,0.002995508979798479,0.35667494393873234,0.19721016928770532,0.0,1.7000618040473465,340,0,0,0,13,3,82
"Equine fresh meat, PROCESS Baking",0.33647223662121295,2.4311039437950237,0.17683031701967028,3.425657679232316,2.606231553765013,5.432473563941401,5.975625483078236,0.1918003007484984,0.11243542932978817,1.4488666648039192,0.008534902449837406,0.006308630109561464,0.45887045625340206,0.4993196835797886,0.0,1.539138064776786,340,9,0,0,13,3,82
"Equine fresh meat, PROCESS Frying",0.0,2.3978952727983707,0.0,3.332204510175204,2.272125885509337,5.438079308923196,5.71042701737487,0.13102826240640408,0.05826890812397577,1.6863989535702288,0.0,0.0025966258472659787,0.2151113796169455,0.0,0.0,1.4816045409242156,340,14,0,0,13,3,82
Escaroles,0.6931471805599453,4.477336814478207,0.04401688541677433,2.423537703411708,0.586118607801422,3.8409872323113943,5.556828061699537,0.10513191810282464,0.08539101729658768,1.0548096660097168,0.0009995003330835331,0.0,0.05611024565593777,0.5423242908253617,0.042101176018635396,0.3446023627044631,341,0,0,0,19,37,99
Escaroles and similar-,0.09531017980432487,3.82895190728184,0.04292264375376746,2.292823315792092,0.5838901946229959,3.614386792592131,5.5579305976436375,0.10936676562522472,0.05840366993268319,0.8544153281560676,0.0007711311733459204,0.0,0.04620178318613623,0.3074846997479606,0.042101176018635396,0.22838692363720145,342,0,0,0,19,37,99
"Escaroles and similar-, PROCESS Baking",0.0,3.8480176754522337,0.10345870836822998,2.653241964607215,0.18647956694261833,3.7013019741124933,5.43372200355424,0.04401688541677433,0.039220713153281295,0.6418538861723948,0.0021975835434872217,0.0,0.0,0.0,0.0,0.16296882827813966,342,9,0,0,19,37,99
"Escaroles and similar-, PROCESS Cooking in water",0.5877866649021191,4.110873864173311,0.05826890812397577,2.302585092994046,0.4054651081081644,3.258096538021482,5.099866427824199,0.05826890812397577,0.048790164169432,0.4054651081081644,0.0,0.0,0.07788653865707124,0.5877866649021191,0.0,0.23901690047049992,342,11,0,0,19,37,99
"Escaroles and similar-, PROCESS Steaming",0.5877866649021191,4.04254988903237,0.07138999608667293,2.415913778301049,0.34763419928658335,3.405947984420753,5.2071414858821665,0.054217585904797104,0.04606536684324682,0.4788925766629816,0.0021975835434872217,0.0,0.07788653865707124,0.5877866649021191,0.0,0.21787254105827356,342,18,0,0,19,37,99
European moose meat,0.5877866649021191,1.7303905228517629,0.23111172096338664,3.1166848839716534,1.9580806846755685,5.250027077420256,5.887888153243657,0.3001045924503381,0.15210777819745802,1.4333823972187922,0.00683373957856508,0.0041698654429418724,0.41116312922280207,0.5877866649021191,0.0013990209137073409,1.580450375560848,343,0,0,0,13,3,80
"European moose meat, PROCESS Baking",0.7419373447293773,2.4069451083182885,0.317070957345569,3.686376323895818,2.1972245773362196,5.756058619221572,6.325612656465103,0.3293037471426004,0.2151113796169455,1.791759469228055,0.005683816468297672,0.007174203748000358,0.4722332845730047,0.7419373447293773,0.0,1.727842976812722,343,9,0,0,13,3,80
"European moose meat, PROCESS Frying",0.7419373447293773,2.4336133554004498,0.3173622265531915,3.6888794541139363,2.1972245773362196,5.756374924775372,6.325791627382807,0.3293037471426004,0.23111172096338664,1.791759469228055,0.005683816468297671,0.007174203748000358,0.4722332845730047,0.7419373447293773,0.0,1.727842976812722,343,14,0,0,13,3,80
"Evaporated milk (liquid, unsweetened)",0.20701416938432615,5.659482215759621,0.02550529040836183,3.500827222610997,1.2316852428924718,5.46685386837125,5.946168272192805,0.35767444427181594,0.07192191099283135,0.12600312620373105,0.002995508979798479,0.0004256236950973231,0.06939279150827839,0.17898265552844,0.0,0.6604763982703966,344,267,0,0,14,42,112
"Extra hard cheese (parmesan, grana type)",0.5247285289349821,6.025658913052238,0.27111705557708576,3.84405002184194,2.311063336615006,6.154615419744767,4.866434945122165,0.300422002387934,0.031221773799952703,0.5774156106366317,0.009808878133503694,0.0022545993368774326,0.08539101729658768,0.5943208262530504,0.0,1.727842976812722,345,133,0,0,14,15,62
"Extruded, pressed or puffed bread",0.31481073984003355,3.318419455204462,0.16169358899798714,3.793989938516553,1.9722042660091494,5.051777237427431,5.2152980108279445,0.11228647572855947,0.297632403304949,0.8609189563391687,0.006081470315867959,8.999595024298358e-05,0.32485742605183854,0.396536477363863,0.0012991557316200499,0.787434109749151,346,213,0,0,10,10,199
Fennel leaves,0.0,4.697879584092359,0.060019396687843125,3.2245738459828384,1.0828216027617856,3.983678994334581,6.275031019226076,0.14125151563966074,0.09790421498137149,0.6968901668387797,0.0002713917413582158,0.0,0.11689375147149933,0.18232155679395465,0.042101176018635396,0.3395287851037619,347,0,0,0,19,6,3
Fennel seed,0.5877866649021191,6.025658913052238,0.6261309257071586,4.9185200051884514,2.5268708488870324,6.154615419744767,6.5245058508019955,0.30169063560597287,0.34257601955923067,2.1550789558854557,0.0,0.0,0.1385189341355617,0.7811580578826586,0.0,1.547562508716013,348,0,0,0,12,60,177
Fenugreek seed,0.0,5.098994968074058,0.6261309257071586,4.9185200051884514,2.334374415483453,5.735188852481046,6.5245058508019955,0.3106310054373255,0.27979389960277473,2.1550789558854557,0.0,0.0,0.18232155679395465,0.0,0.0,1.5596472479310848,349,0,0,0,12,60,177
Fermented tea infusion,0.0,2.300081962775927,0.019662561465010185,1.2178757094949273,0.1543139318070511,1.6094379124341003,3.3648297374912803,0.016693222941660396,0.005484930230569685,0.05414721807044643,8.749617209829265e-05,0.0,0.009620243376990557,0.0,0.0,0.08640702774073877,350,0,0,0,3,16,191
Figs,0.09531017980432487,3.8437441646748516,0.12310219713398338,3.0819099697950434,0.5826145825549434,3.433065120510178,5.746796350961806,0.050149783685471565,0.04483678160919233,0.48198513490417905,0.0006747722899637545,0.0,0.11613087794435528,0.34938846188775924,0.0,0.43456148259580357,351,0,0,0,8,33,116
Filled chocolate,0.0,4.915102867374692,0.43004931373870287,4.229263880121471,1.196343777161445,5.160969175396813,5.44673737166631,0.19062035960864973,0.051009920907744914,1.6086375922633314,0.0016652793190612104,0.000499875041651048,0.051959738930711055,0.8478691257554957,0.004987541511039074,0.747003853350656,352,0,0,0,18,19,26
Filmjölk,0.06765864847381481,4.762173934797756,0.0,2.5649493574615367,0.06765864847381481,4.5217885770490405,5.093750200806762,0.13102826240640408,0.039220713153281295,0.05414721807044643,0.0017983819413793735,0.0002699635565596717,0.039220713153281295,0.06765864847381481,0.0,0.3646431135879093,353,0,0,0,14,25,194
"Filmjölk, QUAL Low fat (naturally or reduced)",0.009950330853168083,4.787491742782046,0.0,2.5649493574615367,0.06765864847381481,4.553876891600541,5.117993812416755,0.1397619423751587,0.039220713153281295,0.05414721807044643,0.0017983819413793735,0.0002699635565596717,0.039220713153281295,0.009950330853168083,0.0,0.37156355643248307,353,23,0,0,14,25,194
Filtered tap water,0.0,2.0794415416798357,0.0,0.7592469822644691,0.0,1.6094379124341003,2.1972245773362196,0.0,0.0,0.05414721807044643,0.0,0.0,0.0,0.0,0.0,0.019900661706336177,354,0,0,0,20,23,197
Finger food,0.3987761199573678,4.997212273764115,0.1239859797809912,3.173878458937465,1.7833912195575383,5.19295685089021,5.043425116919247,0.2468600779315258,0.2151113796169455,1.0188473201992472,0.005484930230569685,0.0004399032283852997,0.1397619423751587,0.39877611995736784,0.0,0.9001613499442713,355,0,0,0,4,22,162
Firm brined cheese (ricotta salata type),0.2271355725837472,5.512852543325646,0.020782539182528502,2.659260036932778,1.3694024934496725,5.0689042022202315,4.835147476880866,0.1918003007484984,0.02399550555621568,0.26016404355788864,0.014395880283732383,0.00043990322838529966,0.0394954006979284,0.1301506844650451,0.0,0.8175747589349974,356,0,0,0,14,15,14
Firm-ripened bloomy (white mould) or washed rind cheese,0.4054651081081644,6.025658913052238,0.05826890812397577,2.70805020110221,0.1397619423751587,6.111467339502679,4.727387818712341,0.18232155679395465,0.019802627296179712,0.20701416938432615,0.007968169649176874,0.0014988761237358919,0.06765864847381481,0.4054651081081644,0.0,1.5040773967762742,357,0,0,0,14,15,62
Firm-ripened blue mould-veined cheese,0.5653138090500605,6.025658913052238,0.07032531672073006,3.2358734012367716,1.9397688810332308,5.904583031815827,4.671626509823046,0.41314979086671205,0.039220713153281295,0.16309019486606705,0.00683373957856508,0.0010979684405561234,0.12851885080097833,0.5411608235620636,0.0,1.7227665977411035,358,0,0,0,14,15,62
"Firm-ripened cheese with added herbs, spices or other ingredients",0.0,1.3873652161213836,0.0,0.7592469822644691,0.0,1.6094379124341003,2.1972245773362196,0.2757360014333804,0.048790164169432,0.05414721807044643,0.0,0.0,0.0,0.0,0.0,0.019900661706336177,359,250,0,0,14,15,62
Firm/semi-hard cheese (gouda and edam type),0.33647223662121295,6.025658913052238,0.06605522749960867,3.428441903768721,1.938124819832664,6.154615419744767,4.5378086362332235,0.26466929814270806,0.030252043170520892,0.22770456264177233,0.011855163314991958,0.0018525686488229131,0.06592149296246519,0.46473979957063655,0.0,1.727842976812722,360,0,0,0,14,15,62
"Firm/semi-hard cheese (gouda and edam type), QUAL Half fat or medium fat",0.262364264467491,6.025658913052238,0.04824579834216226,3.525519835201368,2.1041341542702074,6.154615419744767,4.619213965990027,0.3074846997479606,0.04470017891790689,0.22314355131420982,0.0141282953767411,0.002083542203377881,0.07165598890643515,0.3265661905017473,0.0,1.6431489697764121,360,21,0,0,14,15,62
"Firm/semi-hard cheese (gouda and edam type), QUAL Low fat (naturally or reduced)",0.15700374880966478,6.025658913052238,0.05286348955706782,3.4567672328169663,1.92670652599374,6.154615419744767,4.768260380854159,0.2937351441648582,0.051507557145931936,0.23563661556167628,0.008888947417246025,0.0020265166559171716,0.07032531672073006,0.3001045924503381,0.0,1.6445292322453706,360,23,0,0,14,15,62
Fish and potatoes meal,0.5877866649021191,4.059950278336401,0.06305527882019812,3.151514275113333,1.3842923584492175,4.67895157420684,5.818810395716164,0.06845939588080775,0.08853402669378686,0.4884047146166269,0.008619884674439911,0.0017556008876754958,0.19638881400539013,0.5288619862520892,0.0009995003330835331,0.47428018601299576,361,0,0,0,4,22,51
Fish and rice meal,0.5877866649021191,3.453609098001691,0.08316398526073607,3.1026629843813347,1.7282363054565582,4.948861202368529,5.450793175173497,0.11511280710050457,0.05082890085928029,0.396760667478018,0.019822234947085727,0.0010680009125110528,0.1798184265758361,0.5609862769576063,0.0009995003330835331,0.5252017897104978,362,0,0,0,4,22,51
Fish and vegetables meal,0.7419373447293773,3.71153747800652,0.06316257495764012,3.0726933146901194,1.5051878910603014,4.891476312259941,5.610874961690385,0.059054762781314836,0.049583500188827886,0.486225506897758,0.014001519635813609,0.001265865121233634,0.1527210870176639,0.7603384301002686,0.019802627296179712,0.32027026204493253,363,0,0,0,4,22,51
Fish balls,1.2237754316221157,3.595941458454667,0.05611249668888051,3.3690184832979204,1.6384140206706175,5.171903441692378,5.748543368185098,0.09303486596718936,0.07618913835754645,0.6352532021410427,0.01153323581367303,0.002313987331730507,0.26556426719816195,0.6856189141391538,0.0009995003330835331,0.4104526496192034,364,0,0,0,4,22,51
"Fish balls, PROCESS Baking",0.8841806779559215,4.02535169073515,0.050693114315518116,3.2188758248682006,1.664872619322201,5.198497031265826,5.424950017481403,0.09803374027136541,0.08984070399978947,0.5922212619699848,0.0,0.0023971245997214934,0.21107097007994055,0.8841806779559215,0.001998002662673056,0.49041881398832804,364,9,0,0,4,22,51
"Fish balls, PROCESS Cooking in water",0.9555114450274363,4.075598519401045,0.06372569088054482,3.1292636661785136,1.7284899837937888,5.200231910653727,5.405119699430535,0.08866477128441567,0.0692595026043823,0.5574910833688513,0.023032699110572694,0.002596625847265978,0.2857158549982384,0.8841806779559215,0.001998002662673056,0.6266257423601985,364,11,0,0,4,22,51
"Fish balls, PROCESS Frying",0.262364264467491,4.174387269895637,0.04579247831651584,3.1768626449777924,1.524502301628315,5.0805166596443225,5.447352945708524,0.11422114409002286,0.07841501006585626,0.518963846982451,0.012916225266546327,0.0016700332892205486,0.14842000511827327,0.7870017560315696,0.001998002662673056,0.44943642402004347,364,14,0,0,4,22,51
"Fish balls, PROCESS Steaming",0.9555114450274363,4.075598519401045,0.06372569088054482,3.1292636661785136,1.7284899837937888,5.200231910653727,5.405119699430535,0.08866477128441567,0.0692595026043823,0.5574910833688513,0.023032699110572694,0.002596625847265978,0.2857158549982384,0.8841806779559215,0.001998002662673056,0.6266257423601985,364,18,0,0,4,22,51
"Fish fingers, breaded",1.5686159179138452,3.673765816303888,0.08507617235511927,3.22525543183224,1.6974854191225803,5.14049328135447,5.499624223253072,0.0848924670179626,0.09621885774054292,0.48390653441472703,0.02176149178151269,0.0013590760376310075,0.1513467524945241,1.602346158620344,0.0,0.41923651219208236,365,58,0,0,4,22,51
Fish gratin,0.4054651081081644,4.716860625340788,0.08637645324597992,3.222867846137738,1.795585474061584,5.31697554836657,5.452610893315042,0.10586039069947735,0.07618913835754644,0.6241543090729939,0.015184135325039967,0.0022807304891320776,0.20226034039778562,0.811818710277444,0.0,0.5933268452777344,366,0,0,0,4,22,51
Fish paste or surimi,1.1314021114911006,4.125289366071522,0.13073582198905453,3.2088254890146994,1.5135561407308178,5.055335473014162,5.065303838295054,0.05556985115481077,0.019802627296179712,0.6130211360806604,0.01928428569746823,0.0007582838586843168,0.02259983191724094,0.8424288832756998,0.0,0.6678293725756554,367,0,0,0,6,28,150
Fish pâté,1.791759469228055,3.405947984420753,0.0830272604507546,2.959364629383116,2.0770816163882118,5.1458319660398395,5.1273595684043975,0.18220250208817676,0.11383875927878655,0.5328945885412187,0.011646204634398685,0.0026108744135042417,0.16272605090379838,1.371231483442845,0.003992021269537453,0.7831837389752458,368,0,0,0,4,22,51
Fish soup,0.4054651081081644,4.254193263163997,0.10805972665085314,2.750014400201242,1.0367368849500223,4.611436227566737,5.168371375417596,0.07112393249590558,0.04305948946044697,0.6254799606208241,0.01009176356679045,0.0009210043167160566,0.15529288440603534,0.5242550440776513,0.006975613736425242,0.40584598794518173,369,0,0,0,4,59,173
"Fish soup, INGRED Tap water",0.3060130291365044,3.8889005880072918,0.05826890812397577,2.8256215741480033,0.9074517832069507,4.420560298676125,5.146663566919366,0.04442691754170176,0.0408677077611033,0.665922794305074,0.01153323581367303,0.0008068172925199338,0.0864397850906721,0.36686287032622217,0.003992021269537453,0.26412096232812454,369,6,0,0,4,59,173
Fishcakes,0.0,3.8636727444870993,0.0644760191843648,3.1962211343033946,1.6910178994265233,4.927253685157205,5.631928370888217,0.10291753400668631,0.11635980111619529,0.608786831941872,0.008265744417032619,0.0013590760376310078,0.17479329037316305,0.6633063385489241,0.001998002662673056,0.4615933618857655,370,0,0,0,4,22,51
Flan tart,0.3133498192003587,3.8859723282282035,0.033434776086237385,2.27712075412811,0.6236439747929716,4.129435882033371,4.724856171790561,0.08026246374518226,0.037295784743696894,0.33647223662121295,0.0014846117041905423,0.00020797837099916948,0.026781022677642013,0.6214363330059449,0.004987541511039074,0.25696509978972043,371,0,0,0,10,26,167
"Flat-fishes, dried",1.1210258835050098,4.03044076024262,0.1097508639591192,3.871201010907891,2.5601908007204948,5.558481410105926,6.218315503210514,0.17275210577780392,0.0265028198659993,0.7038044750339334,0.0,0.0023971245997214934,0.26368207708956776,1.1210258835050098,0.0,0.5561813254867879,372,98,0,0,6,28,52
"Flat-fishes, dried, PROCESS Baking",0.7561219797213337,4.442651256490317,0.07696104113612832,3.8918202981106265,1.9633289849962168,5.484796933490655,5.860786223465865,0.04783732941416013,0.05164323315183845,0.2978798974282269,0.0,0.00129915573162005,0.17730901497041035,0.7561219797213337,0.0,0.3994470357826014,372,98,4,0,6,28,52
"Flat-fishes, dried, PROCESS Cooking in water",0.7561219797213337,4.442651256490317,0.07696104113612832,3.8918202981106265,1.9633289849962168,5.484796933490655,5.860786223465865,0.04783732941416013,0.05164323315183845,0.2978798974282269,0.0,0.00129915573162005,0.17730901497041035,0.7561219797213337,0.0,0.3994470357826014,372,98,5,0,6,28,52
"Flat-fishes, dried, PROCESS Steaming",0.7561219797213337,4.442651256490317,0.07696104113612832,3.8918202981106265,1.9633289849962168,5.484796933490655,5.860786223465865,0.04783732941416013,0.05164323315183845,0.2978798974282269,0.0,0.00129915573162005,0.17730901497041035,0.7561219797213337,0.0,0.3994470357826014,372,98,8,0,6,28,52
Flavour enhancer,0.0,1.3873652161213836,0.0,0.7592469822644691,0.0,1.6094379124341003,2.1972245773362196,0.0,0.0,0.05414721807044643,0.0,0.0,0.0,0.0,0.0,0.019900661706336177,373,0,0,0,0,30,132
Flavoured bottled water,0.289680075114454,2.245258597802327,0.023577007956468866,1.4519483313413275,0.20782684720231648,1.6095236230465553,2.6741486494265287,0.007968169649176874,0.006975613736425242,0.17647114311577905,9.999500033330834e-05,0.0,0.026641930946421175,0.289680075114454,0.003992021269537453,0.04018178963283184,374,0,0,0,20,23,12
"Flavoured bottled water, FORT Combination of vitamin and mineral only supplements",0.289680075114454,1.9459101490553132,0.037295784743696894,1.6094379124341003,0.20782684720231648,2.0794415416798357,4.290459441148391,0.007968169649176874,0.006975613736425242,0.17647114311577905,0.0,0.0,0.026641930946421175,0.289680075114454,0.003992021269537453,0.04018178963283184,374,1,0,0,20,23,12
"Flavoured bottled water, FORT Mineral only supplements",0.289680075114454,1.7676619176489945,0.037295784743696894,1.6094379124341003,0.20782684720231648,2.0794415416798357,2.833213344056216,0.007968169649176874,0.006975613736425243,0.17647114311577905,0.0,0.0,0.02664193094642118,0.289680075114454,0.003992021269537453,0.04018178963283184,374,2,0,0,20,23,12
"Flavoured bottled water, FORT Vitamin only supplements",0.289680075114454,1.9459101490553132,0.037295784743696894,1.6094379124341003,0.20782684720231648,2.0794415416798357,4.290459441148391,0.007968169649176874,0.006975613736425242,0.17647114311577905,0.0,0.0,0.026641930946421175,0.289680075114454,0.003992021269537453,0.04018178963283184,374,4,0,0,20,23,12
Flavoured milks,0.0,4.490432508517668,0.11778303565638346,2.7549337870010606,0.6007028901686654,4.421728001525434,4.983606621708336,0.1499705265762951,0.0424846116061553,0.19885085874516523,0.00213771346154711,0.0003239475233346537,0.04190940307720961,0.07045846364856143,0.0003999200213269354,0.3517829978583046,375,0,0,0,14,43,111
Flavoured sour cream,0.18232155679395465,4.453017508823506,0.015592094759836202,2.3139488516443607,0.49469624183610705,4.108998570609203,4.719773568727095,0.14224333322654414,0.0295588022415444,0.10178269430994231,0.002496880198587199,0.00037135960891263877,0.03232888711536001,0.6418538861723948,0.0,0.2947995402206449,376,0,0,0,14,25,174
"Flavoured sour cream, QUAL Half fat or medium fat",0.4700036292457356,4.61512051684126,0.022739486969489426,2.4849066497880004,0.5306282510621704,4.394449154672439,4.875197323201151,0.15700374880966478,0.039220713153281295,0.09531017980432487,0.0,0.00029995500899797546,0.039220713153281295,0.4700036292457356,0.0,0.33647223662121295,376,21,0,0,14,25,174
"Flavoured sour cream, QUAL Low fat (naturally or reduced)",0.262364264467491,4.61512051684126,0.0246926125903715,2.4849066497880004,0.511025603768657,4.394449154672439,4.976733742420574,0.1397619423751587,0.0344014267173324,0.05826890812397577,0.0,0.00029995500899797546,0.016857117066422903,0.262364264467491,0.0,0.35767444427181594,376,23,0,0,14,25,174
Flavoured traditional sour milk products,0.0,4.68213122712422,0.011928570865273802,2.4849066497880004,0.5481214085096876,4.499809670330265,4.90527477843843,0.1406311297397456,0.03536714383729131,0.07138999608667293,0.006409415740738719,0.0003999200213269354,0.04401688541677433,0.0934903430873389,0.003992021269537453,0.27914574142949455,377,0,0,0,14,25,194
Flavoured whey,0.012422519998557155,4.21318523943662,0.008251576197765021,1.3121863889661687,0.32642190076771155,3.793882763123921,4.820281565605037,0.1265067776875582,0.0416901889589426,0.1282675629494236,0.00019998000266626675,0.00019998000266626675,0.03633192924739028,0.0009995003330835331,0.0,0.07722555641342782,378,0,0,0,14,43,17
Florence fennels,0.18232155679395465,3.855452653939752,0.044734331340170755,2.545531271604435,0.42961556834044745,3.7534179752515073,6.015343820897925,0.054488185284069734,0.09440067542148432,0.7241612340891148,0.0008662913279578211,0.0,0.06874839716109414,0.18232155679395465,0.0040916179032535645,0.3704134700492457,379,0,0,0,19,12,203
"Florence fennels, PROCESS Baking",0.0,3.7780016968960535,0.13102826240640408,2.7042334025755093,0.4330802751411378,3.6991833292522083,5.900679826235874,0.029558802241544405,0.046883585898850416,0.18232155679395468,0.0009852287884026523,0.0,0.08171164389472614,0.2776317365982795,0.004888034072775962,0.2455198945725699,379,9,0,0,19,12,203
"Florence fennels, PROCESS Cooking in water",0.0,3.7724324769322175,0.06765864847381481,2.25279442849103,0.36810932156439546,3.617076515635431,5.607376456545106,0.029558802241544405,0.050149783685471565,0.4054651081081644,0.0009995003330835331,0.0,0.07285208181267194,0.23111172096338664,0.004888034072775962,0.2141892956419771,379,11,0,0,19,12,203
"Florence fennels, PROCESS Steaming",0.0,3.7724324769322175,0.06765864847381481,2.379546134130174,0.40145708671062563,3.651029229982839,5.821777128131594,0.029558802241544405,0.049878007627269315,0.4054651081081644,0.0009995003330835331,0.0,0.07801868269426386,0.23111172096338664,0.004888034072775962,0.22622451455466727,379,18,0,0,19,12,203
Flounders,0.6931471805599453,3.8562082263217494,0.04292264375376746,3.1416861861770706,2.0166158385459396,5.2079236525235295,5.691806283609486,0.15700374880966475,0.15333401992070236,0.27231459532065916,0.021985117879610164,0.0012848884628744006,0.21626279022198733,0.3974329364109001,9.999500033330834e-05,0.43178241642553783,380,0,0,0,6,27,106
"Flounders, PROCESS Baking",0.341459778132252,4.07753744390572,0.05259245011917058,3.1780538303479458,2.1005913004025705,5.2832037287379885,5.659482215759621,0.2062008305838978,0.1930966299619131,0.2669690308542393,0.0,0.0010993954433009636,0.21672298351128702,0.341459778132252,9.999500033330834e-05,0.47312375658197914,380,9,0,0,6,27,106
"Flounders, PROCESS Cooking in water",0.3407487933884732,3.903414630891546,0.04879016416943199,3.2015843277581397,2.103524212195793,5.302593923315297,5.664447469257524,0.19650619178591106,0.16853650182321292,0.3287897404491966,0.03149866705937099,0.001070855001492987,0.2133817741122561,0.360188763238529,9.999500033330834e-05,0.4717877510392369,380,11,0,0,6,27,106
"Flounders, PROCESS Frying",0.9932517730102833,4.124827578947176,0.053622009396220686,3.1898882879949486,2.1005913004025705,5.294739545200152,5.678220436605976,0.16853650182321295,0.15639306176778492,0.2656555455515638,0.026641930946421175,0.001070855001492987,0.21856164180909812,0.341459778132252,0.002995508979798479,0.4722332845730047,380,14,0,0,6,27,106
"Flounders, PROCESS Steaming",0.3407487933884732,3.903414630891546,0.04879016416943199,3.2015843277581397,2.103524212195793,5.302593923315297,5.664447469257524,0.19650619178591106,0.16853650182321292,0.3287897404491966,0.03149866705937099,0.001070855001492987,0.2133817741122561,0.360188763238529,9.999500033330834e-05,0.4717877510392369,380,18,0,0,6,27,106
Flour mix (like wheat/rye/barley/oats and other),0.5306282510621704,2.8903717578961645,0.262364264467491,3.9512437185814275,1.791759469228055,5.176149732573829,5.484796933490655,0.09531017980432487,0.37717340751605727,1.2237754316221157,0.009455158770755133,0.0,0.16551443847757338,0.5306282510621704,0.0,0.9555114450274363,381,0,0,0,10,14,22
Flowers used for herbal infusions,0.0,5.707110264748875,0.6261309257071586,4.9185200051884514,2.440867680794052,3.4339872044851463,5.916202062607435,0.41314979086671205,0.0,2.1550789558854557,0.0,0.0,0.262364264467491,0.0,0.0,1.0986122886681098,382,0,0,0,3,17,89
Foamed sugar products (marshmallows),0.0,2.833213344056216,0.09531017980432487,2.21375387928743,0.35977014884603475,1.8607523407150064,2.1972245773362196,0.0,0.0,0.8814034728737145,0.001998002662673056,0.0,0.0,0.0,0.0,0.09531017980432487,383,0,0,0,18,19,189
"Follow-on formulae, liquid",0.48858001481867097,4.143134726391533,0.006975613736425242,2.1972245773362196,0.09531017980432487,4.062903036387282,4.844187086458591,0.1484200051182733,0.039220713153281295,0.6714856837787659,0.0014988761237358919,0.00029995500899797546,0.0295588022415444,0.48858001481867097,0.0,0.3220834991691133,384,158,0,0,7,31,93
"Follow-on formulae, powder",1.791759469228055,6.025658913052238,0.262364264467491,3.9318256327243257,2.0014800002101243,5.860786223465865,6.5245058508019955,0.41314979086671205,0.262364264467491,1.916922612182061,0.0,0.0014988761237358919,0.262364264467491,1.7847852054907187,0.0,1.3609765531356006,384,212,0,0,7,31,93
Fortified bottled water,0.0,1.6863989535702288,0.039220713153281295,1.6094379124341003,0.22394323148477407,2.1972245773362196,2.833213344056216,0.008959741371471902,0.007968169649176874,0.16805358499624967,0.0,0.0,0.0295588022415444,0.3140805463063118,0.003992021269537453,0.0421011760186354,385,0,0,0,20,70,78
"Frankfurt-type sausage, PROCESS Baking",0.5561813254867879,2.662587827025453,0.10436001532424277,2.649209701079277,1.884512269168227,5.090238344695223,5.123113277522946,0.15968635010137383,0.2049213887111956,0.6851150088626811,0.007968169649176874,0.0016415091292551255,0.1397619423751587,0.5296866314069093,0.0,0.957706835590872,386,9,0,0,13,57,169
"Frankfurt-type sausage, PROCESS Cooking in water",0.09531017980432487,3.073464622094343,0.06453852113757118,2.7334394351070297,1.9042161758326508,5.159055299214529,4.912654885736052,0.1578580846155803,0.24864419972502722,0.7555181757380098,0.004655811536194026,0.000911013472610964,0.12082602012696872,0.3620007366940801,0.0,0.9113643313511106,386,11,0,0,13,57,169
"Frankfurt-type sausage, PROCESS Steaming",0.6423800635062922,3.396184839838611,0.05826890812397577,2.653241964607215,1.964731903295901,5.153291594497779,4.996246556644156,0.12989980639047286,0.28818194749343196,0.6894259797580915,0.006975613736425243,0.0010394595746624452,0.1301506844650451,0.3076317477594013,0.0,0.9594596844182864,386,18,0,0,13,57,169
"Frankfurt-type sausage, QUAL Low fat (naturally or reduced), PROCESS Baking",0.21268909341035083,2.772588722239781,0.08157998699242289,3.295836866004329,1.9870520923864885,5.062595033026967,5.7899601708972535,0.1697427745870945,0.37717340751605727,0.6601073264817451,0.0,0.0013990209137073409,0.3722529739020508,0.21268909341035086,0.013902905168991422,1.0942695392339727,386,23,4,0,13,57,169
"Frankfurt-type sausage, QUAL Low fat (naturally or reduced), PROCESS Cooking in water",0.21268909341035083,2.8903717578961645,0.07497494316449892,3.1103356562929947,1.9870520923864885,5.049856007249537,5.588318177218777,0.14410034397375684,0.37717340751605727,0.6841785105771848,0.006975613736425242,0.0011250811445006137,0.29872798398388273,0.21268909341035086,0.013902905168991422,1.036483560059497,386,23,5,0,13,57,169
"Frankfurt-type sausage, QUAL Low fat (naturally or reduced), PROCESS Steaming",0.21268909341035083,2.8903717578961645,0.07497494316449892,3.1103356562929947,1.9870520923864885,5.049856007249537,5.588318177218777,0.14410034397375684,0.37717340751605727,0.6841785105771848,0.006975613736425242,0.0011250811445006137,0.29872798398388273,0.21268909341035086,0.013902905168991422,1.036483560059497,386,23,8,0,13,57,169
"Frankfurter sausage, PROCESS Baking",0.09531017980432487,2.7245795030534206,0.10436001532424277,2.866274206317104,1.7501435088066235,5.2071414858821665,5.2326353347083865,0.14459496498050226,0.17623162215655014,0.7258909193717756,0.007287666050272192,0.0014275519911854174,0.14050700636094787,0.4652423121440251,0.0,0.975314072323616,387,9,0,0,13,57,169
"Frankfurter sausage, PROCESS Cooking in water",0.262364264467491,3.19731164695236,0.05899191713021321,2.657258034262105,1.9025125616298635,5.074637957401946,5.056973475018401,0.13065225187367915,0.31855762182560426,0.8911780310590799,0.006436384820690192,0.0006683480342583687,0.14335795344225824,0.27778324027253337,0.0,0.9446838063753729,387,11,0,0,13,57,169
"Frankfurter sausage, PROCESS Steaming",0.262364264467491,2.8487778605973277,0.07033419373414775,2.9200846552146764,1.8612411101366584,5.14116217770048,5.285955558992156,0.1370252818787784,0.24059046491793037,0.6703171180600449,0.007968169649176874,0.0013276896584609975,0.18683516464683364,0.5543447776794864,0.0,1.0926900247258535,387,18,0,0,13,57,169
"Frankfurter sausage, QUAL Low fat (naturally or reduced), PROCESS Baking",0.21268909341035083,2.772588722239781,0.08157998699242289,3.295836866004329,1.9870520923864885,5.062595033026967,5.7899601708972535,0.1697427745870945,0.37717340751605727,0.6601073264817451,0.0,0.0013990209137073409,0.3722529739020508,0.21268909341035086,0.013902905168991422,1.0942695392339727,387,23,4,0,13,57,169
"Frankfurter sausage, QUAL Low fat (naturally or reduced), PROCESS Cooking in water",0.21268909341035083,2.8903717578961645,0.07497494316449892,3.1103356562929947,1.9870520923864885,5.049856007249537,5.588318177218777,0.14410034397375684,0.37717340751605727,0.6841785105771848,0.006975613736425242,0.0011250811445006137,0.29872798398388273,0.21268909341035086,0.013902905168991422,1.036483560059497,387,23,5,0,13,57,169
"Frankfurter sausage, QUAL Low fat (naturally or reduced), PROCESS Steaming",0.21268909341035083,2.772588722239781,0.08157998699242289,3.295836866004329,1.9870520923864885,5.062595033026967,5.7899601708972535,0.1697427745870945,0.37717340751605727,0.6601073264817451,0.0,0.0013990209137073409,0.3722529739020508,0.21268909341035086,0.013902905168991422,1.0942695392339727,387,23,8,0,13,57,169
Fresh bratwurst,0.12221763272424921,3.047239830699923,0.07510747248680541,2.9740707767728116,1.815475995845371,5.12905304891073,5.5623286256233495,0.14533643807428515,0.33197233129836057,0.7238149377252289,0.008109882963379885,0.0009681026659276232,0.26357232567640815,0.38621432851602705,0.007968169649176874,1.055754493151786,388,0,0,0,13,57,70
"Fresh bratwurst, PROCESS Baking",0.26926348692776286,3.1103356562929947,0.08355302281828117,3.044522437723423,1.9040459449566145,4.83059684331687,5.4141938239338385,0.15883357548674093,0.3571748189803834,0.6913598699858494,0.0,0.0012135490656620508,0.2220000406121308,0.26926348692776286,0.008959741371471902,1.090244038997593,388,9,0,0,13,57,70
"Fresh bratwurst, PROCESS Cooking in water",0.26926348692776286,2.5649493574615367,0.08250122151174369,3.1354942159291497,1.9040459449566145,4.74493212836325,5.438079308923196,0.15614868248993136,0.3343270802748247,0.6286086594223741,0.0,0.00129915573162005,0.2342812957246657,0.26926348692776286,0.008959741371471902,1.045563067578294,388,11,0,0,13,57,70
"Fresh bratwurst, PROCESS Steaming",0.26926348692776286,2.5649493574615367,0.08250122151174369,3.1354942159291497,1.9040459449566145,4.74493212836325,5.438079308923196,0.15614868248993136,0.3343270802748247,0.6286086594223741,0.0,0.00129915573162005,0.2342812957246657,0.26926348692776286,0.008959741371471902,1.045563067578294,388,18,0,0,13,57,70
Fresh egg pasta,0.0,3.6109179126442243,0.39625616902285454,3.488902962081261,1.3221291036441039,4.9849755473156785,4.91705694713669,0.06364526516035618,0.20977458357525539,0.7922682714277525,0.02273948696948943,0.0003099519599280251,0.07101748723528029,0.37032140597258334,0.0009995003330835331,0.7423182245663947,389,0,0,0,10,51,140
"Fresh egg pasta, PROCESS Baking",0.039220713153281295,2.302585092994046,0.14236724128692196,3.4657359027997265,0.5766133643039938,4.143134726391533,3.9889840465642745,0.039220713153281295,0.05692029025268221,0.5877866649021191,0.0,0.0,0.019802627296179712,0.039220713153281295,0.0,0.7217346374118578,389,9,0,0,10,51,140
"Fresh egg pasta, PROCESS Cooking in water",0.0,3.0349529867072724,0.23870189023006222,3.0155349008501706,0.8938815103610253,4.320151230955794,3.8543938925915096,0.034240383154700745,0.05205015075663947,0.5918893484857184,0.013942352122705535,0.00015998720136516955,0.02761516703297337,0.21188035903549907,0.0,0.46197145754847124,389,11,0,0,10,51,140
"Fresh egg pasta, PROCESS Steaming",0.0,2.8903717578961645,0.1518623493092461,2.9652730660692823,0.9896898814439228,4.257030144499196,3.92395157629342,0.03182161232295605,0.05638033343610764,0.6599005867663095,0.012916225266546328,0.0,0.02176149178151269,0.16889853646181394,0.0,0.4884573079039824,389,18,0,0,10,51,140
Fresh raw sausages,0.0,3.4531571205928664,0.06203539091945264,2.8166056076565553,1.7540576020440435,5.329816033607408,5.389984555073861,0.1275133202989596,0.293912622202417,0.8595087177751705,0.007055054473677062,0.0006697756502039826,0.1914464645709552,0.4173936789734382,0.0,0.9578164787026535,390,0,0,0,13,57,70
"Fresh raw sausages, PROCESS Baking",0.26926348692776286,3.713572066704308,0.08879549878313114,3.044522437723423,1.9040459449566145,4.9787022469932465,5.388419201245223,0.14657100613232613,0.3343270802748247,0.6623197167646858,0.005982071677547464,0.0012135490656620508,0.20119004109833744,0.4404460770034099,0.008959741371471902,0.9998437546924362,390,9,0,0,13,57,70
"Fresh raw sausages, PROCESS Cooking in water",0.26926348692776286,2.496741107435003,0.07019215206243355,2.9361339106679556,1.9040459449566145,5.219583326005533,5.474668756355488,0.1674496108279833,0.3260095296278472,0.636576829071551,0.0065783153601225676,0.0008624850956330079,0.2123425730488124,0.2697217470747881,0.008959741371471902,1.011081296182247,390,11,0,0,13,57,70
"Fresh raw sausages, PROCESS Frying",0.26926348692776286,3.5179216559702966,0.0874874541231158,3.1039458581942236,1.9492718391768062,5.071595993885943,5.512276008285174,0.14545996348979642,0.3539378682288462,0.8754687373539,0.006975613736425242,0.0011964268530151663,0.22314355131420976,0.505250109432805,0.008959741371471902,1.0683985100716131,390,14,0,0,13,57,70
"Fresh raw sausages, PROCESS Steaming",0.26926348692776286,2.5649493574615367,0.08250122151174369,3.1354942159291497,1.9040459449566145,4.74493212836325,5.438079308923196,0.15614868248993136,0.3343270802748247,0.6286086594223741,0.0,0.00129915573162005,0.2342812957246657,0.26926348692776286,0.008959741371471902,1.045563067578294,390,18,0,0,13,57,70
Fresh smoked sausages-deprecated,0.186064543072789,2.916998233011487,0.08157998699242287,3.138594993607398,2.0263797671594816,5.177762636149294,5.554619336339982,0.1567595187437298,0.3339179568161162,0.9099851793108784,0.004788516731797178,0.0012920221226915948,0.25873129960860575,0.41051898241084334,0.005982071677547464,1.0258367617481663,391,0,0,0,13,57,71
"Fresh smoked sausages-deprecated, QUAL Low fat (naturally or reduced)",0.26926348692776286,2.6390573296152584,0.07232066157962612,3.2188758248682006,2.091987510848354,4.727387818712341,5.564520407322694,0.17311261770864478,0.37717340751605727,0.6205764877251099,0.0,0.0016985566355814771,0.32858406377220667,0.26926348692776286,0.005982071677547464,1.1157971134222107,391,23,0,0,13,57,71
"Fresh smoked sausages-deprecated, QUAL Low sodium / reduced salt",0.26926348692776286,2.6390573296152584,0.07232066157962612,3.2188758248682006,2.091987510848354,4.727387818712341,5.564520407322694,0.17311261770864478,0.37717340751605727,0.6205764877251099,0.0,0.0016985566355814771,0.32858406377220667,0.26926348692776286,0.005982071677547464,1.1157971134222107,391,24,0,0,13,57,71
Fresh spiced sausages in casing,0.5306282510621704,2.807680042051051,0.06765864847381481,3.044522437723423,1.5566397268671295,5.246271909657932,5.755742213586912,0.1385189341355617,0.35166240211518807,0.8694985703673961,0.009950330853168083,0.0006897620594463634,0.311154428636923,0.5306282510621704,0.0,1.1908875647772805,392,0,0,0,13,57,70
"Fresh spiced sausages in casing, PROCESS Baking",0.9162907318741551,3.1780538303479458,0.08879549878313117,3.1660776393012298,1.720212317936007,5.3706380281276624,5.9318661842219464,0.16309019486606702,0.37717340751605727,0.9555114450274363,0.0119285708652738,0.0008967406650210134,0.2689360296307256,0.8687797492031033,0.0,1.3387534163508905,392,9,0,0,13,57,70
Freshwater bream - Europe,1.2809338454620642,4.374858145195269,0.144471332662857,3.377099830083095,2.0965795576245103,5.3244027370237115,5.651486171157481,0.07298489275648892,0.08879549878313117,0.41871033485818504,0.02483197570118169,0.0017128180036747604,0.3106310054373256,0.9001613499442714,0.0,0.3862337461802768,393,0,0,0,6,27,74
Freshwater crabs,0.0,3.7376696182833684,0.0,3.1354942159291497,0.0,5.389723832871888,5.541263545158426,0.08879549878313117,0.17034536574723894,1.0296194171811581,0.0,0.0,0.0,0.0,0.0,0.019900661706336177,394,0,0,0,6,20,73
Freshwater crayfishes,1.33500106673234,3.869711807356423,0.2922430837793435,3.2403577136841006,1.7182410668336663,5.175342304189228,5.191368288205073,0.04742869357111091,0.039220713153281295,1.2237754316221157,0.03536714383729131,0.0022474725404792845,0.4722332845730047,0.9932517730102833,0.0,0.834150588023169,395,0,0,0,6,20,73
"Freshwater crayfishes, PROCESS Baking",0.11422114409002286,3.970291913552122,0.4061315526513249,3.332204510175204,1.8074687629332349,5.501258210544727,5.568344503761097,0.10345870836822998,0.0246926125903715,1.1174340429086975,0.0,0.002895803112025565,0.4722332845730047,0.11422114409002286,0.0,0.9497255079603923,395,9,0,0,6,20,73
"Freshwater crayfishes, PROCESS Cooking in water",0.11867152971749864,4.038026131631877,0.5526528271801726,3.4011973816621555,1.9209062635347536,5.433097978572992,5.493649160078006,0.08748745412311582,0.0246926125903715,1.000894450875254,0.03536714383729131,0.002496880198587199,0.4722332845730047,0.5161713100907428,0.0,1.061009313889242,395,11,0,0,6,20,73
"Freshwater crayfishes, PROCESS Frying",0.9162907318741551,3.9318256327243257,0.4061315526513249,3.4011973816621555,1.8074687629332349,5.423690571471096,5.604751094050022,0.08814169032571233,0.0246926125903715,0.9924578071091068,0.03536714383729131,0.0022118377966002353,0.4722332845730047,0.11422114409002286,0.0,1.0257855466704362,395,14,0,0,6,20,73
"Freshwater crayfishes, PROCESS Steaming",0.09984533496971613,3.9177210265427838,0.5289461648791857,3.3270894095084333,1.9352411927057456,5.345064629087669,5.457760140957061,0.09205814441794756,0.0246926125903715,0.9416799658789746,0.03536714383729131,0.0024256272148383603,0.4722332845730047,0.5086232002107907,0.0,0.9932517730102833,395,18,0,0,6,20,73
"Freshwater crayfishes, cooked-deprecated",1.5260563034950492,4.127134385045092,0.5204081359213341,3.405947984420753,1.6372476130733675,5.297602825610168,5.297602825610168,0.07484239627584306,0.10087906034927319,1.2332680489543415,0.03536714383729131,0.0023828729875076207,0.4722332845730047,1.5260563034950492,0.0,1.0565494452481041,395,87,0,0,6,20,104
Freshwater crustaceans,1.6094379124341003,4.291437436336368,0.27979389960277473,3.9205579078779835,2.002425499031152,5.363302216637449,5.473470433863379,0.03591856375752218,0.04114194333117517,1.0214226499769796,0.03536714383729131,0.00146321469335214,0.3636505576751576,1.1151415906193203,0.0,1.0285984880470511,396,0,0,0,6,20,73
"Freshwater crustaceans, PROCESS Baking",1.7582026856992121,4.709530201312334,0.30306317449008324,4.290459441148391,2.0950687975655353,5.493061443340548,5.605802066295998,0.03633192924739028,0.04783732941416013,1.028189824371564,0.0,0.0008995952428360929,0.11778303565638346,1.7582026856992121,0.0,1.2823217707369123,396,9,0,0,6,20,73
"Freshwater crustaceans, PROCESS Cooking in water",1.791759469228055,4.762173934797756,0.3008450589780618,4.290459441148391,1.9235184587404122,5.480638923341991,5.529429087511423,0.0295588022415444,0.046883585898850416,1.018486244188825,0.0,0.0007996801705643322,0.10795714150509228,1.7847852054907187,0.0,1.3156036204971213,396,11,0,0,6,20,73
"Freshwater crustaceans, PROCESS Frying",1.7582026856992121,4.709530201312334,0.30306317449008324,4.290459441148391,2.0950687975655353,5.493061443340548,5.605802066295998,0.03633192924739028,0.04783732941416013,1.028189824371564,0.0,0.0008995952428360929,0.11778303565638346,1.7582026856992121,0.0,1.2823217707369123,396,14,0,0,6,20,73
"Freshwater crustaceans, PROCESS Steaming",1.6509636592625987,4.584967478670572,0.27002713721306015,4.1588830833596715,1.980035485213189,5.3612921657094255,5.476463551931511,0.03149866705937099,0.042101176018635396,0.9458495341156994,0.0,0.0007996801705643322,0.10436001532424277,1.6509636592625987,0.0,1.189366651936574,396,18,0,0,6,20,73
Freshwater fish,0.6151856390902334,3.2905318137746358,0.08853402669378686,3.2131451501592156,1.7863161095619888,5.389071729816501,5.7430031878094825,0.10795714150509228,0.11485812735890133,0.39877611995736784,0.019802627296179712,0.004987541511039074,0.20701416938432615,0.9154904117033859,0.007968169649176874,0.4192740856952523,397,0,0,0,6,27,74
"Freshwater fish, PROCESS Baking",1.0508216248317612,3.5158007644011593,0.10332988389140126,3.373189756675252,2.1953498051755944,5.5936486802457175,5.86768140389712,0.07484239627584306,0.13552939528719568,0.31010730812239756,0.002995508979798479,0.0052021595592508145,0.27242339149114125,0.8518588717147662,0.008959741371471902,0.46588802891204867,397,9,0,0,6,27,74
"Freshwater fish, PROCESS Cooking in water",0.0,2.772588722239781,0.15443635330441893,3.367295829986474,1.989380063311179,5.579729825986222,5.872117789475416,0.06485097231961633,0.07603468627599762,0.346422567474381,0.0,0.004987541511039074,0.18481843699254183,1.059524899960063,0.008959741371471902,0.49956243148727997,397,11,0,0,6,27,74
"Freshwater fish, PROCESS Frying",1.0629851110249586,2.70805020110221,0.1578580846155803,3.4011973816621555,2.175092572478769,5.605802066295998,5.966146739123692,0.08065790301745447,0.07881118042428978,0.3548733219921042,0.0,0.005484930230569685,0.20294084399669032,1.0629851110249586,0.008959741371471902,0.48796632961990816,397,14,0,0,6,27,74
"Freshwater fish, PROCESS Steaming",0.0,3.7612001156935624,0.08139563820399409,3.407841924380824,1.989380063311179,5.250176991220101,5.86533426996377,0.11046745302597095,0.08764450985204635,0.44186132329945516,0.002995508979798479,0.004987541511039074,0.2509143482595663,0.7765687886990177,0.008959741371471902,0.4677510941924418,397,18,0,0,6,27,74
Freshwater shrimps or prawns,0.0,4.647134385087123,0.5306282510621704,3.670860948611258,1.4350845252893227,5.780302501452216,5.5623286256233495,0.08617769624105233,0.06899287148695145,1.019362917013969,0.0295588022415444,0.0,0.0,0.0,0.0,1.0647107369924282,398,0,0,0,6,20,73
"Freshwater shrimps or prawns, PROCESS Cooking in water",0.5596157879354227,3.8394523125933104,0.29266961396282,3.295836866004329,1.0647107369924282,5.288267030694535,5.298317366548036,0.039220713153281295,0.0295588022415444,1.0296194171811581,0.03536714383729131,0.0023472430683481376,0.4722332845730047,0.5596157879354227,0.0,0.832909122935104,398,11,0,0,6,20,73
Fried eggs,1.410986973710262,4.089571283469443,0.0641813144897294,2.599510032527004,1.6268567483750038,5.342197537219913,4.958238634332712,0.32456489002049876,0.07788653865707122,1.1594833787081962,0.018765675281398546,0.0016472140263387976,0.10911061808284059,1.1959204711351077,0.009950330853168083,0.8159967248376074,399,0,0,0,4,22,51
Fries (finger chips),0.9555114450274363,2.5438491854214504,0.13759811229928384,3.616308761279101,1.475024498289874,4.370532255248147,6.3898570843985825,0.04401688541677433,0.13077760442790157,0.6485980106477679,0.0010765631550194996,0.0,0.24115185268319345,0.6931471805599453,0.001998002662673056,0.41031049310464185,400,0,0,0,17,61,151
Frogs (legs),0.5877866649021191,2.959364629383116,0.0,3.1780538303479458,1.589235205116581,5.238719003662001,5.739792912179234,0.20119004109833744,0.13353139262452263,1.1451323043030026,0.014001519635813609,0.0,0.4722332845730047,0.5877866649021191,0.0,1.0986122886681098,401,0,0,0,6,0,1
Frozen yoghurt,0.05826890812397577,4.454347296253507,0.007968169649176874,2.302585092994046,0.42461392694692524,4.174387269895637,4.700480365792417,0.11778303565638346,0.025667746748577788,0.05921185963184609,0.0,0.00029995500899797546,0.03149866705937099,0.05826890812397577,0.0,0.27307592006241876,402,0,0,0,14,21,44
Fructose,0.0,1.3873652161213836,0.010775073167958452,0.7592469822644691,0.0,1.6094379124341003,2.1972245773362196,0.0,0.0,0.1426563004015232,0.000499875041651048,0.0,0.0,0.0,0.0,0.04242071588395216,403,0,0,0,18,63,188
Fruit and vegetable juices and nectars specific for infants and young children,0.0,1.3873652161213836,0.0,0.7592469822644691,0.262364264467491,1.6094379124341003,2.1972245773362196,0.0,0.0,0.05414721807044643,0.0,0.0,0.0,0.0,0.0,0.019900661706336177,404,0,0,0,7,31,133
Fruit cake,1.220829921392359,4.056700383462923,0.20321291582533094,3.1668805297498204,1.000631880307906,4.629212180468329,5.589119566336061,0.0866363066595467,0.07541663928475419,0.8686399183981491,0.0015987213636970278,0.00046988958459547205,0.08617769624105234,1.1230447048086947,0.002729604570866193,0.42035372060191506,405,0,0,0,10,26,18
Fruit chips,0.7030975114131134,4.3155815352657285,0.1974447183681754,3.9627161197436642,0.8256780728508843,4.11601286170123,6.5245058508019955,0.09062389161324612,0.07325046173959267,0.8592667627776195,0.0006407946472493895,0.0,0.13739890415101183,0.8988596901444755,0.017839918128331,0.7301676728036242,406,0,0,0,8,53,137
"Fruit compote, apple",0.18232155679395465,1.580450375560848,0.028031978431852553,1.6264354888026715,0.21026092548319605,2.1908551290507394,4.706952880298034,0.01587334915629015,0.011646204634398685,0.18160701585608585,0.00019998000266626672,0.0,0.03853366400224291,0.17412136022861466,0.002995508979798479,0.049878007627269315,407,34,0,0,8,53,137
"Fruit compote, apricot",0.0,2.468099531471619,0.06634938054153393,2.0014800002101243,0.436058973192798,2.3978952727983707,5.039546637590676,0.027809700639267226,0.018625464123164893,0.44430113189336257,0.0009995003330835331,0.0,0.03960525459235943,0.2707902047815628,0.001998002662673056,0.07659060216171255,407,38,0,0,8,53,137
"Fruit compote, mixed fruit",0.18232155679395465,2.243744592971112,0.039220713153281295,2.0794415416798357,0.13602827282310984,2.70805020110221,5.1298987149230735,0.014184634991956433,0.011363758650315086,0.35667494393873234,0.00029995500899797546,0.0,0.08879549878313117,0.17058630057553373,0.0,0.06364526516035618,407,173,0,0,8,53,137
"Fruit compote, peach",0.44468582126144574,1.6094379124341003,0.04305948946044697,1.9459101490553132,0.38048912203798724,2.4849066497880004,4.465908118654584,0.0246926125903715,0.012916225266546327,0.1988508587451652,0.0,0.0,0.012916225266546327,0.44468582126144574,0.0009995003330835331,0.08157998699242289,407,193,0,0,8,53,137
"Fruit compote, pear",0.23822918873225063,2.114532861491106,0.04606536684324682,1.791759469228055,0.11064652008706366,2.097141118779237,4.2626798770413155,0.019802627296179712,0.013480161556692676,0.10628865623064836,0.0,0.0,0.008534902449837406,0.23822918873225063,0.002995508979798479,0.07431203296455141,407,195,0,0,8,53,137
"Fruit compote, pineapple",0.08617769624105233,2.6390573296152584,0.04783732941416013,2.6390573296152584,0.22474227267790678,2.0794415416798357,4.709530201312334,0.019802627296179712,0.045928931888399804,0.27231459532065916,0.0,0.0,0.04783732941416013,0.08617769624105233,0.0,0.07788653865707124,407,200,0,0,8,53,137
"Fruit compote, plum",0.5031965966014996,2.3978952727983707,0.04783732941416013,1.791759469228055,0.25541711186450544,2.4849066497880004,4.564348191467836,0.028587456851912555,0.039220713153281295,0.26313319953036823,0.0,0.0,0.027615167032973367,0.5031965966014996,0.005982071677547464,0.06765864847381481,407,202,0,0,8,53,137
"Fruit compote, sour cherry",0.0916671885258238,2.302585092994046,0.07045846364856141,1.9459101490553132,0.31626952930369345,2.6390573296152584,4.189654742026425,0.037295784743696894,0.026641930946421175,0.4330802751411378,0.0,0.0,0.0295588022415444,0.0916671885258238,0.0,0.07788653865707124,407,249,0,0,8,53,137
"Fruit compote, sweet cherry",0.0916671885258238,2.816263785742443,0.0676586484738148,2.243744592971112,0.25541711186450544,2.833213344056216,4.968820743663249,0.024692612590371497,0.020502662326517426,0.30853456861079737,0.0009995003330835331,0.0,0.027476191284017838,0.09312597798948372,0.0009995003330835331,0.07298489275648892,407,258,0,0,8,53,137
Fruit infusion,0.0,1.3873652161213836,0.012069724087330452,0.7592469822644691,0.0,1.6094379124341003,2.436116485618568,0.005698021114637727,0.009950330853168083,0.08223809823697209,9.999500033330834e-05,0.0,0.0,0.039220713153281295,0.0,0.05556985115481077,408,0,0,0,3,16,88
Fruit liqueur,0.0,1.3873652161213836,0.019214218923804288,0.7592469822644691,0.0009995003330835331,1.6094379124341003,2.1972245773362196,0.0009995003330835331,0.0009995003330835331,0.05414721807044643,0.0,0.0,0.0009995003330835331,0.0,0.0,0.1397619423751587,409,0,0,0,1,66,100
Fruit or fruit-vegetable puree,0.3140805463063118,1.6094379124341003,0.0,2.3978952727983707,0.14236724128692196,2.0794415416798357,4.74493212836325,0.019802627296179712,0.009950330853168083,0.262364264467491,0.0,0.0,0.05826890812397577,0.3140805463063118,0.0009995003330835331,0.09531017980432487,410,0,0,0,8,53,137
Fruit pie-tarts,0.4737466155245699,3.4247278790723494,0.08342160813907239,2.496741107435003,0.7089502235327776,3.8918202981106265,5.1298987149230735,0.03591856375752218,0.08683278961528246,0.48989378772495507,0.001998002662673056,9.199576825954476e-05,0.05259245011917058,0.7871838224863283,0.006975613736425242,0.23912938008368861,411,0,0,0,10,26,167
Fruit preparations for fillings and/or flavouring,0.0880108773227133,2.5649493574615367,0.05082890085928029,1.580450375560848,0.14595391262307977,2.597384633214691,4.449351449060136,0.012775191488722826,0.011363758650315086,0.4144720426649491,0.0,0.0,0.013057239156648151,0.0880108773227133,0.0009995003330835331,0.05556985115481077,412,0,0,0,8,53,137
Fruit salad,0.262364264467491,2.8810693652338513,0.06378823974686702,2.659093356375679,0.36787861444605763,2.8526314299133175,5.203365455890989,0.03166015272786887,0.04576973424418872,0.2074205908489735,0.0006531200040228204,0.0,0.12883287184296843,0.33375426055416396,0.0029955089797984794,0.09184965362987899,413,0,0,0,8,53,137
Fruit sauce,0.06672363204290818,2.671188607798052,0.06979255165751579,2.181224235989778,0.21568725063775496,2.802494205018686,4.739950798013046,0.034401426717332394,0.021202207650602982,0.311154428636923,0.00033994221309799344,0.0,0.02900386327058818,0.3232422478503318,0.0009995003330835331,0.09075436326846414,414,0,0,0,16,18,47
Fruit smoothies,0.7462139014966376,3.258096538021482,0.10564618913498693,3.58351893845611,0.8833542316278902,3.7578723256008875,5.918125510017138,0.08617769624105233,0.14780405191124124,0.4135277555315152,0.0,0.0,0.259723417862282,0.5337996873258122,0.003992021269537453,0.14533643807428515,415,0,0,0,9,50,120
"Fruit soft drink, currant red",0.16211884947643518,2.46080909820894,0.039220713153281295,1.4213856809311607,0.11332868530700317,1.9859154836690125,3.912023005428146,0.006975613736425243,0.008959741371471902,0.22234323114344065,0.0,0.0,0.009950330853168083,0.1621188494764352,0.002995508979798479,0.07045846364856141,416,92,0,0,20,70,171
"Fruit soft drink, gooseberry",0.0,1.791759469228055,0.0,0.7592469822644691,0.0,1.6094379124341003,2.70805020110221,0.0,0.0,0.05414721807044643,0.0,0.0,0.0,0.0,0.0,0.019900661706336177,416,129,0,0,20,70,171
"Fruit soft drink, grape red",0.17647114311577905,2.2587824703356527,0.03343477608623739,1.4213856809311607,0.08525984395082342,1.7676619176489945,3.7410652072845068,0.005982071677547464,0.010939940038334362,0.13190507087993858,0.0,0.0,0.017839918128331,0.17647114311577902,0.001998002662673056,0.023716526617316044,416,135,0,0,20,70,171
"Fruit soft drink, grape white",0.17647114311577905,2.2587824703356527,0.03343477608623739,1.4213856809311607,0.08525984395082342,1.7676619176489945,3.7410652072845068,0.005982071677547464,0.010939940038334362,0.13190507087993858,0.0,0.0,0.017839918128331,0.17647114311577902,0.001998002662673056,0.023716526617316044,416,136,0,0,20,70,171
"Fruit soft drink, grapefruit",0.019802627296179712,2.772588722239781,0.02664193094642118,0.9985288301111271,0.025667746748577788,1.6094379124341003,2.70805020110221,0.0009995003330835331,0.0009995003330835331,0.34924742810993575,0.0,0.0,0.001998002662673056,0.019802627296179712,0.0,0.05164323315183845,416,137,0,0,20,70,171
"Fruit soft drink, mixed fruit",0.0,1.6916760106710724,0.006975613736425242,1.4213856809311607,0.0,1.6094379124341003,3.5145260669691587,0.0,0.0,0.05414721807044643,9.999500033330834e-05,0.0,0.0,0.0,0.0,0.019900661706336177,416,173,0,0,20,70,171
"Fruit soft drink, orange",0.019802627296179712,2.4849066497880004,0.019998686506689126,1.0986122886681098,0.025667746748577788,1.6094379124341003,3.5040547671018634,0.012521280553671747,0.02039068964773403,0.23649403568234767,9.999500033330834e-05,0.0,0.001998002662673056,0.0295588022415444,0.0,0.04018178963283183,416,182,0,0,20,70,171
"Fruit soft drink, pear",0.0,1.791759469228055,0.0,0.7592469822644691,0.0,1.6094379124341003,2.70805020110221,0.0,0.0,0.05414721807044643,0.0,0.0,0.0,0.0,0.0,0.019900661706336177,416,195,0,0,20,70,171
"Fruit soft drink, pineapple",0.0,1.791759469228055,0.0,0.7592469822644691,0.0,1.6094379124341003,2.70805020110221,0.0,0.0,0.05414721807044643,0.0,0.0,0.0,0.0,0.0,0.019900661706336177,416,200,0,0,20,70,171
"Fruit soft drink, plum",0.0,1.791759469228055,0.0,0.7592469822644691,0.0,1.6094379124341003,2.70805020110221,0.0,0.0,0.05414721807044643,0.0,0.0,0.0,0.0,0.0,0.019900661706336177,416,202,0,0,20,70,171
"Fruit soft drink, raspberry",0.0,1.791759469228055,0.0,0.7592469822644691,0.0,1.6094379124341003,2.70805020110221,0.0,0.0,0.05414721807044643,0.0,0.0,0.0,0.0,0.0,0.019900661706336177,416,217,0,0,20,70,171
Fruit soup,0.09531017980432487,3.002849741322855,0.05391984198943043,2.0091723458332797,0.2159175062224701,2.553899521274952,4.51085950651685,0.018401085370891267,0.014888612493750656,0.26675023641074536,0.00019998000266626675,0.0,0.016997576368571094,0.08892620919440151,0.0009995003330835331,0.07497494316449892,417,0,0,0,4,59,173
Fudge,0.0,4.5717611238569615,0.2634625622165537,3.0845277723371223,0.4336359850748607,4.248495242049359,5.235681795556552,0.15700374880966478,0.019802627296179712,0.7574624624957856,0.000642650598718258,0.00029995500899797546,0.0295588022415444,0.1988508587451652,0.0,0.29266961396282,418,0,0,0,18,19,189
Fudge sauce,0.19227188764712272,4.532599493153256,0.016857117066422903,2.302585092994046,0.4898062565419153,4.454347296253507,4.672828834461906,0.126632650933366,0.03052920503482287,0.24059046491793043,0.0,0.00029995500899797546,0.032467190137501496,0.19227188764712275,0.0009995003330835331,0.34571510370239034,419,0,0,0,16,18,47
Functional vegetable margarines/fats,0.0,2.70805020110221,0.0,1.0986122886681098,0.09531017980432487,2.9444389791664403,3.784189633918261,0.0,0.0,0.09531017980432487,0.0,0.0,0.0,1.2612978709452054,0.0,0.09531017980432487,420,0,0,0,2,67,184
"Functional vegetable margarines/fats, QUAL Half fat or medium fat",1.6094379124341003,2.8449093838194073,0.0009995003330835331,0.7592469822644691,0.09531017980432487,1.941820163803788,2.970414465569701,0.019802627296179712,0.009950330853168083,0.09531017980432487,9.999500033330834e-05,9.999500033330834e-05,0.009950330853168083,1.7847852054907187,0.0,0.019900661706336177,420,21,0,0,2,67,184
"Functional vegetable margarines/fats, QUAL Low fat (naturally or reduced)",1.791759469228055,1.3873652161213836,0.0,0.7592469822644691,0.0,2.1972245773362196,2.1972245773362196,0.0,0.0,0.05414721807044643,0.0,0.0,0.0,1.7847852054907187,0.0,0.019900661706336177,420,23,0,0,2,67,184
Game birds fresh meat,0.5306282510621704,2.772588722239781,0.2883961031854379,3.241475656785442,2.0939606277790386,5.317419468421523,5.670865659643059,0.3715635564324831,0.31481073984003355,1.8106279535324377,0.012916225266546327,0.0003999200213269354,0.4308543421129839,0.1397619423751587,0.0,0.6823750835780341,421,0,0,0,13,3,79
"Game birds fresh meat, PROCESS Baking",1.2809338454620642,3.8519696489800035,0.3382135767509289,3.627763640253867,2.606231553765013,5.733248808452537,6.042089761236749,0.41314979086671205,0.2197778938379081,2.095596066150786,0.01870398479377176,0.0011564738833626934,0.4706284340145776,0.0,0.0009995003330835331,1.087483930880266,421,9,0,0,13,3,79
"Game birds fresh meat, PROCESS Cooking in water",0.0,2.772588722239781,0.1380212978973747,2.995732273553991,2.0165017419059614,5.14166355650266,5.093750200806762,0.20863886511132806,0.1498557555443775,1.2985554468118838,0.0,0.00019998000266626675,0.21672298351128702,0.0,0.0009995003330835331,1.1771153501560534,421,11,0,0,13,3,79
"Game birds fresh meat, PROCESS Steaming",0.0,2.772588722239781,0.1380212978973747,2.995732273553991,2.0165017419059614,5.14166355650266,5.093750200806762,0.20863886511132806,0.1498557555443775,1.2985554468118838,0.0,0.00019998000266626675,0.21672298351128702,0.0,0.0009995003330835331,1.1771153501560534,421,18,0,0,13,3,79
Garden cress sprouts,0.5306282510621704,3.9318256327243257,0.009950330853168083,3.1354942159291497,0.832909122935104,3.5263605246161616,4.709530201312334,0.039220713153281295,0.039220713153281295,0.6931471805599453,0.0,0.0,0.1397619423751587,0.5306282510621704,0.0,0.262364264467491,422,0,0,0,19,38,185
"Garden cress sprouts, PROCESS Steaming",0.0,3.258096538021482,0.3015849776207723,3.6375861597263857,0.7561219797213337,5.159055299214529,5.777652323222656,0.12044615307586716,0.20538682972495073,1.43746264769429,0.0,0.0,0.17395330712343804,0.0,0.0,0.9202827531436926,422,18,0,0,19,38,185
Garden peas (dry),0.09531017980432487,4.079955824770001,0.44651564793852183,4.738701578612614,1.9758651478155111,5.892827410543968,6.5245058508019955,0.2174128766052247,0.37717340751605727,1.8208558437156943,0.005868461134366867,0.0,0.14025871337394913,0.3798053613275868,0.042101176018635396,1.5566397268671295,423,0,0,0,12,39,154
"Garden peas (dry), PROCESS Cooking in water",0.0,3.2284300376730126,0.14340746329472898,3.6000482404073204,1.3840418260665968,4.888844237042334,5.832468815617524,0.06709774353249415,0.20408304857546733,1.016461805640432,0.0019580817061616365,0.0,0.05391984198943044,0.20636355127419254,0.0,0.8149222374858661,423,11,0,0,12,39,154
"Garden peas (dry), PROCESS Steaming",0.0,3.2284300376730126,0.14340746329472898,3.6000482404073204,1.3840418260665968,4.888844237042334,5.832468815617524,0.06709774353249415,0.20408304857546733,1.016461805640432,0.0019580817061616365,0.0,0.05391984198943044,0.20636355127419254,0.0,0.8149222374858661,423,18,0,0,12,39,154
Garden sorrel,1.791759469228055,3.7274131181161794,0.10178269430994231,4.330733340286331,0.8616233305318468,3.912023005428146,5.619675965359201,0.09010183469718663,0.03784614249011469,1.1854014187405006,0.000899595242836093,9.999500033330834e-05,0.10641710013295069,1.0647107369924282,0.0,0.24686007793152576,424,0,0,0,19,37,183
Garfish,0.9932517730102833,3.258096538021482,0.3506568716131694,3.258096538021482,2.6026896854443837,5.529429087511423,5.700443573390687,0.08157998699242289,0.011928570865273802,0.33647223662121295,0.030432207120201983,0.0026963615477426086,0.4722332845730047,0.9932517730102833,0.0,0.43548612436302214,425,0,0,0,6,27,107
Garlic and similar-,0.09531017980432487,3.578346856108934,0.1255748229080663,3.047239830699923,1.245923304701004,4.928288346397981,6.363766746932414,0.04742869357111091,0.14533643807428515,0.9117088223690435,0.0024541290175793123,0.0,0.4722332845730047,0.009950330853168083,0.0,0.6264730472919524,426,0,0,0,19,12,16
"Garlic and similar-, PROCESS Baking",0.06765864847381481,3.5334779923850252,0.11064652008706365,3.2679380608662734,0.9655161754454215,4.604169685654508,6.007759629594484,0.051371862729548946,0.11981272048358464,0.6904292044928965,0.000499875041651048,0.0,0.24630188645736178,0.022543964434894505,0.0,0.3506568716131694,426,9,0,0,19,12,16
"Garlic and similar-, PROCESS Cooking in water",0.010939940038334362,3.713572066704308,0.14669437915080352,3.1780538303479458,1.1531004739521795,4.912654885736052,5.6937321388027,0.05638033343610764,0.13540463700620295,0.775648402071689,0.0,0.0,0.24373018492259815,0.010939940038334362,0.0,0.39406706315579504,426,11,0,0,19,12,16
"Garlic and similar-, PROCESS Steaming",0.010939940038334362,3.6888794541139363,0.1501426584297195,3.5553480614894135,1.2008679893724572,4.941642422609304,6.198478716492308,0.07510747248680541,0.1604167214059047,0.8060293376166179,0.0,0.0,0.3015849776207723,0.010939940038334362,0.0,0.4478858239921165,426,18,0,0,19,12,16
Garlic puree,0.010939940038334362,3.6109179126442243,0.12474288659144332,3.1039458581942236,1.1531004739521795,4.775515551735331,5.697572758021887,0.0676586484738148,0.13540463700620295,0.7661320733164343,0.001998002662673056,0.0,0.24373018492259815,0.010939940038334362,0.0,0.377947079214272,427,0,0,0,19,69,152
Geese eggs,0.3074846997479606,4.091960770866824,0.09531017980432487,2.833213344056216,1.793662419374141,5.340966262695386,5.351858133476067,0.31501926866989977,0.13127885757122884,1.498346722067289,0.0,0.005087039048557105,0.211880359035499,0.3074846997479606,0.0,0.8458682675776092,428,0,0,0,5,65,206
"Geese eggs, PROCESS Cooking in water",0.3074846997479606,4.060443010546419,0.09075436326846414,2.772588722239781,1.4877221537500038,5.303304908059076,5.303304908059076,0.2669690308542393,0.11154137473290741,1.4861396960896067,0.0,0.0040916179032535645,0.17311261770864478,0.3074846997479606,0.0,0.8171331603409365,428,11,0,0,5,65,206
Gelatine dessert,0.18232155679395465,3.678107357132025,0.02443241614058503,1.9286186519452522,0.16551443847757338,3.6011405398059297,2.6336857858133476,0.09531017980432487,0.035367143837291316,0.14971227322832678,0.0023971245997214934,8.999595024298358e-05,0.08388148398070211,0.0295588022415444,0.0,0.1499705265762951,429,0,0,0,18,64,205
"Gelatine dessert, QUAL Sugar free",0.0,1.9459101490553132,0.003992021269537453,0.7592469822644691,0.0,1.6094379124341003,2.1972245773362196,0.0,0.0,0.05414721807044643,0.0,0.0,0.0,0.0,0.0,0.019900661706336177,429,27,0,0,18,64,205
"Generic traditionally farmed mammals, fresh fat tissue",0.5306282510621704,1.3873652161213836,0.011928570865273802,0.7592469822644691,1.1600209167967532,2.0794415416798357,4.189654742026425,0.048790164169432,0.07696104113612832,0.16551443847757338,0.0,0.00019998000266626675,0.0,0.5306282510621704,0.0,0.31481073984003355,430,121,0,0,13,2,83
"Generic traditionally farmed mammals, fresh fat tissue, PROCESS Cooking in water",0.0,2.8903717578961645,0.0,2.70805020110221,1.547562508716013,4.3694478524670215,5.187385805840755,0.15700374880966478,0.10436001532424277,0.33647223662121295,0.0,0.0013990209137073409,0.08617769624105233,0.0,0.0,1.0647107369924282,430,121,5,0,13,2,83
"Generic traditionally farmed mammals, fresh fat tissue, PROCESS Steaming",0.0,2.8903717578961645,0.0,2.70805020110221,1.547562508716013,4.3694478524670215,5.187385805840755,0.15700374880966478,0.10436001532424277,0.33647223662121295,0.0,0.0013990209137073409,0.08617769624105233,0.0,0.0,1.0647107369924282,430,121,8,0,13,2,83
German salami,0.5538851132264376,3.5347287742866778,0.11460338273900375,3.5094109663023882,1.8768662558586133,5.1273595684043975,5.434968886508803,0.16309019486606702,0.1727521057778039,0.8984176703394446,0.010939940038334362,0.0012620604094785925,0.3184537311185346,0.4971322966339881,0.013902905168991422,1.4604405978476367,431,0,0,0,13,57,56
"German salami, QUAL Low fat (naturally or reduced)",0.4330802751411378,3.2744456760230114,0.12726177961092722,3.3473946756691793,2.5493670428736546,5.378579830293219,5.949525857887652,0.1403828675736244,0.2953313136976804,0.8658992863377493,0.010939940038334362,0.0010480220615511895,0.39300687318612265,0.4330802751411378,0.006975613736425242,1.2737653559834519,431,23,0,0,13,57,56
Ghee,1.5260563034950492,1.9459101490553132,0.04606536684324682,0.7592469822644691,0.05826890812397577,1.6094379124341003,2.1972245773362196,0.0,0.0,0.18232155679395465,0.0,0.0,0.0009995003330835331,1.7847852054907187,0.007968169649176874,0.16551443847757338,432,0,0,0,2,1,60
Gherkins,0.055434706888100586,3.0155349008501706,0.03633192924739028,2.6026896854443837,0.382635045608264,3.404999667611894,5.1889807025105705,0.06672363204290817,0.02800419640959736,0.2890382952229211,0.0005798318650090552,0.0,0.08171164389472614,0.19457945418945669,0.012916225266546327,0.19227188764712272,433,0,0,0,19,35,41
Gin,0.0,1.3873652161213836,0.009290046907092652,0.7592469822644691,0.009950330853168083,1.6094379124341003,2.1972245773362196,0.0,0.009950330853168083,0.05414721807044643,0.0,0.0,0.0,0.0,0.0,0.048790164169432,434,0,0,0,1,66,200
Ginger roots,0.0,4.07753744390572,0.24842135849847827,4.582924577040772,1.3112474867969794,4.359269647551265,6.5245058508019955,0.0916671885258238,0.029947076367952116,0.4382549309311553,0.03536714383729131,0.0,0.35907206853845386,0.2468600779315258,0.0,1.2996465543942184,435,0,0,0,12,60,182
Gingerbread,0.5596157879354227,4.756050216947227,0.14965077450440592,2.662587827025453,1.3934118288887545,5.695654292205659,5.80392942326114,0.08434114843375087,0.05259245011917059,1.3301018671836966,0.004390348301292894,0.0003999200213269354,0.12927233570413918,0.8895359945653354,0.0,1.1939224684724346,436,0,0,0,10,26,201
"Gingerbread dough, PROCESS Baking",1.7101878155342434,4.07024701064304,0.10436001532424277,2.6079667425452273,1.0986122886681098,4.422277037295179,4.68213122712422,0.0609606997896872,0.08223809823697209,0.884357684771146,0.001998002662673056,0.0003999200213269354,0.09140646632385152,1.3727024076004237,0.0,0.4054651081081644,437,9,0,0,10,51,157
Globe artichokes,0.0,4.051784947803305,0.15306437572683676,3.4065165431397553,0.9241795332943923,4.461299815568389,5.879974171074619,0.05042148590151608,0.08286947782229463,0.750944279286162,0.0006797689047572423,0.0,0.0561912796497425,0.17563256864315802,0.0,0.42970233247220985,438,0,0,0,19,12,203
"Globe artichokes, PROCESS Cooking in water",0.17395330712343804,3.903414630891546,0.18801957790859236,3.374168709274236,0.8592667627776195,4.290850754008011,5.75890177387728,0.030113433426033946,0.08788004720543373,0.6620250140439204,0.0004684616832605982,0.0,0.05799933001208576,0.1841532116229246,0.0,0.3740235822733454,438,11,0,0,19,12,203
"Globe artichokes, PROCESS Steaming",0.1914464645709552,3.5953533961031128,0.216953000763595,3.215441362419566,0.8032819953780719,4.234520497565292,5.986810878426635,0.030335199796072944,0.07192191099283135,0.5197287303750303,6.999755011432734e-05,0.0,0.06471707662416287,0.18764071827155457,0.0,0.3626570156162799,438,18,0,0,19,12,203
Glucose,0.0,1.3873652161213836,0.03578073728083786,1.0986122886681098,0.0,2.4849066497880004,2.1972245773362196,0.0,0.0,0.28141245943818555,0.0,0.0,0.0,0.0,0.0,0.019900661706336177,439,0,0,0,18,63,188
"Gluten free bread, brown",0.0,5.159055299214529,0.22394323148477407,4.04305126783455,1.4377001491797907,5.0369526024136295,5.093750200806762,0.07696104113612832,0.17563256864315802,1.2302251754700018,0.0,0.0,0.1527210870176639,0.6227247162633995,0.0009995003330835331,0.9574326752053303,440,60,0,0,10,10,0
"Gluten free bread, white",0.0,5.10594547390058,0.08525984395082342,2.3978952727983707,1.155937355287379,3.9889840465642745,3.6109179126442243,0.044973365642731154,0.04974209189481408,0.5294510878891555,0.0,0.0,0.018821754240587758,0.7424134218628634,0.0,0.5019866750987863,440,272,0,0,10,10,0
Gnocchi,0.0,3.091042453358316,0.06015392281974709,2.70805020110221,1.0647107369924282,3.9318256327243257,5.049856007249537,0.006975613736425243,0.05259245011917059,0.3336110043401807,0.0,9.999500033330834e-05,0.019802627296179712,0.1518623493092461,0.001998002662673056,0.23822918873225063,441,0,0,0,10,51,141
"Gnocchi, PROCESS Baking",0.178146185383474,2.995732273553991,0.0657877405380031,2.6390573296152584,1.0101453073457793,3.9512437185814275,4.948759890378168,0.006975613736425242,0.044973365642731154,0.3015849776207723,0.0,9.999500033330834e-05,0.017839918128331,0.178146185383474,0.001998002662673056,0.27002713721306015,441,9,0,0,10,51,141
"Gnocchi, PROCESS Cooking in water",0.1578580846155803,2.5572273113676265,0.08957950509533984,2.730650033019451,0.9558959864665146,3.7578723256008875,5.011587221821638,0.011928570865273802,0.05988485245622409,0.3901097200249698,0.004987541511039074,0.00012142119957635479,0.05988485245622409,0.48267303234639847,0.001998002662673056,0.3146021675168246,441,11,0,0,10,51,141
"Gnocchi, PROCESS Steaming",0.1510028735365274,3.044522437723423,0.05732506661926941,2.6390573296152584,1.0061314358739446,3.871201010907891,4.882801922586371,0.006975613736425242,0.044973365642731154,0.31699812678583394,0.0,9.999500033330834e-05,0.016857117066422903,0.1510028735365274,0.001998002662673056,0.22633844221072896,441,18,0,0,10,51,141
Goat fresh meat,0.6931471805599453,2.436116485618568,0.19650619178591106,3.044522437723423,2.2651947037754865,5.244765885276895,5.784703917008426,0.2732933349996814,0.14224333322654414,1.1174807729724925,0.0,0.0024626793999952185,0.262364264467491,0.6931471805599453,0.0,1.455287232606842,442,0,0,0,13,3,82
"Goat fresh meat, PROCESS Baking",0.20701416938432615,2.496741107435003,0.1974447183681754,3.147840051751449,2.3117713413457324,5.344382733391283,5.77897829026776,0.26258402053913693,0.12600312620373105,1.3924184278278506,0.005982071677547464,0.0030382370229318175,0.3091639612676806,0.6768145259390477,0.0,1.6945665658304556,442,9,0,0,13,3,82
"Goat fresh meat, PROCESS Cooking in water",0.0,2.70805020110221,0.0,3.4339872044851463,2.5649493574615367,5.641907070938114,6.111467339502679,0.3220834991691133,0.10436001532424277,0.5306282510621704,0.0,0.0010993954433009636,0.23111172096338664,0.0,0.0,1.727842976812722,442,11,0,0,13,3,82
"Goat fresh meat, PROCESS Steaming",0.0,2.70805020110221,0.0,3.4339872044851463,2.5649493574615367,5.641907070938114,6.111467339502679,0.3220834991691133,0.10436001532424277,0.5306282510621704,0.0,0.0010993954433009636,0.23111172096338664,0.0,0.0,1.727842976812722,442,18,0,0,13,3,82
"Goat liver, PROCESS Baking",0.262364264467491,2.9444389791664403,0.412109650826833,2.995732273553991,2.606231553765013,5.771441123130016,5.389071729816501,0.41314979086671205,0.262364264467491,2.151762203259462,0.03536714383729131,0.008464078412129412,0.4722332845730047,0.262364264467491,0.042101176018635396,1.3609765531356006,443,9,0,0,13,5,102
Goat milk,0.262364264467491,4.757277964185549,0.022460157358734658,2.575878427993727,0.7167939502800198,4.5776521570941995,5.140827785455264,0.10307218513981407,0.04319631644294135,0.08761833561011634,0.0018126418859084309,9.428126966712893e-05,0.04565600612251351,0.05590763193829599,0.003992021269537453,0.32950927586596285,444,0,0,0,14,43,111
Goose fresh meat,0.0,2.3978952727983707,0.2220000406121308,3.0647251450409425,2.3733231074993872,5.173725488962323,5.871312636452854,0.2378914079487654,0.1069307108273436,1.1033628914267077,0.0,0.0010280428114288656,0.39300687318612265,0.0,0.0,0.90479635244842,445,0,0,0,13,3,145
"Goose fresh meat, PROCESS Baking",0.0,2.70805020110221,0.2672971327875157,3.3473946756691793,2.606231553765013,5.519745161078744,6.121866046723577,0.3466246080852309,0.10564618913498693,1.4324279384607594,0.0,0.0010423137451049432,0.4032722293155146,0.0,0.0,1.254149761555247,445,9,0,0,13,3,145
"Goose fresh meat, PROCESS Cooking in water",0.0,2.4849066497880004,0.30674913516900665,2.8903717578961645,2.121542717698471,5.1298987149230735,5.579729825986222,0.1518623493092461,0.05354076692802982,1.1549926221042173,0.0,0.00019998000266626675,0.23507212217948356,0.0,0.0,0.9110771648212677,445,11,0,0,13,3,145
"Goose fresh meat, PROCESS Steaming",0.0,2.4849066497880004,0.30674913516900665,2.8903717578961645,2.121542717698471,5.1298987149230735,5.579729825986222,0.1518623493092461,0.05354076692802982,1.1549926221042173,0.0,0.00019998000266626675,0.23507212217948356,0.0,0.0,0.9110771648212677,445,18,0,0,13,3,145
Goose liver,0.33647223662121295,2.5649493574615367,0.6261309257071586,3.044522437723423,2.606231553765013,5.568344503761097,5.484796933490655,0.41314979086671205,0.262364264467491,2.1550789558854557,0.0,0.008464078412129412,0.4722332845730047,0.33647223662121295,0.0,1.4036429994545037,446,0,0,0,13,5,8
"Goose liver, PROCESS Baking",0.18232155679395465,2.34660197841082,0.3646431135879093,2.772588722239781,2.3580197998821464,5.438079308923196,5.351858133476067,0.41314979086671205,0.3646431135879093,2.066862759472976,0.03536714383729131,0.008464078412129412,0.35767444427181594,0.18232155679395465,0.0,0.9932517730102833,446,9,0,0,13,5,8
"Goose liver, PROCESS Cooking in water",0.33647223662121295,2.5649493574615367,0.4824261492442927,3.044522437723423,2.606231553765013,5.568344503761097,5.484796933490655,0.41314979086671205,0.262364264467491,2.1550789558854557,0.0,0.008464078412129412,0.4722332845730047,0.33647223662121295,0.0,1.4036429994545037,446,11,0,0,13,5,8
"Goose liver, PROCESS Frying",1.2237754316221157,1.3873652161213836,0.5877866649021191,2.2407096892759584,1.916922612182061,4.700480365792417,4.875197323201151,0.41314979086671205,0.09803374027136541,1.824549292051046,0.0,0.008464078412129412,0.4722332845730047,1.2237754316221157,0.0,0.7884573603642702,446,14,0,0,13,5,8
Gooseberries and similar-,0.4285303810391604,3.396424102909498,0.07072470433171026,2.3581549441488563,0.4069877578123215,3.377099830083095,5.25227342804663,0.030113433426033946,0.029281371250723488,0.39973443339917936,0.0002499687552073569,0.0,0.03578073728083786,0.4382549309311553,0.0,0.11332868530700319,447,0,0,0,8,33,7
Gougere,0.7654678421395714,5.161515325055391,0.07032531672073006,2.747270914255491,1.1177611075068705,5.233397820448721,4.59511985013459,0.19392069263730652,0.04278577931777745,0.6174995622206306,0.006606699050855778,0.0008108140585652419,0.05745995567322722,0.7966058889281753,0.006975613736425242,0.7833795550393159,448,0,0,0,10,26,27
Goulash,0.4193680132771558,2.882403588246988,0.08026246374518226,2.913902255306359,1.859262342329641,4.731173312191823,5.529429087511423,0.12600312620373105,0.06565397022143682,1.060514754037421,0.0029100474160847207,0.0017327835773220074,0.14249113399599453,0.4815615780794645,0.0009995003330835331,1.462759247445543,449,0,0,0,4,22,51
Graham flour,0.6259384308664953,3.53556176059057,0.3177261938001576,4.712100896815435,2.2129729343043585,5.75890177387728,5.895189616366807,0.0782829183940441,0.35367043491843364,1.5179489937315531,0.0026251227767237575,0.0,0.34257601955923067,0.7829878845597348,0.0009195770593837002,1.3160251652733344,450,0,0,0,10,14,22
Granate apples,0.6523251860396903,2.0541237336955462,0.11332868530700317,1.8971199848858813,0.41991574840614804,2.762117422372486,5.518122016596732,0.03761686357130677,0.04879016416943199,0.360002734031407,0.0007330645758289756,0.0,0.18799984917862872,0.4054651081081644,0.0,0.2636454946235396,451,0,0,0,8,33,116
Granita,0.0,1.3873652161213836,0.0,0.7592469822644691,0.0,1.6094379124341003,2.1972245773362196,0.0,0.0,0.05414721807044643,0.0,0.0,0.0,0.0,0.0,0.019900661706336177,452,0,0,0,18,64,204
Grape leaves,1.0986122886681098,5.918125510017138,0.5616545246252711,4.389144102442746,1.5779472453427297,4.330733340286331,5.338224657139891,0.27871340246902054,0.050149783685471565,1.262915339959386,0.0,0.0,0.28195139774279593,1.0986122886681098,0.042101176018635396,0.44742930720719654,453,0,0,0,19,37,135
"Grape leaves, PROCESS Cooking in water",1.1727916868423611,5.955837369464831,0.3646431135879093,4.174387269895637,1.4341316905340507,4.5217885770490405,5.030437921392435,0.2287279296081104,0.028587456851912555,1.163463260987726,0.0,0.0,0.2546422183735807,1.1727916868423611,0.042101176018635396,0.44532664153329504,453,11,0,0,19,37,135
"Grape leaves, PROCESS Steaming",1.1727916868423611,5.955837369464831,0.3646431135879093,4.174387269895637,1.4341316905340507,4.5217885770490405,5.030437921392435,0.2287279296081104,0.028587456851912555,1.163463260987726,0.0,0.0,0.2546422183735807,1.1727916868423611,0.042101176018635396,0.44532664153329504,453,18,0,0,19,37,135
Grape seed oil,1.791759469228055,1.3873652161213836,0.0,0.7592469822644691,0.0,1.6094379124341003,2.1972245773362196,0.0,0.0,0.09531017980432487,0.0,0.0,0.0,1.7847852054907187,0.0,0.023716526617316044,454,0,0,0,2,67,166
Grapefruits,0.262364264467491,3.142919992625999,0.03536714383729131,2.3500137865651567,0.31814199422194867,2.8059544160835816,5.171295354109031,0.025667746748577788,0.04892620933663727,0.12977434374681035,0.0004165798852162328,0.0,0.03591856375752218,0.2756600972244555,0.002995508979798479,0.06297479916138844,455,0,0,0,8,33,29
Gravy browning,0.8586616190375187,3.2188758248682006,0.0,2.833213344056216,1.5912739418064292,4.820281565605037,5.749392985908253,0.27002713721306015,0.37717340751605727,0.8020015854720274,0.0,0.0,0.18232155679395465,0.8586616190375187,0.0,0.4700036292457356,456,0,0,0,16,56,163
Gravy ingredients,0.8586616190375187,3.2188758248682006,0.0,2.833213344056216,1.5912739418064292,4.820281565605037,5.749392985908253,0.27002713721306015,0.37717340751605727,0.8020015854720274,0.0,0.0,0.18232155679395465,0.8586616190375187,0.0,0.4700036292457356,457,0,0,0,16,56,163
Gravy instant granules,0.8586616190375187,3.20545280453606,0.2151113796169455,2.816263785742443,1.5912739418064292,4.747826486389615,5.588852507982224,0.27002713721306015,0.37717340751605727,0.7458977459454743,0.0,0.0,0.18232155679395465,0.8586616190375187,0.0,0.4149438520627081,458,0,0,0,16,56,163
Gravy thickener,0.0,2.3978952727983707,0.048790164169432,1.0986122886681098,0.07696104113612832,3.4339872044851463,2.1972245773362196,0.007968169649176874,0.0,0.4054651081081644,0.0,0.0,0.004987541511039074,0.0,0.0,0.4700036292457356,459,0,0,0,16,56,163
Greek salad,0.832909122935104,4.135852036033449,0.05167036614420217,2.5952547069568657,0.7811580578826586,4.159329412311513,5.124983867304004,0.08236966852859008,0.036056371240686585,0.37872993471956373,0.001627246744156224,0.00017141387923010483,0.07735778781857916,0.7632327881266331,0.01587334915629015,0.3563748989297303,460,0,0,0,4,59,161
"Grouse fresh meat, PROCESS Baking",0.0,3.7645168683195562,0.3137674429274559,3.563478187572664,2.5472105331241552,5.628134856316886,5.957686140558988,0.41314979086671205,0.18825629231376917,1.9819862055291229,0.019802627296179712,0.0009995003330835331,0.4722332845730047,0.0,0.0,0.9332883082427262,461,9,0,0,13,3,79
Guavas and similar-,0.6523251860396903,2.751535313041949,0.0937180038737519,2.3826278006675823,0.7629841401487248,3.106080330722856,5.43153621033426,0.039220713153281295,0.03761686357130678,0.3886579897917832,0.0008995952428360929,0.0,0.11630045569616067,0.262364264467491,0.0,0.2540606539489313,462,0,0,0,8,33,116
Guinea-fowl fresh meat,0.09531017980432487,2.4485390056171252,0.17034536574723894,3.332204510175204,2.475108807307889,5.149983072042218,5.850559094030745,0.17154945981204353,0.10436001532424277,0.9162907318741551,0.0,0.0003999200213269354,0.3001045924503381,0.09531017980432487,0.0,0.7949298748698875,463,0,0,0,13,3,145
Gum drops,0.0,2.181224235989778,0.044973365642731154,0.9555114450274363,0.8960880245566356,1.6094379124341003,2.472930458741285,0.0,0.0,0.14323416808590783,0.0,0.0,0.0,0.0,0.0,0.048790164169432,464,0,0,0,18,19,189
"Gum drops, QUAL Sugar free",0.0,5.602118820879701,0.1484200051182733,1.0986122886681098,0.0,1.6094379124341003,5.673323267171493,0.0,0.0,0.05414721807044643,0.019802627296179712,0.0,0.0,0.0,0.0,0.09531017980432487,464,27,0,0,18,19,189
Hakes,0.0,3.250374491927572,0.0295588022415444,3.1780538303479458,1.7047480922384253,5.146331009550155,5.733341276897746,0.18232155679395465,0.09531017980432487,0.5306282510621704,0.024985252693908503,0.0007197409243488539,0.06109509935981088,0.0,0.0,0.262364264467491,465,0,0,0,6,27,107
"Hakes, PROCESS Baking",0.0,2.8903717578961645,0.039220713153281295,3.367295829986474,0.0,5.484796933490655,5.831882477283517,0.0,0.0,0.4700036292457356,0.0,0.0,0.0,0.0,0.0,0.33647223662121295,465,9,0,0,6,27,107
"Hakes, PROCESS Cooking in water",0.09984533496971613,3.2846635654062037,0.09531017980432487,3.1484533605716547,1.7404661748405046,4.795790545596741,5.616771097666572,0.06952606264861023,0.04974209189481407,0.6780335427498971,0.02615495747685121,0.0,0.06765864847381481,0.09984533496971615,0.0,0.6471032420585384,465,11,0,0,6,27,107
"Hakes, PROCESS Steaming",0.09984533496971613,3.2846635654062037,0.09531017980432487,3.1484533605716547,1.7404661748405046,4.795790545596741,5.616771097666572,0.06952606264861023,0.04974209189481407,0.6780335427498971,0.02615495747685121,0.0,0.06765864847381481,0.09984533496971615,0.0,0.6471032420585384,465,18,0,0,6,27,107
Halibut,0.5306282510621704,2.882403588246988,0.14360547819599728,3.2188758248682006,2.30147018600187,5.373292309712536,6.010216202158187,0.04947020499808754,0.04851801829756592,0.4102157108667622,0.03536714383729131,0.0009823744550250747,0.3472304851107326,0.5653138090500605,0.0,0.38671906528710903,466,0,0,0,6,27,106
"Halibut, PROCESS Baking",0.6693666518945419,2.9885637840753785,0.04674726253963174,3.396424102909498,2.4885310261746305,5.454710428315821,6.077642243349034,0.0676586484738148,0.06965931603011198,0.47933495667461995,0.0,0.0011236541784088953,0.30095079516637074,0.6687520237252238,0.0,0.3987761199573677,466,9,0,0,6,27,106
"Halibut, PROCESS Cooking in water",0.6946460566836813,3.587479339672207,0.047156176877777,3.4339872044851463,2.4039547988101724,5.447352945708524,6.115261210635608,0.08329017618777587,0.07378138821874865,0.4541645652159894,0.0,0.0009995003330835331,0.3368803166105528,0.6909447570047451,0.0,0.4380705821427265,466,11,0,0,6,27,106
"Halibut, PROCESS Frying",0.6693666518945419,2.8903717578961645,0.045928931888399804,3.4339872044851463,2.4815677485224854,5.389071729816501,6.1224928095143865,0.07325046173959267,0.07232066157962612,0.44532664153329504,0.0,0.0010993954433009636,0.3393253056036194,0.6693666518945419,0.0,0.3960879462955675,466,14,0,0,6,27,106
"Halibut, PROCESS Steaming",0.6946460566836813,3.587479339672207,0.047156176877777,3.4339872044851463,2.4039547988101724,5.447352945708524,6.115261210635608,0.08329017618777587,0.07378138821874865,0.4541645652159894,0.0,0.0009995003330835331,0.3368803166105528,0.6909447570047451,0.0,0.4380705821427265,466,18,0,0,6,27,106
"Ham, beef",0.33647223662121295,2.575878427993727,0.10074990310014306,3.295836866004329,2.221591933784514,5.320218630501137,5.940171252720432,0.19203612199708567,0.2256546815003285,1.178742904565517,0.009257021262676763,0.0026963615477426086,0.19591916505933832,0.2776317365982795,0.003992021269537453,1.6404381164109565,467,47,0,0,13,55,156
"Ham, beef, PROCESS Baking",0.2776317365982795,2.6390573296152584,0.0934903430873389,3.295836866004329,2.221591933784514,5.247024072160486,5.908082938168931,0.2175278125285741,0.31699812678583394,1.0605642210305797,0.0,0.003294566949430031,0.24294617861038947,0.2776317365982795,0.003992021269537453,1.559827411880766,467,47,4,0,13,55,156
"Ham, beef, PROCESS Cooking in water",0.2776317365982795,2.6390573296152584,0.0934903430873389,3.295836866004329,2.221591933784514,5.247024072160486,5.908082938168931,0.2175278125285741,0.31699812678583394,1.0605642210305797,0.0,0.003294566949430031,0.24294617861038947,0.2776317365982795,0.003992021269537453,1.559827411880766,467,47,5,0,13,55,156
"Ham, beef, PROCESS Steaming",0.2776317365982795,2.6390573296152584,0.0934903430873389,3.295836866004329,2.221591933784514,5.247024072160486,5.908082938168931,0.2175278125285741,0.31699812678583394,1.0605642210305797,0.0,0.003294566949430031,0.24294617861038947,0.2776317365982795,0.003992021269537453,1.559827411880766,467,47,8,0,13,55,156
"Ham, pork",0.20294084399669032,2.3821881435930123,0.10757235345442655,3.337801065103361,2.4828807895944527,5.353076078007163,6.087748278830837,0.2296367107680091,0.37717340751605727,0.657075788798288,0.014774601772396744,0.0007325887341900249,0.38126999079411256,0.18995898392316593,0.0005998200719676155,1.2017274282118307,467,210,0,0,13,55,156
"Ham, pork, PROCESS Baking",0.33647223662121295,1.9459101490553132,0.0542175859047971,3.1957534074473464,2.423752870135106,5.285376855272302,5.756645964213269,0.1806534996932576,0.37717340751605727,0.6380874033769179,0.011448500822307668,0.0011878656367516568,0.2624741485399053,0.22041984539261317,0.0,1.2569988822908085,467,210,4,0,13,55,156
"Ham, pork, PROCESS Cooking in water",0.262364264467491,2.0879764441296733,0.06042292080388428,3.0845277723371223,2.3810793496886595,5.349146267407317,5.723118139534369,0.19014799304341867,0.37717340751605727,0.6180387080726398,0.014508526195508941,0.0007756990676722609,0.3012679366669938,0.2181712096876518,0.0,1.0800117956617352,467,210,5,0,13,55,156
"Ham, pork, PROCESS Steaming",0.262364264467491,1.8152899666382492,0.0639133257436528,3.1354942159291497,2.3810793496886595,5.351858133476067,5.602118820879701,0.2100293635972476,0.37717340751605727,0.7213874995599322,0.013832460309675897,0.0010680009125110528,0.33371333230138545,0.33889786383605125,0.0,1.205072199769237,467,210,8,0,13,55,156
Hamburger with bread,1.2570395252626283,3.971315648117136,0.09994875560739655,3.2030367608384545,1.9380631149260759,4.957415332847438,5.372954280420073,0.15736998210436434,0.1794603245129224,0.9984761971470897,0.00969853112032975,0.0008881768826837622,0.15382409589228505,0.3766082816461825,0.005373868203971375,1.230559093162394,468,0,0,0,4,22,162
Hard candies,0.0,1.9865035460205667,0.08418795042502537,2.032524621892084,0.11064652008706366,2.627081138568543,3.9033185647979995,0.0295588022415444,0.001998002662673056,0.42090091623800363,0.0015321589780765523,0.0,0.0,0.0,0.0,0.07696104113612832,469,0,0,0,18,19,189
"Hard candies, QUAL Low / Reduced sugar",0.0,1.3873652161213836,0.01769957709940092,0.826678573184468,0.016857117066422903,1.6094379124341003,2.1972245773362196,0.0,0.0,0.18232155679395465,0.0,0.0,0.0009995003330835331,0.0,0.0,0.02399550555621568,469,22,0,0,18,19,189
"Hard candies, QUAL Sugar free",0.0,4.378448813325997,0.06028843085680509,0.8754687373538999,0.016857117066422903,1.6094379124341003,4.558078578454241,0.0,0.0,0.832909122935104,0.008563230660487873,0.0,0.0009995003330835331,0.0,0.0,0.046610920593820965,469,27,0,0,18,19,189
"Hard cheese (cheddar, emmental type)",0.5855619698800079,6.025658913052238,0.0927093981042675,3.5238363331202547,2.0648353892904736,6.154615419744767,4.712100896815435,0.3132453860113964,0.036607411342796395,0.3116775780079966,0.008138223216460242,0.0018411611649429898,0.07325046173959267,0.4221255490012717,0.002995508979798479,1.6412133961042354,470,105,0,0,14,15,62
"Hard cheese (cheddar, emmental type), QUAL Half fat or medium fat",0.48858001481867097,6.025658913052238,0.15578200155934238,3.793882763123921,2.1614987024959884,6.154615419744767,4.723587940802566,0.32063317259146684,0.037433402579185544,0.3987761199573677,0.010657294473988017,0.0018639760025736323,0.0925791812930932,0.35767444427181594,0.0,1.5257456962554035,470,105,9,0,14,15,62
"Hard cheese (cheddar, emmental type), QUAL Low fat (naturally or reduced)",0.33074156191222787,6.025658913052238,0.05448818528406973,3.5553480614894135,2.2348414409075263,6.154615419744767,4.727387818712341,0.41314979086671205,0.04401688541677433,0.44532664153329504,0.0,0.0009995003330835331,0.10616019582839065,0.33074156191222787,0.0,1.727842976812722,470,105,12,0,14,15,62
Hare fresh meat,0.5877866649021191,2.586689344097943,0.18529332718311212,3.230239583518516,2.570319527636131,5.3612921657094255,5.75890177387728,0.09270939810426747,0.08617769624105233,1.2025432115163417,0.008251576197765021,0.0035650661644961576,0.3179341156223018,0.09531017980432487,0.004987541511039074,1.0653509261163046,471,0,0,0,13,3,80
"Hare fresh meat, PROCESS Baking",0.9932517730102833,2.9740707767728116,0.20426940712986427,3.427514689979529,2.606231553765013,5.549965072619063,5.862494165811022,0.12776479773018556,0.07590227978788627,1.5082169650766952,0.010402845143371873,0.0010594385966899815,0.30853456861079737,0.14115227975588376,0.005982071677547464,1.291473347368627,471,9,0,0,13,3,80
"Hare fresh meat, PROCESS Cooking in water",0.0,2.8094026953624978,0.20375683751401968,2.995732273553991,2.403244576093223,5.353752073436137,5.198497031265826,0.03536714383729131,0.039220713153281295,1.4362742934249113,0.0,0.000699755114273342,0.12486898204586927,0.08434114843375087,0.003992021269537453,1.223481270713979,471,11,0,0,13,3,80
"Hare fresh meat, PROCESS Steaming",0.0,2.8094026953624978,0.20375683751401968,2.995732273553991,2.403244576093223,5.353752073436137,5.198497031265826,0.03536714383729131,0.039220713153281295,1.4362742934249113,0.0,0.000699755114273342,0.12486898204586927,0.08434114843375087,0.003992021269537453,1.223481270713979,471,18,0,0,13,3,80
Hazelnuts,1.791759469228055,5.018225463362931,0.6261309257071586,4.9185200051884514,1.813730611941535,5.778094507620753,6.472787795611825,0.12069941380914435,0.3753004080618973,1.4812798128810958,0.0021263092300068728,0.0,0.398584347015942,1.7847852054907187,0.010939940038334362,1.1253933113457517,472,0,0,0,12,49,195
"Hazelnuts, PROCESS Baking",1.791759469228055,5.086714111972693,0.6261309257071586,4.9185200051884514,1.773934884315503,5.692769674820799,6.499142364583242,0.12600312620373105,0.35367043491843364,1.5040773967762742,0.002995508979798479,0.0,0.4722332845730047,1.7847852054907187,0.010939940038334362,1.1216775615991057,472,9,0,0,12,49,195
"Hazelnuts, PROCESS Cooking in water",1.791759469228055,4.867534450455582,0.6261309257071586,4.9185200051884514,1.6902803002782012,5.575949103146316,6.343880434126331,0.10795714150509228,0.2654364635044612,1.3767489482763593,0.0,0.0,0.38458189719174024,1.7847852054907187,0.009950330853168083,1.0654001544619962,472,11,0,0,12,49,195
"Hazelnuts, PROCESS Steaming",1.791759469228055,4.867534450455582,0.6261309257071586,4.9185200051884514,1.6902803002782012,5.575949103146316,6.343880434126331,0.10795714150509228,0.2654364635044612,1.3767489482763593,0.0,0.0,0.38458189719174024,1.7847852054907187,0.009950330853168083,1.0654001544619962,472,18,0,0,12,49,195
Head cabbages,0.08157998699242289,3.8815637979434374,0.026920095065043694,2.597384633214691,0.5521594872589678,3.5953533961031128,5.618846863850416,0.04018178963283184,0.08052610730062448,0.47880407717179596,0.0011564738833626934,0.0,0.16793281934185503,0.15057285847937432,0.042101176018635396,0.21361256109689458,473,0,0,0,19,9,87
Head cabbages and similar-,0.09531017980432487,3.912023005428146,0.02719818182990586,2.531426665422893,0.5530637579441225,3.6089855448931707,5.6183283261151775,0.039220713153281295,0.08131662117578338,0.44505205455614527,0.0011422045787770104,0.0,0.15284370365689545,0.10436001532424279,0.042101176018635396,0.1890843517447719,474,0,0,0,19,9,87
"Head cabbages and similar-, PROCESS Baking",0.11332868530700317,3.751854253275325,0.029142626886990684,2.6790626642289577,0.4749023253033823,3.7016546456026593,5.606327138505488,0.04824579834216227,0.0408677077611033,0.313140941915004,0.00029295708388274357,0.0,0.15517056772800378,0.9239413908046779,0.042101176018635396,0.13627761829254784,474,9,0,0,19,9,87
"Head cabbages and similar-, PROCESS Cooking in water",0.0,3.803100598203959,0.023716526617316044,2.188295946591918,0.3878440993507618,3.383712067321136,5.021245473208271,0.0246926125903715,0.05505620574807841,0.3434478503576382,0.0014389641942542826,0.0,0.10093071857844059,0.40172478849244114,0.042101176018635396,0.11315009793265585,474,11,0,0,19,9,87
"Head cabbages and similar-, PROCESS Frying",0.7419373447293773,3.824284091120139,0.04142980976313955,2.7536607123542622,0.33647223662121295,3.784189633918261,5.81651574464344,0.039220713153281295,0.048790164169432,0.33647223662121295,0.0015987213636970278,9.999500033330834e-05,0.15700374880966478,0.7419373447293773,0.0,0.18232155679395465,474,14,0,0,19,9,87
"Head cabbages and similar-, PROCESS Steaming",0.0,3.752792779857589,0.019410393519823325,2.0943301541735866,0.4054651081081644,3.327909585892323,4.995860008514102,0.02058663360838838,0.06466351332572215,0.34500713907105035,0.0014389641942542826,0.0,0.09239684926596758,0.16889853646181394,0.0,0.10939237677119684,474,18,0,0,19,9,87
"Head cabbages, PROCESS Baking",1.791759469228055,4.815662619748743,0.05786451369910771,2.866274206317104,1.2728056630115219,4.006553660702936,5.646455979464482,0.04783732941416013,0.08512865339635517,0.7381205462026765,0.0020977980821461294,0.0,0.2290688193335864,1.2740211186371047,0.042101176018635396,0.310840407594933,473,9,0,0,19,9,87
"Head cabbages, PROCESS Cooking in water",1.012327920071097,3.839093825405388,0.04146178980759454,2.2407096892759584,0.3893357261782807,3.3792925462741055,5.0050642490468,0.027059148114005845,0.05417247888839306,0.35604140996512423,0.001465592161609968,0.0,0.10135249426028749,0.39958116494918966,0.042101176018635396,0.13161288680189207,473,11,0,0,19,9,87
"Head cabbages, PROCESS Frying",0.7419373447293773,3.824284091120139,0.04142980976313955,2.7536607123542622,0.33647223662121295,3.784189633918261,5.81651574464344,0.04401688541677433,0.048790164169432,0.33647223662121295,0.0015987213636970278,9.999500033330834e-05,0.15700374880966478,0.7419373447293773,0.0,0.18232155679395465,473,14,0,0,19,9,87
"Head cabbages, PROCESS Steaming",0.0,3.797285327957723,0.039220713153281295,2.1610215286722587,0.4054651081081644,3.2891478778535324,4.991792206294776,0.023065272930996097,0.0687795153948257,0.37679124752355675,0.0013590760376310078,0.0,0.0891091750717759,0.166192174864071,0.0,0.13137907805637988,473,18,0,0,19,9,87
Head cheese,0.07696104113612832,3.202746442938317,0.08971011307567309,2.6888188391743224,1.7902106513810616,4.773103005329946,5.345200952446887,0.122975878685006,0.30095079516637074,0.8039215860618518,0.006862116020444937,0.0007482913887240963,0.15247580862546045,0.2842762793169481,0.012916225266546327,1.0148165152998625,475,0,0,0,13,57,38
Hen egg mixed whole,1.7110915661606003,4.056741587443233,0.0609606997896872,2.6127971625224373,1.4880125372195456,5.341445271839934,4.903516620026697,0.3268341019277111,0.07788653865707122,1.0808361780278473,0.01751008546278418,0.001620115475325187,0.10087906034927323,1.1631508098056809,0.004642066063016558,0.8592667627776195,476,0,0,0,5,65,101
"Hen egg mixed whole, dried",0.7466879474879752,5.367310238034988,0.22997729089277483,3.8255309740747023,2.532675884823325,6.154615419744767,6.277985231123507,0.41314979086671205,0.3001045924503381,2.1550789558854557,0.03536714383729131,0.008067371077758796,0.18422450694004072,1.4539530095937052,0.001199280575482097,1.727842976812722,476,98,0,0,5,52,57
Hen egg white,0.0,2.223387266403188,0.04647456005634916,2.4319829543369615,1.437869758569773,2.8800007036306776,4.970804871298296,0.30242992908633654,0.01620137933800804,0.10541051440786799,0.008860628432196559,0.0001659862235245755,0.011434377625663104,0.0,0.0,0.09455231694122293,477,0,0,0,5,65,101
"Hen egg white, dried",0.0,4.24029847484518,0.5993073478367891,4.411932117452786,2.606231553765013,4.899969726208736,6.5245058508019955,0.41314979086671205,0.02900386327058818,0.44742930720719654,0.03536714383729131,0.0004341914395386943,0.047428693571110896,0.0,0.0,0.20002113389335557,477,98,0,0,5,52,57
Hen egg yolk,1.791759469228055,4.905063115827839,0.1640605976593455,2.6819995239022676,1.658010365831432,6.154615419744767,4.7196461720774545,0.38234269068731014,0.22679402308421237,1.8391881627991657,0.029572671770882148,0.003918028776895829,0.24350624583309435,1.6034198401085376,0.012872506922674849,1.4996230464268938,478,0,0,0,5,65,101
"Hen egg yolk, dried",1.547562508716013,5.648471093496504,0.5164100020598913,3.1166848839716534,2.1870620017385067,6.154615419744767,5.553513141536915,0.41314979086671205,0.34358970439007697,2.1550789558854557,0.0,0.005810230727994493,0.4722332845730047,1.547562508716013,0.0,1.727842976812722,478,98,0,0,5,52,57
Hen eggs,1.0647107369924282,4.061427747208959,0.06364526516035618,2.5984478975360203,1.5134932456712038,5.338224657139891,4.884964085590866,0.3319723312983605,0.08840326500677478,1.104783682572652,0.016983531326119725,0.0019423980372093475,0.11256308618832626,1.0303334479148152,0.004656285514657865,0.8489291821192876,479,0,0,0,5,65,206
"Hen eggs, PROCESS Cooking in water",1.0647107369924282,4.117409835153096,0.06471707662416287,2.580216829592325,1.500069375378735,5.311092558036759,4.889274437091989,0.33667629743204247,0.0798668680388298,1.1136885448270917,0.016688539857662246,0.0015502263494028895,0.11051861831544976,1.0557047876568333,0.008959741371471902,0.8419365755734488,479,11,0,0,5,65,206
"Hen eggs, PROCESS Frying",1.410986973710262,4.120197941048435,0.06752512821191672,2.6205192086163476,1.62924053973028,5.355102694927243,4.96024384855985,0.3270401388090417,0.0777543771555242,1.175573329804238,0.018765675281398546,0.00161868921545636,0.11803697166587397,1.2225982684491008,0.0,0.8162493776939287,479,14,0,0,5,65,206
Herb liqueur,0.0,1.3873652161213836,0.019802627296179712,0.7592469822644691,0.0,1.6094379124341003,2.1972245773362196,0.0,0.0,0.09531017980432487,0.0,0.0,0.0,0.0,0.0,0.07603468627599762,480,0,0,0,1,66,100
Herbal infusion materials from leaves and herbs,1.1314021114911006,5.713732805509369,0.6261309257071586,4.9185200051884514,2.606231553765013,5.752572638825633,6.5245058508019955,0.41314979086671205,0.0246926125903715,2.1550789558854557,0.0,0.0,0.22314355131420976,1.1314021114911006,0.042101176018635396,1.4350845252893227,481,0,0,0,3,17,89
Herring oil,1.791759469228055,2.3978952727983707,0.014888612493750654,0.7592469822644691,0.0,1.6094379124341003,3.4339872044851463,0.0,0.0,0.05414721807044643,0.0,0.0,0.0,1.7847852054907187,0.0,0.18232155679395465,483,0,0,0,2,1,59
Herring roe,1.791759469228055,2.9885637840753785,0.21970908886557494,2.882403588246988,2.066862759472976,6.154615419744767,5.522603122441024,0.3231181604098896,0.06297479916138844,0.5221893824163057,0.0,0.008464078412129412,0.4054651081081644,1.7847852054907187,0.0,0.7213180575266417,484,0,0,0,6,29,64
"Herring, atlantic",0.7202758479481979,3.8859723282282035,0.11103012727800907,3.4522525524624394,2.128231705849268,5.5254529391317835,5.809428663791188,0.1918003007484984,0.036010437523033074,0.7858565786642128,0.0322735605502957,0.008464078412129412,0.33749212452195837,0.7938970836600885,0.0,0.49921563072084246,482,43,0,0,6,27,107
"Herring, atlantic, PROCESS Baking",0.9741822102899327,4.147659620989822,0.15504823608677226,3.667217957332757,2.1761630627357307,5.675774849669297,5.995029613272478,0.2264523568887584,0.037295784743696894,0.8698577872784014,0.03536714383729131,0.008464078412129412,0.3233249642571782,0.6107433543051296,0.0,0.7157470124771863,482,43,4,0,6,27,107
"Herring, atlantic, PROCESS Cooking in water",0.9858167945227653,3.7612001156935624,0.1292723357041392,3.5263605246161616,1.9638903885197336,5.579729825986222,5.820082930352362,0.17563256864315802,0.03633192924739028,0.739553553374101,0.0,0.008464078412129412,0.33074156191222787,0.9858167945227654,0.0,0.634988266386413,482,43,5,0,6,27,107
"Herring, atlantic, PROCESS Frying",0.9741822102899327,4.055504728905837,0.14866628020879274,3.633819676930909,2.129659257840453,5.653491184360502,5.9701679472474725,0.22222884738580947,0.037295784743696894,0.8395947984510143,0.03536714383729131,0.008464078412129412,0.33094679536600113,0.7147129584745059,0.0,0.6902859482789132,482,43,6,0,6,27,107
"Herring, atlantic, PROCESS Pickling",0.736446104955093,3.6971782569286313,0.11917888640012214,2.7779315666502766,2.0686333429632326,5.10681090017701,5.202173505995134,0.175632568643158,0.034953379263427405,0.6723320408460252,0.02176149178151269,0.008464078412129412,0.15137131075285365,0.6948457371955268,0.0,0.3982006907672307,482,43,7,0,6,27,107
"Herring, atlantic, PROCESS Steaming",0.9858167945227653,3.7612001156935624,0.1292723357041392,3.5263605246161616,1.9638903885197336,5.579729825986222,5.820082930352362,0.17563256864315802,0.03633192924739028,0.739553553374101,0.0,0.008464078412129412,0.33074156191222787,0.9858167945227654,0.0,0.634988266386413,482,43,8,0,6,27,107
Herrings,1.0986122886681098,4.321922710604176,0.10165365372649983,3.5179216559702966,2.128231705849268,5.367310238034988,5.84354441703136,0.17395330712343804,0.03784614249011469,0.7621400520468967,0.027545681572777952,0.008464078412129412,0.3085345686107975,0.5492768101402434,0.0,0.7543094729317082,485,0,0,0,6,27,107
"Herrings, PROCESS Baking",0.9741822102899327,4.147659620989822,0.15504823608677226,3.667217957332757,2.1761630627357307,5.675774849669297,5.995029613272478,0.2264523568887584,0.037295784743696894,0.8698577872784014,0.03536714383729131,0.008464078412129412,0.3233249642571782,0.6107433543051296,0.0,0.7157470124771863,485,9,0,0,6,27,107
"Herrings, PROCESS Cooking in water",0.9858167945227653,3.7612001156935624,0.1292723357041392,3.5263605246161616,1.9638903885197336,5.579729825986222,5.820082930352362,0.17563256864315802,0.03633192924739028,0.739553553374101,0.0,0.008464078412129412,0.33074156191222787,0.9858167945227654,0.0,0.634988266386413,485,11,0,0,6,27,107
"Herrings, PROCESS Frying",0.9741822102899327,3.713572066704308,0.1292723357041392,3.5263605246161616,2.129659257840453,5.583496308781699,5.8916442118257715,0.20945022418220727,0.033434776086237385,0.7428892724547594,0.0,0.008464078412129412,0.353469812989784,0.9741822102899328,0.0,0.6097655716208943,485,14,0,0,6,27,107
"Herrings, PROCESS Pickling",1.0986122886681098,4.33729074083249,0.11587645738580186,2.5382217085557217,1.9925989816086596,5.0369526024136295,5.234667339471581,0.18077273894696116,0.026363689430992262,0.7009499926229661,0.019942673511659636,0.008121219160992604,0.20048886074940359,0.6948457371955268,0.0,0.6153400673200207,485,15,0,0,6,27,107
"Herrings, PROCESS Steaming",0.9858167945227653,3.7612001156935624,0.1292723357041392,3.5263605246161616,1.9638903885197336,5.579729825986222,5.820082930352362,0.17563256864315802,0.03633192924739028,0.739553553374101,0.0,0.008464078412129412,0.33074156191222787,0.9858167945227654,0.0,0.634988266386413,485,18,0,0,6,27,107
Hijiki,0.6259384308664953,5.1298987149230735,0.12221763272424921,4.795790545596741,0.6780335427498971,3.7612001156935624,4.499809670330265,0.1397619423751587,0.048790164169432,1.3480731482996928,0.0,0.0,0.09531017980432487,0.6259384308664951,0.0,0.8020015854720274,486,0,0,0,19,40,15
"Hijiki, PROCESS Cooking in water",0.45298462407614076,4.6443908991413725,0.07510747248680541,4.290459441148391,0.4478858239921165,3.258096538021482,3.9318256327243257,0.07138999608667293,0.016857117066422903,0.9543569326806114,0.0,0.0,0.032467190137501496,0.45298462407614076,0.0,0.5481214085096875,486,11,0,0,19,40,15
"Hijiki, PROCESS Steaming",0.45298462407614076,4.6443908991413725,0.07510747248680541,4.290459441148391,0.4478858239921165,3.258096538021482,3.9318256327243257,0.07138999608667293,0.016857117066422903,0.9543569326806114,0.0,0.0,0.032467190137501496,0.45298462407614076,0.0,0.5481214085096875,486,18,0,0,19,40,15
Hollandaise type sauce,1.791759469228055,3.8072972089284107,0.0552184380651117,1.9780414272381066,0.8751710740089428,4.711330381816482,4.083813110169759,0.1069307108273436,0.05354076692802982,0.8296740821642663,0.005641201318605509,0.0011536200387345548,0.06739159011997763,1.0560526742493137,0.004987541511039074,0.5862775903136805,487,0,0,0,16,18,190
Honey mushroom,0.09531017980432487,1.6094379124341003,0.11243542932978817,2.6390573296152584,1.9434786238638981,4.804021044733257,6.05979052960723,0.3085345686107975,0.09531017980432487,0.636576829071551,0.0,0.0,0.06632264293107258,0.09893994785490358,0.0,0.5391631535120078,489,0,0,0,19,47,207
"Honey mushroom, PROCESS Cooking in water",0.10165365372649983,1.6094379124341003,0.12133228516752496,2.4849066497880004,1.8633046363911507,4.852030263919617,5.91350300563827,0.3133498192003587,0.08250122151174369,0.606499373834273,0.0,0.0,0.04305948946044697,0.10165365372649984,0.0,0.5579000311519196,489,11,0,0,19,47,207
"Honey mushroom, PROCESS Steaming",0.10165365372649983,1.6094379124341003,0.12133228516752496,2.4849066497880004,1.8633046363911507,4.852030263919617,5.91350300563827,0.3133498192003587,0.08250122151174369,0.606499373834273,0.0,0.0,0.04305948946044697,0.10165365372649984,0.0,0.5579000311519196,489,18,0,0,19,47,207
"Honey, polyfloral",0.0,1.9248741083562353,0.034815419685364904,1.2797426600919113,0.20759472092457965,2.2881963555419462,3.983678994334581,0.04196419909903214,0.007637427129211308,0.4964368863138911,0.0009595394946998265,0.0,0.12804134988088406,0.0,0.0,0.2649981553668283,488,205,0,0,18,63,90
Horse milk,0.09531017980432487,4.709530201312334,0.0295588022415444,2.302585092994046,0.48427628853245414,4.007333185232471,4.174387269895637,0.03246719013750149,0.030806290101710657,0.06297479916138844,0.0,0.00029995500899797546,0.0295588022415444,0.09531017980432487,0.001998002662673056,0.1397619423751587,490,0,0,0,14,43,111
Horseradish roots,0.0,4.606597737979277,0.19650619178591106,3.6465682560422135,0.8140997909776079,4.506138805381912,6.363766746932414,0.08355302281828117,0.0979042149813715,0.9388905637913959,0.00019998000266626675,0.0,0.15822400521489413,0.09531017980432487,0.0,0.8754687373538999,491,0,0,0,19,48,124
"Horseradish roots, PROCESS Cooking in water",0.10074990310014306,4.574710978503383,0.1889660995126232,3.5263605246161616,0.6507614640635074,4.543294782270004,6.2324480165505225,0.09440067542148432,0.11154137473290741,0.7409845099741055,0.0,0.0,0.14410034397375684,0.10074990310014308,0.0,0.8355144218468672,491,11,0,0,19,48,124
"Horseradish roots, PROCESS Steaming",1.1939224684724346,4.374858145195269,0.1645454461536921,3.4878118544989265,1.1136416372116318,4.547843690796373,6.334040566667213,0.12549922092725835,0.10074990310014306,0.678178564866024,0.00019998000266626675,0.0,0.12726177961092722,0.4348944521321676,0.0,0.7469587300512327,491,18,0,0,19,48,124
Horseradish sauce,0.0,4.312140507209715,0.13102826240640408,3.4339872044851463,0.6931471805599453,4.298645025734831,6.143756357450241,0.10436001532424279,0.13102826240640408,0.6729444732424258,0.0,0.0,0.16551443847757338,0.09531017980432487,0.0,0.6931471805599453,492,0,0,0,16,18,190
Hot chocolate,0.262364264467491,4.6934426722069995,0.08436740859315157,3.1026629843813347,0.6141812738804515,4.6097311973156545,5.226974797908094,0.15198507128276945,0.028865080396172103,0.3526669225411936,0.0019409722369254708,0.00037421568686072006,0.03853366400224291,0.07045846364856141,0.0,0.4353012643939219,493,0,0,0,3,16,30
Hot chocolate with added ingredients,0.18232155679395465,4.700480365792417,0.0,2.995732273553991,0.3074846997479606,4.51085950651685,5.4680601411351315,0.1397619423751587,0.07696104113612832,0.4054651081081644,0.0,0.0002299735540549672,0.048790164169432,0.18232155679395465,0.0,0.4054651081081644,494,0,0,0,3,16,30
"Hot chocolate with added ingredients, QUAL Sugar free",0.05638033343610764,4.2626798770413155,0.0934903430873389,2.995732273553991,0.4668737362368079,4.143134726391533,5.056245805348308,0.09621885774054292,0.017839918128331,0.752830182721119,0.0,9.999500033330834e-05,0.019802627296179712,0.05638033343610765,0.0009995003330835331,0.29565024210095775,494,27,0,0,3,16,30
"Hot chocolate, QUAL Low / Reduced sugar",0.07603468627599762,4.667474069324246,0.12221763272424918,3.279836524657888,0.598836501088704,4.592229674712357,5.1273595684043975,0.18053424621985886,0.037158147966932925,0.284104251103897,0.001998002662673056,0.00027139174135821576,0.12977434374681038,0.07603468627599762,0.0,0.42992540567832505,493,22,0,0,3,16,30
"Hot chocolate, QUAL Sugar free",0.05638033343610764,4.439284249942412,0.0934903430873389,3.0099169085459474,0.4668737362368079,4.302132725453116,5.143333005972201,0.12158532160612204,0.021202207650602982,0.6798448093200665,0.0,0.00018569704295111182,0.02538923400481951,0.07213459775919911,0.0009995003330835331,0.29565024210095775,493,27,0,0,3,16,30
Hot dog with bread,0.0,3.5251833614431467,0.0891091750717759,2.989714201228428,1.5147755227684307,4.648229675448539,5.077670695432414,0.19392069263730655,0.19293173590597018,1.062639628209292,0.026154957476851214,0.0004718886430389459,0.0687795153948257,0.4193680132771558,0.004987541511039074,0.7877298230458931,495,0,0,0,4,22,162
Human milk,0.4054651081081644,3.417726683613366,0.03584965289369723,1.3862943611198906,0.5306282510621704,2.6026896854443837,3.970291913552122,0.0344014267173324,0.014888612493750654,0.08846864798760816,0.0010494491355713786,3.9999200021332696e-05,0.009950330853168083,0.2776317365982795,0.0,0.262364264467491,496,0,0,0,11,36,91
Hummus,0.0,3.7612001156935624,0.2866815721181974,4.063885354737392,1.1314021114911006,5.038250461129229,5.272999558563747,0.051833148640017285,0.1380212978973747,1.0784095813505903,0.0033543678125736434,0.0,0.262364264467491,0.7419373447293773,0.0,0.885419068207068,497,0,0,0,4,22,51
Hungarian-type salami,0.3074846997479606,3.258096538021482,0.10074990310014306,3.258096538021482,1.9932025935629258,5.085831109707815,5.818385857395205,0.18208343320668824,0.37717340751605727,0.7964770644513465,0.0030952049073024192,0.0013990209137073409,0.3038014543316643,0.2592825979300829,0.013902905168991422,1.2676716873517777,498,0,0,0,13,57,56
"Hungarian-type salami, QUAL Low fat (naturally or reduced)",0.4330802751411378,3.2188758248682006,0.14323416808590783,3.4965075614664802,2.5493670428736546,5.493061443340548,6.07993319509559,0.1510028735365274,0.3343270802748247,0.8450095298691914,0.0,0.0010993954433009636,0.4722332845730047,0.4330802751411378,0.006975613736425242,1.260731138144545,498,23,0,0,13,57,56
"Ice cream, milk-based",0.37156355643248307,4.658710952916121,0.03702049224367887,2.8399135366260357,0.7155374933228772,4.402004316675104,5.134957747635468,0.17443338394494842,0.04838191758282707,0.18943902456281864,0.0010808442487818815,0.0003542229699212247,0.056245298664448794,0.3621399833697907,0.0,0.31574877732608664,499,168,0,0,14,21,44
"Ice cream, milk-imitate based",0.7419373447293773,4.145776735854371,0.0,2.5585184671312464,0.6418538861723948,4.236519051002643,5.111987788356544,0.1988508587451652,0.11630045569616068,0.11034805716886537,0.0017484705341168846,0.000699755114273342,0.04879016416943201,0.4700036292457356,0.0,0.18232155679395468,499,169,0,0,14,21,44
Ice wine,0.0,2.70805020110221,0.048790164169432,2.4849066497880004,0.07696104113612832,2.6390573296152584,4.709530201312334,0.009950330853168083,0.0009995003330835331,0.4574248470388754,0.0,0.0,0.011928570865273802,0.0,0.0,0.18232155679395465,500,0,0,0,1,71,92
Imitation cheese,0.0,5.365308235364315,0.009950330853168083,2.553899521274952,1.4406810802174799,5.687943410626455,4.454347296253507,0.16551443847757338,0.07431203296455141,0.5221893824163057,0.0,0.0007854057738357815,0.0596157096743545,0.0,0.004788516731797178,0.6418538861723948,501,0,0,0,15,41,115
Imitation cream,1.4350845252893227,3.9429678092775675,0.019116117192230053,2.1972245773362196,0.538996500732687,3.8471034593288302,4.658033675545159,0.20119004109833744,0.030944803849421557,0.1484200051182733,0.0025396295520097385,0.000499875041651048,0.03922071315328129,0.8458682675776092,0.0,0.4382549309311553,502,0,0,0,15,41,115
"Imitation cream, QUAL Half fat or medium fat",0.07696104113612832,4.460144413937834,0.0,2.2857779746776643,0.5709795465857378,4.358843299218225,4.816241156068032,0.0,0.04879016416943201,0.11332868530700317,0.0018316548289699923,0.0,0.0,0.6097655716208943,0.0,0.2363887780642304,502,21,0,0,15,41,115
Indian rice grain,0.0009995003330835331,3.091042453358316,0.42133845726445457,4.9185200051884514,2.3256177921046186,6.073044534100405,6.059123195581797,0.23269776411902143,0.10885440491208209,1.085189268335969,0.0,0.0,0.33002291294130587,0.0009995003330835331,0.001998002662673056,1.727842976812722,503,0,0,0,10,14,23
"Indian rice grain, PROCESS Cooking in water",0.0,2.0243817644968085,0.1806534996932576,4.060443010546419,1.337104116929119,4.9063324199965646,4.804021044733257,0.07563741420562002,0.0295588022415444,0.5310483308835129,0.0007996801705643322,0.0,0.08879549878313117,0.0,0.0009995003330835331,1.0683985100716131,503,11,0,0,10,14,23
"Indian rice grain, PROCESS Steaming",0.0,2.0243817644968085,0.1806534996932576,4.060443010546419,1.337104116929119,4.9063324199965646,4.804021044733257,0.07563741420562002,0.0295588022415444,0.5310483308835129,0.0007996801705643322,0.0,0.08879549878313117,0.0,0.0009995003330835331,1.0683985100716131,503,18,0,0,10,14,23
"Infant formulae, liquid",0.4700036292457356,4.143134726391533,0.015732731846067587,2.117975205682079,0.19415601444095745,3.377099830083095,4.686091628340317,0.14595391262307977,0.04196419909903214,0.5717863235556779,0.001527404352420108,0.00027139174135821576,0.035091319811270096,0.48858001481867097,0.0,0.32621573645402385,504,158,0,0,7,31,93
"Infant formulae, powder",1.791759469228055,6.025658913052238,0.24366300846120492,3.762528137137082,2.163323025660538,5.46721590300985,6.214208018400852,0.41314979086671205,0.3164777541873193,1.8450745279957765,0.011730922875698668,0.0014132865541991771,0.3303309685991304,1.7847852054907187,0.025472795973031023,1.5166958607354855,504,212,0,0,7,31,93
Ingredient rich fine dough without yeast,0.6195006403916468,3.4011973816621555,0.05354076692802982,2.302585092994046,0.9635559243412692,4.852030263919617,4.6443908991413725,0.10616019582839065,0.06015392281974709,0.5152159720672836,0.0,0.000499875041651048,0.0344014267173324,0.6195006403916468,0.002995508979798479,0.4700036292457356,505,0,0,0,10,51,157
"Ingredient rich fine dough without yeast, PROCESS Baking",0.6195006403916468,3.733579633031843,0.07960305059896697,2.647187455698509,0.9635559243412692,4.757277964185549,5.123113277522946,0.13203026649825547,0.06337713270131576,0.5394963757743381,0.003992021269537453,0.000517009184858636,0.05286348955706782,0.5739130926362471,0.002995508979798479,0.48594727964287154,505,9,0,0,10,51,157
Instant coffee (beverage),0.0,1.5656352897757073,0.008464078412129412,1.6650077635889111,0.24305821715176484,1.6916760106710724,3.8756553612572713,0.003909016496715361,0.048790164169432,0.08770558041910556,4.749887191072269e-05,0.0,0.018821754240587758,0.18232155679395465,0.0,0.019900661706336177,506,0,0,0,3,16,32
Instant coffee powder,0.0,5.01396308418893,0.239541697123846,4.9185200051884514,2.606231553765013,5.834810737062605,6.5245058508019955,0.12977434374681035,0.023716526617316044,1.692552819144607,0.00692596007073317,0.0,0.02631730831737341,0.0,0.0,0.5374675547124118,507,0,0,0,3,17,35
"Instant coffee powder, QUAL Low / Reduced sugar",0.0,4.603740593178497,0.03633192924739028,4.9185200051884514,2.606231553765013,5.993961427306569,6.5245058508019955,0.10436001532424277,0.007968169649176874,1.6486586255873816,2.9999550008999796e-05,0.0,0.0295588022415444,0.0,0.0,0.23991638332853674,507,22,0,0,3,17,35
"Instant coffee powder, QUAL Sugar free",0.0,4.603740593178497,0.03633192924739028,4.9185200051884514,2.606231553765013,5.993961427306569,6.5245058508019955,0.10436001532424277,0.007968169649176874,1.6486586255873816,2.9999550008999796e-05,0.0,0.0295588022415444,0.0,0.0,0.23991638332853674,507,27,0,0,3,17,35
"Instant coffee powder, decaffeinated",0.0,4.948759890378168,0.06685725935652988,4.9185200051884514,2.606231553765013,5.659482215759621,6.5245058508019955,0.41314979086671205,0.007968169649176874,1.5686159179138452,0.017152058817565565,0.0,0.028587456851912555,0.0,0.0,0.10436001532424277,507,97,0,0,3,17,35
"Instant coffee powder, decaffeinated, QUAL Low / Reduced sugar",0.0,4.948759890378168,0.06672363204290818,4.9185200051884514,2.606231553765013,5.659482215759621,6.5245058508019955,0.41314979086671205,0.007968169649176874,1.5686159179138452,0.017152058817565565,0.0,0.028587456851912555,0.0,0.0,0.10436001532424277,507,97,10,0,3,17,35
"Instant coffee powder, decaffeinated, QUAL Sugar free",0.0,4.948759890378168,0.06672363204290818,4.9185200051884514,2.606231553765013,5.659482215759621,6.5245058508019955,0.41314979086671205,0.007968169649176874,1.5686159179138452,0.017152058817565565,0.0,0.028587456851912555,0.0,0.0,0.10436001532424277,507,97,15,0,3,17,35
Isotonic and sport drinks,0.0,1.8562979903656263,0.008298802814695094,1.4213856809311607,0.09712671073072274,1.6094379124341003,2.6079667425452273,0.001998002662673056,0.002995508979798479,0.09014534985134592,9.999500033330834e-05,0.0,0.011928570865273802,0.15871169115482087,0.001998002662673056,0.07045846364856141,508,0,0,0,20,70,78
Italian-type salami,0.019802627296179712,3.1367356810172144,0.10152459648943614,3.002849741322855,1.94570604659517,5.218810229716544,5.698530612501252,0.17754827804129694,0.2410396003398079,0.9247123134558333,0.004609360556899492,0.001926714122275729,0.2009563689393118,0.26344060807874664,0.008959741371471902,1.3231263290045032,509,0,0,0,13,57,56
"Jam, apricots",0.0880108773227133,2.4120799077903268,0.05401458830623825,1.5040773967762742,0.16926044007876834,2.378222507199666,4.380239324099786,0.013902905168991422,0.009950330853168083,0.34733142893557994,0.0005998200719676155,0.0,0.016997576368571094,0.2592825979300829,0.0009995003330835331,0.05502916446956511,510,40,0,0,8,53,77
"Jam, apricots, SWEET Fructose",0.019802627296179712,1.9459101490553132,0.03052920503482287,1.3862943611198906,0.09893994785490356,1.9459101490553132,3.6375861597263857,0.004987541511039074,0.004987541511039074,0.16889853646181394,0.0,0.0,0.004987541511039074,0.019802627296179712,0.0,0.03052920503482287,510,40,16,0,8,53,77
"Jam, blackberries",0.10526051065749295,2.816263785742443,0.039220713153281295,2.316769727986002,0.15883357548674093,2.618438042412523,3.8501476017100584,0.013480161556692676,0.007826436249464021,0.3823426906873102,0.0,0.0,0.007259301681590225,0.18917303174305639,0.0,0.0782829183940441,510,50,0,0,8,53,77
"Jam, blackberries, SWEET Fructose",0.10074990310014306,2.833213344056216,0.026641930946421175,2.3978952727983707,0.12044615307586716,2.70805020110221,4.1588830833596715,0.004987541511039074,0.001998002662673056,0.26849925303500694,0.0,0.0,0.006975613736425242,0.10074990310014308,0.001998002662673056,0.10616019582839065,510,50,16,0,8,53,77
"Jam, blueberries",0.5417427264007123,2.316769727986002,0.03398726228813615,1.488077055429833,0.13453089295760615,2.330755969960742,4.035504062199167,0.005413889844080106,0.005413889844080106,0.28238233935687734,0.00029995500899797546,0.0,0.0119285708652738,0.33847023928388603,0.001998002662673056,0.05286348955706782,510,55,0,0,8,53,77
"Jam, blueberries, SWEET Fructose",0.10074990310014306,2.833213344056216,0.026641930946421175,2.3978952727983707,0.12044615307586716,2.70805020110221,4.1588830833596715,0.004987541511039074,0.001998002662673056,0.26849925303500694,0.0,0.0,0.006975613736425242,0.10074990310014308,0.001998002662673056,0.10616019582839065,510,55,16,0,8,53,77
"Jam, cranberries",0.4925598149590982,2.2587824703356527,0.05799933001208575,1.6094379124341003,0.11230775617289596,2.2735975561207935,4.055504728905837,0.005982071677547464,0.005413889844080106,0.3229113137859233,0.00029995500899797546,0.0,0.008534902449837406,0.2652830775083019,0.0,0.07059159285064848,510,90,0,0,8,53,77
"Jam, cranberries, SWEET Fructose",0.10074990310014306,2.833213344056216,0.026641930946421175,2.3978952727983707,0.12044615307586716,2.70805020110221,4.1588830833596715,0.004987541511039074,0.001998002662673056,0.26849925303500694,0.0,0.0,0.006975613736425242,0.10074990310014308,0.001998002662673056,0.10616019582839065,510,90,16,0,8,53,77
"Jam, currants (black)",0.5411608235620637,2.7990219793079367,0.04114194333117517,2.005333569526114,0.161146559657496,2.7814776696570274,4.584967478670572,0.007117467768863981,0.007684682758546947,0.41795817235563093,0.00029995500899797546,0.0,0.013057239156648151,0.3199072197465178,0.005982071677547464,0.0916671885258238,510,93,0,0,8,53,77
"Jam, currants (black), SWEET Fructose",0.10074990310014306,2.6692103677859462,0.026641930946421175,2.1316272948504063,0.09466061823552925,2.586689344097943,4.03044076024262,0.004987541511039074,0.001998002662673056,0.2526468735146847,0.0,0.0,0.006975613736425242,0.10074990310014308,0.001998002662673056,0.0976451140601137,510,93,16,0,8,53,77
"Jam, currants (red)",0.4743690867553756,2.649209701079277,0.056380333436107634,2.005333569526114,0.15038850969094553,2.6692103677859462,4.4274096405217,0.00881814845088136,0.00938439988164017,0.4054651081081644,0.00029995500899797546,0.0,0.010798627242225536,0.19103349739597617,0.001998002662673056,0.10152459648943614,510,94,0,0,8,53,77
"Jam, currants (red), SWEET Fructose",0.3001045924503381,2.833213344056216,0.026641930946421175,2.3978952727983707,0.11396623712968261,2.70805020110221,4.1588830833596715,0.004987541511039074,0.001998002662673056,0.26849925303500694,0.0,0.0,0.006975613736425242,0.14392716880664297,0.001998002662673056,0.10616019582839065,510,94,16,0,8,53,77
"Jam, gooseberries",0.10705907229340779,2.4107986776342782,0.056920290252682214,1.8607523407150064,0.11778303565638346,2.436116485618568,4.3079186625201595,0.004276556767260232,0.004276556767260232,0.34409616173187224,0.0,0.0,0.005129677819998431,0.23728311486792894,0.0,0.060960699789687184,510,128,0,0,8,53,77
"Jam, gooseberries, SWEET Fructose",0.10074990310014306,2.833213344056216,0.026641930946421175,2.3978952727983707,0.12044615307586716,2.70805020110221,4.1588830833596715,0.004987541511039074,0.001998002662673056,0.26849925303500694,0.0,0.0,0.006975613736425242,0.10074990310014308,0.001998002662673056,0.10616019582839065,510,128,16,0,8,53,77
"Jam, lingonberry",0.5877866649021191,2.1972245773362196,0.056380333436107634,1.3862943611198906,0.1027069981922629,2.03688192726104,3.8501476017100584,0.00813349989672219,0.007637427129211308,0.31249662882621915,0.00029995500899797546,0.0,0.00813349989672219,0.2652830775083019,0.0,0.06905953593149465,510,157,0,0,8,53,77
"Jam, lingonberry, SWEET Fructose",0.10074990310014306,2.833213344056216,0.026641930946421175,2.3978952727983707,0.12044615307586716,2.70805020110221,4.1588830833596715,0.004987541511039074,0.001998002662673056,0.26849925303500694,0.0,0.0,0.006975613736425242,0.10074990310014308,0.001998002662673056,0.10616019582839065,510,157,16,0,8,53,77
"Jam, mixed fruit",0.4054651081081644,2.4171884757330493,0.05218575317057021,2.043073897508961,0.24819846760264855,2.3265805985502617,4.457597821520956,0.01769957709940092,0.014067257211435496,0.4206820739130248,0.00039992002132693534,0.0,0.014494446150452563,0.25134220567288856,0.0009995003330835331,0.05651534997583884,510,173,0,0,8,53,77
"Jam, mixed fruit, SWEET Fructose",0.4700036292457356,2.7814776696570274,0.037571001478611456,2.1316272948504063,0.12877007552281214,2.575878427993727,4.07753744390572,0.015592094759836205,0.007968169649176874,0.26587457961223576,0.00029995500899797546,0.0,0.00955421280481166,0.1352299492601041,0.001998002662673056,0.09075436326846414,510,173,16,0,8,53,77
"Jam, oranges",0.05732506661926941,3.327602098573752,0.038739828315930556,1.5720821258903315,0.12600312620373105,2.1316272948504063,4.057235902826506,0.009950330853168083,0.008629326698054485,0.30800977195745133,0.00029995500899797546,0.0,0.012916225266546327,0.2640935376431639,0.0,0.04401688541677433,510,187,0,0,8,53,77
"Jam, oranges, SWEET Fructose",0.0,3.016934481204594,0.1022986901934241,2.0243817644968085,0.08984070399978947,2.496741107435003,4.3548756456079305,0.003992021269537453,0.006975613736425242,0.2206260994754564,0.00029995500899797546,0.0,0.009950330853168083,0.04783732941416013,0.0,0.05164323315183845,510,187,16,0,8,53,77
"Jam, peaches",0.16296882827813966,1.742969305058623,0.031637084943182556,1.4213856809311607,0.14842000511827327,2.181224235989778,4.274680021044426,0.007117467768863981,0.004987541511039074,0.2640112590753131,0.0,0.0,0.005840056481682848,0.22932441038929086,0.0009995003330835331,0.05489394710744982,510,194,0,0,8,53,77
"Jam, peaches, SWEET Fructose",0.019802627296179712,1.9459101490553132,0.03052920503482287,1.3862943611198906,0.09893994785490356,1.9459101490553132,3.6375861597263857,0.004987541511039074,0.004987541511039074,0.16889853646181394,0.0,0.0,0.004987541511039074,0.019802627296179712,0.0,0.03052920503482287,510,194,16,0,8,53,77
"Jam, plums",0.1458304482115395,2.3848231912310176,0.03311235145020219,1.4271163556401456,0.29437391774135313,2.5084371471981943,4.701778224508016,0.008534902449837406,0.00881814845088136,0.3458162006038565,0.0,0.0,0.00938439988164017,0.24006621851011764,0.001998002662673056,0.04742869357111091,510,203,0,0,8,53,77
"Jam, plums, SWEET Fructose",0.019802627296179712,1.9459101490553132,0.03052920503482287,1.3862943611198906,0.09893994785490356,1.9459101490553132,3.6375861597263857,0.004987541511039074,0.004987541511039074,0.16889853646181394,0.0,0.0,0.004987541511039074,0.019802627296179712,0.0,0.03052920503482287,510,203,16,0,8,53,77
"Jam, raspberries",0.4784057325098795,2.7269186854065928,0.03839619750948399,2.330755969960742,0.16211884947643518,2.816263785742443,4.223700583436143,0.012775191488722826,0.00938439988164017,0.37412185754245303,0.00029995500899797546,0.0,0.012493064247466518,0.1990557557851198,0.001998002662673056,0.11026276568516831,510,216,0,0,8,53,77
"Jam, raspberries, SWEET Fructose",0.10074990310014306,2.833213344056216,0.026641930946421175,2.3978952727983707,0.12044615307586716,2.70805020110221,4.1588830833596715,0.004987541511039074,0.001998002662673056,0.26849925303500694,0.0,0.0,0.006975613736425242,0.10074990310014308,0.001998002662673056,0.10616019582839065,510,216,16,0,8,53,77
"Jam, rose hips",0.5670169034157332,4.050541939563708,0.26401125907531303,2.9813435361018916,0.1988508587451652,3.8741727812970486,4.993343796986195,0.011363758650315086,0.007117467768863981,0.37107082422246473,0.0,0.0,0.009242867081177457,0.5054914221752889,0.016857117066422903,0.15517056772800378,510,229,0,0,8,53,77
"Jam, rose hips, SWEET Fructose",0.10074990310014306,2.833213344056216,0.026641930946421175,2.3978952727983707,0.12044615307586716,2.70805020110221,4.1588830833596715,0.004987541511039074,0.001998002662673056,0.26849925303500694,0.0,0.0,0.006975613736425242,0.10074990310014308,0.001998002662673056,0.10616019582839065,510,229,16,0,8,53,77
"Jam, sour cherry",0.023716526617316044,2.2735975561207935,0.05082890085928029,1.6094379124341003,0.1378968501341626,2.302585092994046,4.442651256490317,0.012775191488722826,0.011363758650315086,0.4016483095814635,0.0,0.0,0.007259301681590225,0.19425012765922842,0.0,0.05556985115481077,510,249,0,0,8,53,77
"Jam, sour cherry, SWEET Fructose",0.019802627296179712,1.9459101490553132,0.03052920503482287,1.3862943611198906,0.09893994785490356,1.9459101490553132,3.6375861597263857,0.004987541511039074,0.004987541511039074,0.16889853646181394,0.0,0.0,0.004987541511039074,0.019802627296179712,0.0,0.03052920503482287,510,249,16,0,8,53,77
"Jam, strawberries",0.07696104113612832,2.7269186854065928,0.05191452995220022,1.9878743481543455,0.33667629743204247,2.70805020110221,4.3098398926980535,0.02329791222482187,0.009950330853168083,0.3387146185617395,0.00029995500899797546,0.0,0.01842913546836719,0.2074205908489735,0.0009995003330835331,0.07019215206243355,510,253,0,0,8,53,77
"Jam, strawberries, SWEET Fructose",0.1397619423751587,2.807680042051051,0.06471707662416286,2.1316272948504063,0.1977964388712444,2.6790626642289577,4.022797410930052,0.01769957709940092,0.001998002662673056,0.32950927586596285,0.00029995500899797546,0.0,0.016716638032687626,0.10867501662565608,0.001998002662673056,0.07285208181267194,510,253,16,0,8,53,77
"Jam, sweet cherry",0.023716526617316044,2.344549292093078,0.060019396687843125,1.702147310538368,0.16805358499624973,2.344549292093078,4.389498649512583,0.017278435800272683,0.022041016591159424,0.6340036043110217,0.001998002662673056,0.0,0.011504991614323593,0.23269776411902143,0.0,0.0652525518712282,510,258,0,0,8,53,77
"Jam, sweet cherry, SWEET Fructose",0.019802627296179712,1.9459101490553132,0.03052920503482287,1.3862943611198906,0.09893994785490356,1.9459101490553132,3.6375861597263857,0.004987541511039074,0.004987541511039074,0.16889853646181394,0.0,0.0,0.004987541511039074,0.019802627296179712,0.0,0.03052920503482287,510,258,16,0,8,53,77
Jasmine infusion,0.039220713153281295,1.3873652161213836,0.014888612493750654,0.7592469822644691,0.0,1.6094379124341003,2.302585092994046,0.003992021269537453,0.009950330853168083,0.07696104113612832,9.999500033330834e-05,0.0,0.0,0.039220713153281295,0.0,0.039220713153281295,511,0,0,0,3,16,88
Jelly candies,0.262364264467491,3.3219480100080148,0.05669534367654527,0.9808292530117262,0.8960880245566356,1.8382794848629478,3.4339872044851463,0.0119285708652738,0.005982071677547464,0.27871340246902054,0.0006664445431605202,0.0,0.004987541511039074,0.0,0.0,0.06765864847381481,512,0,0,0,18,19,189
Jerusalem artichokes,0.09531017980432487,2.7269186854065928,0.1397619423751587,2.9885637840753785,1.0647107369924282,4.3694478524670215,6.219453483418669,0.05556985115481077,0.18232155679395465,1.5291570811732975,0.0003999200213269354,0.0,0.09140646632385152,0.18232155679395465,0.0,0.05826890812397577,513,0,0,0,19,48,125
"Jerusalem artichokes, PROCESS Baking",0.9932517730102833,3.3549040976913105,0.1628474469585757,3.2851984677992734,1.0981359847772283,4.31996124330442,6.186502525445593,0.05719015936780005,0.1385189341355617,1.2550460745099365,0.000699755114273342,0.0,0.13453089295760615,0.40466478793739524,0.0,0.4995624314872799,513,9,0,0,19,48,125
"Jerusalem artichokes, PROCESS Cooking in water",0.18481843699254183,2.882403588246988,0.12234404698394602,2.816263785742443,0.9590765111919326,4.1588830833596715,6.015808666926051,0.045383005847817695,0.14236724128692196,1.2742049076478383,0.000699755114273342,0.0,0.07045846364856141,0.18115420904194784,0.0,0.08026246374518226,513,11,0,0,19,48,125
"Jerusalem artichokes, PROCESS Steaming",0.18481843699254183,2.882403588246988,0.12234404698394602,2.816263785742443,0.9590765111919326,4.1588830833596715,6.015808666926051,0.045383005847817695,0.14236724128692196,1.2742049076478383,0.000699755114273342,0.0,0.07045846364856141,0.18115420904194784,0.0,0.08026246374518226,513,18,0,0,19,48,125
"Juice concentrate, black currant",0.0,2.9856819377004897,0.009950330853168083,1.0986122886681098,1.503092785221241,2.6016309240961415,4.532599493153256,0.0,0.0,0.18232155679395465,0.0,0.002995508979798479,0.4722332845730047,0.0,0.0,0.09531017980432487,515,49,0,0,9,34,36
"Juice concentrate, orange",0.09531017980432487,2.819676758338683,0.037295784743696894,2.1316272948504063,0.2978798974282269,2.7399179399502325,4.970804871298296,0.0200827001169434,0.03784614249011469,0.16551443847757338,4.199911802469523e-05,0.0,0.04004454953105875,0.09531017980432487,0.0,0.05921185963184609,515,182,0,0,9,34,36
"Juice concentrate, raspberry",0.0,1.3873652161213836,0.0,0.7592469822644691,0.33647223662121295,1.6094379124341003,2.1972245773362196,0.0,0.0,0.05414721807044643,0.0,0.0,0.0,0.0,0.0,0.019900661706336177,515,217,0,0,9,34,36
"Juice concentrate, sweet cherry",0.0,1.3873652161213836,0.0,0.7592469822644691,0.22314355131420976,1.6094379124341003,2.1972245773362196,0.0,0.0,0.05414721807044643,0.0,0.0,0.0,0.0,0.0,0.019900661706336177,515,258,0,0,9,34,36
"Juice, apple",0.009950330853168083,2.163323025660538,0.019900661706336167,1.7805861686299298,0.20805891960994888,2.033771504846648,4.714665000784373,0.04251199423735404,0.018658181818533348,0.1691398200918903,7.699703565216889e-05,0.0,0.04059339696525347,0.4061315526513249,0.0,0.054488185284069734,514,34,0,0,9,34,75
"Juice, apple, FORT Vitamin only supplements",0.41012091964435843,1.9859154836690125,0.05259245011917059,1.791759469228055,0.2615947376884625,2.4107986776342782,4.713383770628324,0.007826436249464021,0.012069724087330452,0.18469967919892205,0.0,0.0,0.03922071315328129,0.41012091964435843,0.005982071677547464,0.036469679781391415,514,34,3,0,9,34,75
"Juice, apple-carrot",0.0,2.65605490598383,0.04955177882924775,2.2407096892759584,0.3493884618877593,3.0096351787229825,5.071416766356115,0.01567647938500758,0.03459464476449906,0.2512255354411657,0.0,0.0,0.0756639039209896,0.4041308850950278,0.009950330853168083,0.08507617235511927,514,36,0,0,9,50,119
"Juice, apple-cherry",0.09531017980432487,2.4849066497880004,0.009950330853168083,2.302585092994046,0.18232155679395465,2.4849066497880004,4.955827057601261,0.009950330853168083,0.0295588022415444,0.33647223662121295,0.0,0.0,0.044973365642731154,0.09531017980432487,0.0,0.05826890812397577,514,37,0,0,9,34,75
"Juice, apple-cherry, FORT Combination of vitamin and mineral only supplements",1.791759469228055,2.772588722239781,0.009950330853168083,2.4849066497880004,2.302585092994046,2.4849066497880004,5.1647859739235145,0.009950330853168083,0.15272108701766388,0.09531017980432487,0.0009995003330835331,0.000499875041651048,0.4722332845730047,1.7847852054907187,0.0,0.07696104113612832,514,37,1,0,9,34,75
"Juice, apricot",0.40945712937770185,2.772588722239781,0.1275133202989596,2.302585092994046,0.5827741230785748,3.0376964726530233,5.488937726156687,0.03757100147861144,0.02844861617137019,0.46767950198164376,0.0,0.0,0.05042148590151608,0.35122009325576853,0.002995508979798479,0.0984222155109547,514,38,0,0,9,34,75
"Juice, apricot-orange",0.29042829811980614,2.7454377331738304,0.07032531672073006,2.436116485618568,0.38594244161930047,2.8743714165497236,5.069802271431916,0.018401085370891267,0.034401426717332394,0.3531688046094447,0.0,0.0,0.06458316299825134,0.21688400114306558,0.001998002662673056,0.06699086881627837,514,39,0,0,9,34,75
"Juice, apricot-orange, FORT Combination of vitamin and mineral only supplements",1.791759469228055,2.772588722239781,0.009950330853168083,2.4849066497880004,2.302585092994046,2.4849066497880004,5.1647859739235145,0.016997576368571094,0.15272108701766388,0.09531017980432487,0.0009995003330835331,0.000499875041651048,0.4722332845730047,1.7847852054907187,0.0,0.07696104113612832,514,39,1,0,9,34,75
"Juice, beetroot",0.04401688541677433,2.316769727986002,0.04974209189481407,2.833213344056216,0.30895420772732063,3.332204510175204,5.532259545104472,0.03564289180539732,0.01755921637210191,0.41645214797459307,0.0,0.0,0.04114194333117517,0.04401688541677433,0.004987541511039074,0.22724939649827455,514,48,0,0,9,68,202
"Juice, black currant",0.09531017980432487,3.5380565643793527,0.09893994785490358,2.7269186854065928,0.4041308850950277,3.3829364225275462,5.363302216637449,0.029170377299779855,0.028781801425452055,0.6932186065804748,0.00029995500899797546,0.0,0.05826890812397577,1.0560526742493137,0.0028459464499187652,0.23586232372198446,514,49,0,0,9,34,75
"Juice, blackberry",0.48057258059496977,3.5992672954242493,0.09803374027136541,3.2905318137746358,0.44596705141749426,3.279836524657888,5.174534223337175,0.032467190137501496,0.0246926125903715,0.6508359824882224,0.0,0.0,0.045383005847817695,0.48057258059496977,0.0,0.178146185383474,514,51,0,0,9,34,75
"Juice, carrot",0.8754687373538999,3.0404324524718978,0.045246477756950974,2.6552520155352393,0.4747246107125467,3.399290803391574,5.589386553388775,0.05340534814523774,0.06632264293107258,0.3302282939237489,0.0006283739602952984,0.0,0.16321154672593322,0.357674444271816,0.01587334915629015,0.1256252210534252,514,71,0,0,9,68,202
"Juice, celery",0.4193680132771558,3.9512437185814275,0.11064652008706366,2.772588722239781,0.669878553620591,4.248495242049359,5.966146739123692,0.04974209189481407,0.018821754240587758,0.34571510370239034,0.0,0.0,0.09893994785490356,0.4193680132771558,0.042101176018635396,0.3321773123383322,514,72,0,0,9,68,202
"Juice, cranberry",0.7884573603642702,2.763620052257021,0.08420983729181182,2.316769727986002,0.20585205420414876,2.531426665422893,4.672828834461906,0.03748844441099159,0.0344014267173324,0.5830931277865994,9.999500033330834e-05,0.0,0.04933423382376695,0.41607528722017995,0.0,0.3231181604098896,514,91,0,0,9,34,75
"Juice, elderberry",0.0,1.791759469228055,0.06952606264861023,3.6109179126442243,0.637558961889514,3.912023005428146,5.666426688112432,0.05826890812397577,0.0295588022415444,1.0438040521731147,0.0,0.0,0.08617769624105233,0.7134398838277077,0.0,0.22633844221072896,514,103,0,0,9,34,75
"Juice, grape",0.33647223662121295,2.5899099587979846,0.06471707662416287,2.2160930616406023,0.22997729089277483,2.63086056241108,4.875197323201151,0.034263390965853645,0.03357292625569107,0.34257601955923067,0.0007711311733459204,0.0,0.04004454953105875,0.37877884284565866,0.0,0.079603050598967,514,134,0,0,9,34,75
"Juice, grapefruit",0.262364264467491,2.496741107435003,0.019802627296179712,2.3075726345050844,0.2666408212347513,2.682976563550094,4.9865377425171955,0.016295082486502386,0.03550502732596202,0.2139586417371372,0.000574834750842476,0.0,0.017278435800272683,0.1722712209404532,0.002995508979798479,0.11077440550190641,514,137,0,0,9,34,75
"Juice, lemon",0.11332868530700319,2.366230358154402,0.04633818092214528,2.3713112622524526,0.15578200155934238,2.414637453941444,4.916847763996088,0.01221085738796695,0.030390633705009232,0.1995531881665199,0.000731161207914619,0.0,0.04742869357111091,0.21026092548319608,0.0,0.09394561284252784,514,152,0,0,9,34,75
"Juice, lime",0.09531017980432487,2.4485390056171252,0.04196419909903214,2.114532861491106,0.15614868248993136,2.2735975561207935,4.583508689206912,0.008534902449837406,0.026085370475674944,0.16126814759612226,0.0005141535147113815,0.0,0.034953379263427405,0.1512894475462261,0.002995508979798479,0.08879549878313117,514,155,0,0,9,34,75
"Juice, mango",0.7021069219314172,1.9859154836690125,0.05082890085928029,2.887192104978785,0.5613286059390974,2.995732273553991,4.325078282802986,0.023018738577000868,0.019522476012655294,0.8497234876020421,9.999500033330834e-05,0.0,0.10436001532424277,0.7147129584745059,0.0,0.08748745412311582,514,164,0,0,9,34,75
"Juice, mixed fruit",0.18232155679395465,2.3861381158123267,0.02615495747685121,2.2009214392175456,0.4096468287048381,2.4620278674030693,4.840806801549768,0.029420096367128248,0.04429025884657962,0.27589863391144465,0.00021247742507305806,0.0,0.06216964613882595,0.225341134857697,0.0009995003330835331,0.07762219818500594,514,173,0,0,9,34,75
"Juice, multi-vegetable",0.4054651081081644,2.8134107167600364,0.08010424424166145,2.379546134130174,0.7819208926133727,3.295836866004329,5.32219664033798,0.04226095871450941,0.05464600111332492,0.37114967769304397,0.0002506352550269022,0.0,0.11481567442858143,0.5596157879354227,0.018330956684723457,0.1837094820688027,514,175,0,0,9,68,202
"Juice, orange",0.18232155679395465,2.6005710405840987,0.030806290101710657,2.4872847721929676,0.3232215676795129,2.9231615807191558,5.176149732573829,0.021621700070933468,0.06310892832797675,0.1590772995922613,0.00040691719796618996,0.0,0.06965931603011198,0.15207710288034954,0.0,0.06779215091043256,514,182,0,0,9,34,75
"Juice, orange, FORT Vitamin only supplements",1.1939224684724346,2.651227865235514,0.04748318799906913,2.489657252546598,0.654183577208249,2.802494205018686,5.117651581065023,0.012422519998557155,0.11332868530700317,0.31689407392688784,0.00019998000266626675,0.00012499218815098065,0.20364030776967054,0.1955667835439753,0.0,0.06592149296246519,514,182,3,0,9,34,75
"Juice, orange-grapefruit",0.09531017980432487,2.4485390056171252,0.009950330853168083,2.302585092994046,0.19415601444095745,2.5199979695992702,4.972785069965158,0.012775191488722826,0.033711057342311695,0.34662460808523093,0.0,0.0,0.04141610371671696,0.08984070399978947,0.0,0.06364526516035618,514,185,0,0,9,34,75
"Juice, orange-grapefruit, FORT Combination of vitamin and mineral only supplements",1.791759469228055,2.6552520155352393,0.021202207650602985,2.4056572781338597,2.0559535603726222,2.517696472610991,5.146663566919366,0.012775191488722826,0.15272108701766388,0.09531017980432487,0.0008567757199817669,0.000499875041651048,0.4722332845730047,1.4350845252893227,0.0,0.06899287148695145,514,185,1,0,9,34,75
"Juice, orange-peach",0.09531017980432487,2.4311039437950237,0.021202207650602985,2.267697833993605,0.4243335924125472,2.517696472610991,4.99914091467052,0.008534902449837406,0.04879016416943199,0.2732933349996814,0.000499875041651048,0.0,0.07563741420562005,0.23111172096338664,0.0,0.05556985115481077,514,186,0,0,9,34,75
"Juice, orange-peach, FORT Combination of vitamin and mineral only supplements",1.791759469228055,2.772588722239781,0.009950330853168083,2.4849066497880004,2.302585092994046,2.4849066497880004,5.1647859739235145,0.008534902449837406,0.15272108701766388,0.09531017980432487,0.0009995003330835331,0.000499875041651048,0.4722332845730047,1.7847852054907187,0.0,0.07696104113612832,514,186,1,0,9,34,75
"Juice, peach",0.6795552270404783,1.9252908618525775,0.06672363204290818,2.302585092994046,0.5816568045265821,2.9444389791664403,4.998177059174214,0.03591856375752218,0.021761491781512692,0.2619246073929216,0.0,0.0,0.01924224622239495,0.5768380581595622,0.001998002662673056,0.12449064797237358,514,193,0,0,9,34,75
"Juice, pear",0.09531017980432487,2.2129729343043585,0.06952606264861023,1.992430164690206,0.19650619178591106,2.3581549441488563,4.90527477843843,0.026447170014848295,0.01587334915629015,0.1854120145015115,0.0009995003330835331,0.0,0.01615452447095015,0.32150362092729157,0.004987541511039074,0.09010183469718663,514,195,0,0,9,34,75
"Juice, pineapple",0.06297479916138844,2.828158573394592,0.055119299221079554,2.6100697927420065,0.31585294941847725,2.2192034840549946,4.832874748629863,0.018541327990853257,0.05584008490865094,0.25386672395705034,0.000633132862416588,0.0,0.08407850890499231,0.039605254592359425,0.0,0.08788004720543373,514,200,0,0,9,34,75
"Juice, pomegranate",0.4382549309311553,1.3873652161213836,0.06765864847381481,1.3862943611198906,0.18232155679395465,2.1972245773362196,5.303304908059076,0.0295588022415444,0.019802627296179712,0.18232155679395465,0.0,0.0,0.27002713721306015,0.4382549309311553,0.0,0.11332868530700317,514,206,0,0,9,34,75
"Juice, red currant",0.0,3.079285296372272,0.13453089295760615,2.6390573296152584,0.29703109101121733,3.079285296372272,5.388419201245223,0.0246926125903715,0.032467190137501496,0.6545548413669594,0.0,0.0,0.0426488961473495,0.4916428043492167,0.010939940038334362,0.2295231582782488,514,220,0,0,9,34,75
"Juice, strawberry-cherry",0.09531017980432487,2.4849066497880004,0.009950330853168083,2.302585092994046,0.18232155679395465,2.4849066497880004,4.955827057601261,0.009950330853168083,0.0295588022415444,0.33647223662121295,0.0,0.0,0.044973365642731154,0.09531017980432487,0.0,0.05826890812397577,514,254,0,0,9,34,75
"Juice, strawberry-cherry, FORT Combination of vitamin and mineral only supplements",1.791759469228055,2.772588722239781,0.009950330853168083,2.4849066497880004,2.302585092994046,2.4849066497880004,5.1647859739235145,0.009950330853168083,0.15272108701766388,0.09531017980432487,0.0009995003330835331,0.000499875041651048,0.4722332845730047,1.7847852054907187,0.0,0.07696104113612832,514,254,1,0,9,34,75
"Juice, tomato",0.371563556432483,2.477738160309388,0.07032531672073006,2.415913778301049,0.5941946611974492,3.032890421520924,5.465041726528323,0.02622453963601368,0.0426488961473495,0.35667494393873234,0.000279960807315797,0.0,0.09738594598816934,0.7031965164129468,0.004768612075102087,0.13428111151506858,514,262,0,0,9,68,202
"Juice, tomato-leafy vegetables",0.5538851132264376,2.7343675094195836,0.09414066501960344,2.458367094553388,0.6925041166958356,3.3433664728405743,5.431848759172559,0.036607411342796395,0.05164323315183845,0.3673181040372122,0.00031138008761692206,0.0,0.10590322550704853,0.5235443961737654,0.014691548742989755,0.2455198945725699,514,263,0,0,9,68,202
Juniper berry,0.0,6.025658913052238,0.6261309257071586,4.9185200051884514,2.25831967669603,6.154615419744767,6.5245058508019955,0.3220834991691133,0.3220834991691133,2.1550789558854557,0.0,0.0,0.18232155679395465,0.0,0.0,1.727842976812722,516,0,0,0,12,60,176
Kaki and similar-,0.0,2.3978952727983707,0.07306457085700514,2.322387720290225,0.37679124752355686,3.044522437723423,5.196284640982885,0.02566774674857779,0.02527780718426854,0.23744085601503415,0.0005998200719676155,0.0,0.057325066619269414,0.712949807856125,0.0,0.061283228416898525,517,0,0,0,8,33,116
Kales and similar-,0.6418538861723948,4.998177059174214,0.04196419909903214,3.332204510175204,1.482740259388143,4.250533978739207,6.009164124207383,0.19650619178591106,0.08748745412311582,0.8391010931830251,0.0015131403398104789,0.0,0.24350624583309435,0.9932517730102833,0.042101176018635396,0.2722057873122824,518,0,0,0,19,9,95
"Kales and similar-, PROCESS Baking",0.0,3.2188758248682006,0.12133228516752496,2.995732273553991,0.44916296337388373,3.8501476017100584,5.860786223465865,0.13102826240640408,0.048790164169432,0.33647223662121295,0.0,0.0,0.1397619423751587,0.0,0.0,0.0295588022415444,518,9,0,0,19,9,95
"Kales and similar-, PROCESS Cooking in water",0.9150900112976362,5.162333990676228,0.03853366400224291,2.6888188391743224,1.1534160807087837,4.208947944961104,5.240990871356319,0.13290619723060423,0.05624529866444881,0.8437200390393195,0.001998002662673056,0.0,0.13290619723060423,0.8855015730542747,0.042101176018635396,0.19297885126794265,518,11,0,0,19,9,95
"Kales and similar-, PROCESS Steaming",0.9150900112976362,5.162333990676228,0.03853366400224291,2.6888188391743224,1.1534160807087837,4.208947944961104,5.240990871356319,0.13290619723060423,0.05624529866444881,0.8437200390393195,0.001998002662673056,0.0,0.13290619723060423,0.8855015730542747,0.042101176018635396,0.19297885126794265,518,18,0,0,19,9,95
Kefir,0.0880108773227133,4.818667360250496,0.011137744410455924,2.6727683869575705,0.6269005347410191,4.532599493153256,5.0689042022202315,0.16822263241445298,0.04114194333117517,0.07138999608667293,0.0012991557316200499,0.0003719308251548299,0.04420825466432037,0.10436001532424277,0.001998002662673056,0.33074156191222787,519,0,0,0,14,25,194
Kidney bean (dry seeds),0.4350239103497087,4.697445462097262,0.5337605950484866,4.9185200051884514,1.983412353450894,6.069967608595926,6.5245058508019955,0.15500745554724008,0.37717340751605727,2.080232895143738,0.01587334915629015,0.0,0.3346849260471172,0.43178241642553783,0.0,1.4342905593881463,520,0,0,0,12,39,154
"Kidney bean (dry seeds), PROCESS Baking",0.45298462407614076,4.718498871295094,0.5596157879354227,4.9185200051884514,1.9655727105203236,6.115892125483034,6.5245058508019955,0.05826890812397577,0.37717340751605727,2.0860446928134078,0.0,0.0,0.31990721974651787,0.45298462407614076,0.0,1.4600093989421714,520,9,0,0,12,39,154
"Kidney bean (dry seeds), PROCESS Cooking in water",0.07696104113612832,3.9865118574188854,0.19556678354397528,3.8088822465086327,1.1562520681145243,4.870862240548258,5.848363703467308,0.04565600612251351,0.12059389629841559,1.1496750009180867,0.005982071677547464,0.0,0.09591605682982658,0.18564934688662932,0.00786895837869518,0.7342091462848076,520,11,0,0,12,39,154
"Kidney bean (dry seeds), PROCESS Steaming",0.18564934688662932,3.6888794541139363,0.1980308504991345,3.9512437185814275,1.1562520681145243,4.975583656037337,6.020618736760555,0.04797350426287604,0.14669437915080352,1.2062701633746193,0.005982071677547465,0.0,0.10975086395911919,0.18564934688662932,0.0,0.7690273908952634,520,18,0,0,12,39,154
"Kiwi fruits (green, red, yellow)",0.371563556432483,3.4021493093875375,0.12909657333440996,2.89591193827178,0.527261244514266,3.707631109164141,5.720780051024772,0.039907290591854855,0.01432547014464327,0.3606669652082698,0.0007140307336570204,0.0,0.0877491999693949,0.7207623475929186,0.0246926125903715,0.10384508225416227,521,219,38,0,8,33,116
"Knackwurst-type sausage, PROCESS Baking",0.26926348692776286,2.70805020110221,0.07881118042428978,3.1354942159291497,1.9154509415706047,4.770684624465665,5.402677381872279,0.1578580846155803,0.29490591754110057,0.6830968447064437,0.0,0.0015987213636970278,0.20863886511132804,0.26926348692776286,0.004987541511039074,1.1184149159642893,522,9,0,0,13,57,169
"Knackwurst-type sausage, PROCESS Cooking in water",0.3133498192003587,3.1116087309397926,0.06952606264861023,2.8982769374032777,1.8856834072577981,5.224978329457192,5.0369526024136295,0.1548035279000623,0.3392235503249765,0.8959713996804174,0.0055559655706812466,0.0008681944386874649,0.15944277440902355,0.19359114905218544,0.005982071677547465,0.8997547632340555,522,11,0,0,13,57,169
"Knackwurst-type sausage, PROCESS Steaming",0.26926348692776286,2.725047777470781,0.07920719389392303,3.1354942159291497,1.7998221166514057,5.109402694284438,5.307560233629214,0.1578580846155803,0.29490591754110057,0.634306680537012,0.0,0.0015987213636970278,0.20863886511132804,0.26926348692776286,0.004987541511039074,0.9740204110823959,522,18,0,0,13,57,169
"Knackwurst-type sausage, QUAL Low fat (naturally or reduced), PROCESS Cooking in water",0.0,3.1354942159291497,0.05826890812397577,2.3978952727983707,1.6094379124341003,5.017279836814924,4.770684624465665,0.07696104113612832,0.37717340751605727,0.7419373447293773,0.006975613736425242,0.0004399032283852997,0.08709470685093376,0.0,0.0,0.8754687373538999,522,23,5,0,13,57,169
Kohlrabies,0.1397619423751587,3.967592856582957,0.06538637589283976,3.4567672328169663,1.0986122886681098,3.880089958325137,5.871312636452854,0.04442691754170176,0.05611024565593777,0.4078432305131318,0.0008425021382402902,0.0,0.09569971431551544,0.33647223662121295,0.006975613736425243,0.20561946901877648,523,0,0,0,19,9,186
"Kohlrabies, PROCESS Baking",0.06765864847381481,3.8703077549306757,0.0543528947474364,3.4648426468225115,0.9075094317239585,3.904278810694715,5.655991810819852,0.033296606828677335,0.04401688541677433,0.3648415066051258,0.000499875041651048,0.0,0.10500330900998453,0.31188676114859837,0.007968169649176874,0.20165722167212308,523,9,0,0,19,9,186
"Kohlrabies, PROCESS Cooking in water",0.0,4.070734696582967,0.03169244673248972,3.295836866004329,0.8919980393051105,3.8543938925915096,5.527840524826286,0.03072317264284058,0.042867900227175806,0.3830831572150339,0.0009995003330835331,0.0,0.06147132208810105,0.353469812989784,0.006975613736425243,0.1736171161638083,523,11,0,0,19,9,186
"Kohlrabies, PROCESS Steaming",0.0,3.5779478934066544,0.01390290516899142,2.667228206581955,0.3646431135879093,3.6109179126442243,5.680172609017068,0.017839918128331,0.06952606264861023,0.3074846997479606,0.0009995003330835331,0.0,0.09531017980432487,0.0,0.0,0.1239859797809912,523,18,0,0,19,9,186
Kringles,1.5606677480646711,3.641338509344936,0.16066006001277525,3.4701902531491067,1.0777290777516855,4.4950363915776075,5.56177992876459,0.06565397022143682,0.0609606997896872,0.5996211225491218,0.006975613736425242,9.999500033330834e-05,0.02942009636712825,1.4579636478102502,0.001998002662673056,0.5119678283447676,524,0,0,0,10,26,210
Lactose,0.0,1.3873652161213836,0.014888612493750654,0.7592469822644691,0.0,1.6094379124341003,2.1972245773362196,0.0,0.0,0.2546422183735807,0.0,0.0,0.0,0.0,0.0,0.019900661706336177,525,0,0,0,14,42,113
Lager beer,0.0,1.8495790401168812,0.015451437892032745,2.160033549010139,0.5356575994671723,2.8791984572980396,3.6375861597263857,0.029697488879309165,0.004489905272852053,0.05414721807044643,0.00034279838077788747,3.1999488010922407e-05,0.047156176877777,0.0,0.0,0.019900661706336177,526,0,0,0,1,7,5
Lamb's lettuces,0.0,4.289911345766076,0.12892078006683938,3.163785858550241,0.5382462193419828,3.529297384289471,5.983432375410718,0.08250122151174369,0.06466351332572215,1.0966102859974367,0.0008995952428360929,0.0,0.20766436446574968,0.5405785819153384,0.0,0.23269776411902143,527,0,0,0,19,37,99
Laminated doughs,0.6081338062329886,3.834833366737016,0.0780715354201555,2.3608540011180215,1.0521194835473613,3.9262076404201025,4.360365137892702,0.022460157358734658,0.10641710013295069,0.5444814309632566,0.0,0.0,0.04114194333117518,0.8251398900184422,0.002995508979798479,0.3221870134800593,528,0,0,0,10,51,157
"Laminated doughs, PROCESS Baking",0.6081338062329886,2.725047777470781,0.06471707662416287,2.3675699430834585,0.6856189141391538,3.8317421741673434,4.38434537289284,0.023716526617316044,0.034815419685364904,0.3249778571954778,0.0,0.0,0.025946181944585173,1.3176942696276337,0.002995508979798479,0.25663358975850603,528,9,0,0,10,51,157
Land cresses,0.5306282510621704,5.310387090635367,0.09140646632385152,3.5221499920798176,1.142173385562864,3.7612001156935624,6.130294378183713,0.14224333322654414,0.14224333322654414,1.3083328196501787,0.0,0.0,0.24686007793152576,0.6951451832226183,0.0,0.2678437302321166,529,0,0,0,19,37,99
Largemouth black bass,0.0,3.091042453358316,0.0,0.7592469822644691,0.0,5.198497031265826,2.1972245773362196,0.06765864847381481,0.06765864847381481,0.7419373447293773,0.0,0.0,0.0,0.0,0.0,0.019900661706336177,530,0,0,0,6,27,74
Lasagna,0.5877866649021191,4.564348191467836,0.08136929988832785,2.9578820494228935,1.2081071034643909,4.642741187466703,5.431848759172559,0.1041025819337105,0.12385977292779156,0.6423800635062922,0.002482630007990659,0.0005427098492222245,0.11000684757756554,0.6664951495625188,0.002995508979798479,0.7026023393307004,531,0,0,0,4,22,142
Laurel,1.252762968495368,5.233397820448721,0.13627761829254784,3.1570004211501135,0.8613215166280075,3.8317421741673434,5.811568617528866,0.15333401992070234,0.031637084943182556,1.4680279461465608,0.000899595242836093,0.0,0.30877063728164683,1.1458138901524038,0.042101176018635396,0.6903575789511976,532,0,0,0,19,6,3
Laver,0.0,4.2626798770413155,0.23507212217948356,1.0986122886681098,1.3182831505033468,4.07753744390572,5.877735781779639,0.37156355643248307,0.09531017980432487,1.0296194171811581,0.0,0.0,0.1484200051182733,0.0,0.0,0.7178397931503169,533,0,0,0,19,40,159
"Laver, PROCESS Cooking in water",0.0,3.828641396489095,0.14669437915080352,1.0986122886681098,0.939225703156651,3.58351893845611,5.298317366548036,0.20048886074940359,0.032467190137501496,0.6971392018294827,0.0,0.0,0.05164323315183845,0.0,0.0,0.48427628853245414,533,11,0,0,19,40,159
"Laver, PROCESS Steaming",0.0,3.828641396489095,0.14669437915080352,1.0986122886681098,0.939225703156651,3.58351893845611,5.298317366548036,0.20048886074940359,0.032467190137501496,0.6971392018294827,0.0,0.0,0.05164323315183845,0.0,0.0,0.48427628853245414,533,18,0,0,19,40,159
Leavened bread doughs-deprecated,0.38185524246903063,3.58351893845611,0.06485097231961633,2.6390573296152584,1.191495282814823,4.454347296253507,5.003946305945459,0.13889199886661863,0.10705907229340779,0.4523486940070148,0.0,0.00019998000266626675,0.055434706888100586,0.38185524246903063,0.001998002662673056,0.4811908186362999,534,0,0,0,10,51,157
"Leavened bread doughs-deprecated, PROCESS Baking",0.0,4.065258981327004,0.16330861761202395,3.414442608412176,1.397234301158225,4.562680134367139,4.739001533621612,0.06034222900616173,0.16551443847757338,0.9046229270064731,0.018821754240587758,0.0,0.06952606264861025,0.4898062565419153,0.002995508979798479,0.7180348960677243,534,9,0,0,10,51,157
"Leavened bread doughs-deprecated, PROCESS Cooking in water",0.26926348692776286,3.4339872044851463,0.04974209189481407,2.302585092994046,0.9462378082421072,4.143134726391533,4.74493212836325,0.08709470685093376,0.06015392281974709,0.33647223662121295,0.0,0.00019998000266626675,0.03343477608623739,0.26926348692776286,0.0009995003330835331,0.3674170404706345,534,11,0,0,10,51,157
"Leavened bread doughs-deprecated, PROCESS Steaming",0.5877866649021191,3.2188758248682006,0.18481843699254183,4.007333185232471,0.7779477822524105,5.0369526024136295,5.262690188904886,0.050693114315518116,0.04305948946044697,1.049422044477338,0.0,0.0,0.1239859797809912,0.5877866649021191,0.0,0.9980550336767946,534,18,0,0,10,51,157
Lebkuchen,0.048790164169432,3.4635012649983103,0.30137362815364305,4.31367131500961,1.7009486757960104,5.311797528104729,5.448582958163724,0.17922151854163826,0.20294084399669032,1.3784061882708845,0.01587334915629015,0.0003999200213269354,0.29288281085095297,1.7710804580196542,0.001998002662673056,1.1496674594683938,535,0,0,0,10,26,201
Leeks,0.3220834991691133,3.658051990318677,0.044563557563776765,2.4532193935182307,0.6023624596878365,3.764847939337313,5.601591533759653,0.0532699110217152,0.10423130691297043,0.5235443961737654,0.0007283061492502993,0.0,0.2376661573565302,0.5236628725674826,0.042101176018635396,0.25430993726070455,536,0,0,0,19,12,203
"Leeks, PROCESS Baking",0.45679173527350503,4.054514139424141,0.06122948086911746,2.588837572636232,0.7109870986882764,3.667217957332757,5.726847747587197,0.047973504262876034,0.050149783685471565,0.682808202764766,0.0007996801705643322,0.0,0.17874373544607067,0.5303929292585194,0.042101176018635396,0.21925026802706013,536,9,0,0,19,12,203
"Leeks, PROCESS Cooking in water",0.461845441544272,3.8408849775948064,0.05227614456537099,2.174751721484161,0.5368831580852802,3.4657359027997265,4.967495801435638,0.029235125268334966,0.046883585898850416,0.5643663906940205,0.0009195770593837001,0.0,0.11719026741140351,0.5569837557470739,0.042101176018635396,0.17953991383207782,536,11,0,0,19,12,203
"Leeks, PROCESS Steaming",0.3001045924503381,4.002472908350218,0.052750565385528934,2.299246191728531,0.5378569628170211,3.339321977944068,5.4359030295006,0.029235125268334966,0.04906223599807261,0.5332718125958208,0.0006681767202079355,0.0,0.10330841153169547,0.5548042309382006,0.042101176018635396,0.18509548367667986,536,18,0,0,19,12,203
Legume (beans) soup,0.26620304077465673,3.060717123643404,0.13102826240640408,3.0049751406351684,1.0609598689091337,4.367275512727872,5.236745868013871,0.03894595013465478,0.08552217343816201,0.7642045860957759,0.007174203748000358,0.0001219925586052273,0.09283959796123156,0.236651901339002,0.007968169649176874,0.5178579815301222,537,0,0,0,4,59,173
Legumes based dishes,1.0296194171811581,3.463053737579787,0.23364818395929526,3.742420221041966,1.4423370734312138,4.893137931917033,5.77384144432515,0.06230388333615485,0.1527210870176639,1.1584522890241267,0.00997861899619482,0.00012999155073226197,0.13165463261166244,0.6973383851784134,0.004987541511039074,0.7197195583851421,538,0,0,0,4,22,51
Lemons,0.18232155679395465,3.0746754758941104,0.05245690284685191,2.5845364907368413,0.24047814953622082,2.9368917735310576,5.071595993885943,0.018821754240587758,0.04824579834216226,0.2768738737351776,0.0007830266879043859,0.0,0.061766826395211846,0.4749911707567746,0.0,0.09140646632385152,539,0,0,0,8,33,29
Lentil sprouts,0.08617769624105233,1.9459101490553132,0.1988508587451652,2.772588722239781,0.9439058989071284,4.48863636973214,4.74493212836325,0.11332868530700317,0.09531017980432487,0.712949807856125,0.0,0.0,0.1397619423751587,0.08617769624105233,0.004987541511039074,0.636576829071551,540,0,0,0,19,38,185
"Lentil sprouts, PROCESS Steaming",0.0,3.288401887516811,0.1518623493092461,3.091042453358316,0.8628899551470397,4.61512051684126,5.0106352940962555,0.11689375147149933,0.08065790301745447,0.6471032420585384,0.0,0.0,0.08434114843375087,0.0,0.032467190137501496,0.3435897043900769,540,18,0,0,19,38,185
Lentils (dry),0.37156355643248307,4.169981976427721,0.6261309257071586,4.626372393638694,1.9383099117107438,5.869296913133774,6.5245058508019955,0.1925075977248198,0.3387146185617395,2.1550789558854557,0.010692629538743198,0.0,0.42946061366438004,0.5910037068912417,0.02176149178151269,1.464114821209521,542,0,0,0,12,39,154
"Lentils (dry), PROCESS Cooking in water",0.31481073984003355,3.2646683031847163,0.24607852259670565,3.6686767467964168,1.069526707773013,5.009682459340984,5.887531583441341,0.062438102516277155,0.11485812735890134,1.3845070505457948,0.003394233068015548,0.0,0.17299246150543623,0.20506104376344403,0.008506573436676683,0.836133731955223,542,11,0,0,12,39,154
"Lentils (dry), PROCESS Steaming",0.31481073984003355,3.2646683031847163,0.24607852259670565,3.6686767467964168,1.069526707773013,5.009682459340984,5.887531583441341,0.062438102516277155,0.11485812735890134,1.3845070505457948,0.003394233068015548,0.0,0.17299246150543623,0.20506104376344403,0.008506573436676683,0.836133731955223,542,18,0,0,12,39,154
Lentils (without pods),0.0,4.22683374526818,0.5801184502619402,4.774912960575186,1.9383099117107438,5.999556717005318,6.5245058508019955,0.2179299842613223,0.3729419164026044,2.1546649629174235,0.01044525786153865,0.0,0.4542552722775964,0.76220671649144,0.02176149178151269,1.484384763430538,543,0,0,0,12,39,97
"Lentils (without pods), PROCESS Cooking in water",0.3428802329165432,3.207381445442466,0.2225719594152521,3.8192809537295314,1.0392160787114533,4.8924950517920305,5.581345770318471,0.06632264293107258,0.09010183469718663,1.2321436812926323,0.009101314246345586,0.0,0.1518623493092461,0.34924742810993575,0.007968169649176874,0.870097193551989,543,11,0,0,12,39,97
"Lentils (without pods), PROCESS Steaming",0.34924742810993575,3.2131451501592156,0.21026092548319605,3.868220382769753,1.0392160787114533,4.8924950517920305,5.551297074148004,0.06498485008941263,0.08223809823697209,1.1720397572229269,0.003992021269537453,0.0,0.1518623493092461,0.34924742810993575,0.007968169649176874,0.8726075050728677,543,18,0,0,12,39,97
"Lentils, fresh",0.76220671649144,4.276666119016055,0.5889764330377079,4.824879274853666,1.9383099117107438,5.977800184913924,6.5245058508019955,0.23224486556055537,0.3435897043900769,2.1550789558854557,0.03536714383729131,0.0,0.4722332845730047,0.76220671649144,0.02176149178151269,1.5419235392663886,541,120,0,0,19,38,98
"Lentils, fresh, PROCESS Baking",0.4382549309311553,3.6109179126442243,0.03536714383729131,2.4336133554004498,0.7514160886839212,3.4011973816621555,5.552959584921617,0.03149866705937099,0.11332868530700317,0.05414721807044643,9.999500033330834e-05,0.0,0.10705907229340779,0.4382549309311553,0.014888612493750654,0.1484200051182733,541,120,4,0,19,38,98
"Lentils, fresh, PROCESS Cooking in water",0.34924742810993575,3.2211589308827695,0.23980399220731702,3.673765816303888,1.0565494452481043,4.976733742420574,5.819234753880818,0.0639133257436528,0.12019282818534208,1.3060135298590878,0.002796087302001274,0.0,0.16430305129127631,0.20506104376344403,0.007968169649176874,0.8382365220181969,541,120,5,0,19,38,98
"Lentils, fresh, PROCESS Steaming",0.34924742810993575,3.2211589308827695,0.23980399220731702,3.673765816303888,1.0565494452481043,4.976733742420574,5.819234753880818,0.0639133257436528,0.12019282818534208,1.3060135298590878,0.002796087302001274,0.0,0.16430305129127631,0.20506104376344403,0.007968169649176874,0.8382365220181969,541,120,8,0,19,38,98
Lettuces (generic),0.4700036292457356,3.615412302232064,0.040661981718889635,2.512305623976115,0.9249200585722095,3.5015453554964373,5.584748657098165,0.06172205862799676,0.0577970987262167,0.4935777303564373,0.0005198648468510618,0.0,0.06500716130861013,0.3586529863223601,0.042101176018635396,0.25567527631669446,544,0,0,0,19,37,99
Lima beans (without pods),0.4054651081081644,4.242353974027276,0.3032741672116171,4.28260085453587,1.6568666060052113,4.869729841019018,6.445039315786674,0.11587645738580186,0.284104251103897,1.2445662012911896,0.0,0.0,0.23111172096338664,0.5607579925141997,0.0,0.7687845947655653,545,0,0,0,12,39,97
"Lima beans (without pods), PROCESS Cooking in water",0.4382549309311553,3.9810158769150976,0.18232155679395462,3.316780039849572,0.9522092956316771,4.176582660459073,5.472870733695481,0.08879549878313117,0.19709287411426715,0.7978288944554038,0.0,0.0,0.13665151996076624,0.39877611995736784,0.0,0.47267861969503855,545,11,0,0,12,39,97
"Lima beans (without pods), PROCESS Steaming",0.4382549309311553,3.9810158769150976,0.18232155679395462,3.316780039849572,0.9522092956316771,4.176582660459073,5.472870733695481,0.08879549878313117,0.19709287411426715,0.7978288944554038,0.0,0.0,0.13665151996076624,0.39877611995736784,0.0,0.47267861969503855,545,18,0,0,12,39,97
Lime pickle,0.0,4.795790545596741,0.18232155679395465,4.394449154672439,0.5877866649021191,1.6094379124341003,5.484796933490655,0.05826890812397577,0.09531017980432487,1.916922612182061,0.0,0.0,0.0,0.0,0.0,0.262364264467491,546,0,0,0,16,18,28
Limes,0.2151113796169455,3.391627930646005,0.05826890812397577,2.4423470353692043,0.28539374193376865,2.8903717578961645,4.852030263919617,0.020502662326517422,0.03274373881183038,0.2873248658039392,0.00026663111743083483,0.0,0.07271925322776521,0.23586232372198446,0.002995508979798479,0.09401063446223931,547,0,0,0,8,33,29
Lingonberries,0.9360933591703349,2.816263785742443,0.10178269430994231,2.097141118779237,0.40727299670182376,2.553899521274952,4.435905868350785,0.02844861617137019,0.028004196409597365,0.4788925766629816,0.0008496389545779205,0.0,0.027615167032973367,0.6749832099322742,0.0,0.17874373544607067,548,0,0,0,8,33,7
Linseed oil,1.791759469228055,1.3873652161213836,0.0,0.7592469822644691,0.0,1.6094379124341003,2.1972245773362196,0.0,0.0,0.05414721807044643,0.0,0.0,0.0,1.7847852054907187,0.021370025736192483,0.019900661706336177,549,0,0,0,2,67,166
Linseeds,0.4054651081081644,5.4305979772709065,0.6261309257071586,4.9185200051884514,2.268732801188821,6.154615419744767,6.5245058508019955,0.32518427684736156,0.37717340751605727,2.057962510002712,0.002397124599721494,0.0,0.3074846997479606,0.5306282510621704,0.003992021269537453,1.727842976812722,550,0,0,0,12,49,127
Liquid drink bases (including concentrates and home-made preparations),0.1501426584297195,2.762117422372486,0.030113433426033946,1.9661128563728327,0.1484200051182733,2.662587827025453,4.4274096405217,0.002995508979798479,0.05826890812397577,0.9994056385846617,0.0,0.0,0.03149866705937099,0.1501426584297195,0.001998002662673056,0.037295784743696894,551,0,0,0,20,8,55
Liquorice candies,0.0,4.5202345751823065,0.14726991873503592,3.6805112044434196,0.6836017677164139,3.587479339672207,5.7452899484675495,0.016857117066422903,0.04783732941416013,1.5388314949837723,0.0009995003330835331,0.0,0.01587334915629015,0.06765864847381481,0.0,0.3319723312983605,552,0,0,0,18,19,189
"Liquorice candies, QUAL Sugar free",0.0,4.890349128221754,0.10436001532424277,3.58351893845611,0.0,3.1354942159291497,5.752572638825633,0.0,0.0,1.5040773967762742,0.0009995003330835331,0.0,0.0,0.0,0.0,0.2546422183735807,552,27,0,0,18,19,189
Liquorice roots,0.0,4.71722254693549,0.1915644238751321,4.86533422954598,1.6378865286054705,5.128206667142049,6.5245058508019955,0.13627761829254784,0.09205814441794755,0.4700036292457356,0.0,0.0,0.1484200051182733,0.0,0.0,1.2896261167059946,553,0,0,0,12,60,182
Litchis,0.4054651081081644,1.8926815782869497,0.15773608132134,2.8581108956779433,0.7454685177589248,3.7592047708346663,5.403963555683023,0.07497494316449892,0.04707440738592883,0.5522417274827077,0.0005998200719676155,0.0,0.045383005847817695,0.4824261492442926,0.0,0.16430305129127631,554,0,0,0,8,33,116
Liver based spreadable-textured specialities,0.0,2.667228206581955,0.3153945110183167,2.760009940032921,2.0252757044360536,5.387243575742438,5.256453162449338,0.41314979086671205,0.16771540440459246,1.816647184735834,0.01893950981939437,0.00789872279335536,0.21688400114306558,0.37528077693084905,0.009950330853168083,1.3104926477036087,555,0,0,0,13,57,109
Liver cheese,0.23665190133900202,1.9459101490553132,0.17934092865581683,2.929287174145838,1.9787328877289352,5.237960566007139,5.675774849669297,0.29798594759005276,0.06632264293107258,1.4384801142904609,0.02176149178151269,0.004088772422801303,0.2381166078145972,0.418841905149803,0.008959741371471902,1.1132662970552123,556,0,0,0,13,57,109
Liver-type sausage,0.262364264467491,3.3270894095084333,0.3969143687982307,2.8998505018507084,2.0702926752824964,5.213537264645449,5.190891226893648,0.41314979086671205,0.2513144282809061,1.867396883433675,0.02950332220047494,0.008464078412129412,0.26609356570749393,0.2776317365982795,0.0,1.3308571542286651,557,0,0,0,13,57,38
"Liver-type sausage, QUAL Low fat (naturally or reduced)",0.262364264467491,2.887192104978785,0.5379626331423895,3.258096538021482,2.556839639333308,5.638862928556885,5.80951434992294,0.41314979086671205,0.3415613061286842,2.1550789558854557,0.01950846638804296,0.008464078412129412,0.4054651081081644,0.2993635772256188,0.004987541511039074,1.727842976812722,557,23,0,0,13,57,38
"Lobster, european",0.9162907318741551,4.03044076024262,0.6261309257071586,3.2525868822105126,1.8859868118935479,5.313205979041787,5.41610040220442,0.08144831275429727,0.10885440491208209,0.5136786927483972,0.03536714383729131,0.0017270791683843237,0.4722332845730047,0.9066443548223496,0.0,1.256836293883004,558,106,0,0,6,20,104
"Lobster, european, PROCESS Baking",1.0195690813276568,4.31748811353631,0.588342066193819,3.295836866004329,1.597567739863613,5.541263545158426,5.420534999272286,0.09075436326846414,0.0995867365715851,0.7050757514252192,0.0,0.0010993954433009636,0.4722332845730047,1.0195690813276568,0.0,1.074319596099065,558,106,4,0,6,20,104
"Lobster, european, PROCESS Cooking in water",1.0296194171811581,4.18792163933959,0.6261309257071586,3.475067230228611,1.8635484280170078,5.426207879282473,5.475626381518447,0.05191452995220022,0.09270939810426747,0.5633638571809814,0.03536714383729131,0.0012706209905708889,0.21798742416483907,1.0238169008111633,0.0,1.3352266052064006,558,106,5,0,6,20,104
"Lobster, european, PROCESS Frying",1.0195690813276568,4.31748811353631,0.588342066193819,3.295836866004329,1.597567739863613,5.541263545158426,5.420534999272286,0.09075436326846414,0.0995867365715851,0.7050757514252192,0.0,0.0010993954433009636,0.4722332845730047,1.0195690813276568,0.0,1.074319596099065,558,106,6,0,6,20,104
"Lobster, european, PROCESS Steaming",1.0296194171811581,4.143134726391533,0.6261309257071586,3.408787550928831,1.8468337020889116,5.362632648483877,5.547184357852464,0.06885952926393903,0.09270939810426747,0.5627130273500031,0.03536714383729131,0.0013847550697041033,0.38380361132698504,0.9256071985115039,0.0,1.2591912423910476,558,106,8,0,6,20,104
"Lobster, norway",0.9162907318741551,3.8918202981106265,0.5306282510621704,4.22683374526818,1.8976198599275322,4.976733742420574,5.365976015021851,0.009950330853168083,0.12221763272424921,1.0986122886681098,0.03536714383729131,0.0008995952428360929,0.19062035960864973,0.9162907318741551,0.0,1.7227665977411035,558,180,0,0,6,20,104
"Lobster, norway, PROCESS Cooking in water",0.0,4.110873864173311,0.6261309257071586,3.5553480614894135,1.0986122886681098,5.303304908059076,5.5254529391317835,0.09531017980432487,0.1397619423751587,0.6931471805599453,0.03536714383729131,0.001998002662673056,0.06765864847381481,0.9162907318741551,0.0,1.252762968495368,558,180,5,0,6,20,104
"Lobster, norway, PROCESS Steaming",0.0,4.110873864173311,0.6261309257071586,3.5553480614894135,1.0986122886681098,5.303304908059076,5.5254529391317835,0.09531017980432487,0.1397619423751587,0.6931471805599453,0.03536714383729131,0.001998002662673056,0.06765864847381481,0.9162907318741551,0.0,1.252762968495368,558,180,8,0,6,20,104
"Lobsters (including lobster meat), cooked-deprecated",1.1631508098056809,4.291241913801773,0.6261309257071586,3.648801230546526,1.850163139160738,5.338224657139891,5.188183572137553,0.04374343723350083,0.07431203296455141,0.6110070367089592,0.035351056191798326,0.0011279350705753685,0.24964637118020908,1.0238169008111633,0.0,1.1643108509833757,559,87,0,0,6,20,104
Loganberries,0.3920420877760237,3.678107357132025,0.12726177961092724,3.247046701834897,0.49626295814578586,3.2245738459828384,5.522603122441024,0.033711057342311695,0.02259983191724094,0.8513711857748394,0.0,0.0,0.054217585904797104,0.6227247162633995,0.0,0.2513144282809061,560,0,0,0,8,33,7
Loquats,0.4054651081081644,2.9667447366807385,0.039220713153281295,2.472930458741285,0.29458675162531067,3.0647251450409425,5.518026455413612,0.033296606828677335,0.02399550555621569,0.2830284037704338,0.0008853222722738525,0.0,0.05556985115481077,0.504405055963068,0.0,0.09531017980432485,561,0,0,0,8,33,143
Lovage leaves,0.6931471805599453,5.017279836814924,0.11332868530700317,3.4339872044851463,1.0532661869012327,3.9318256327243257,5.993961427306569,0.1397619423751587,0.07696104113612832,1.0986122886681098,0.0,0.0,0.048790164169432,0.6931471805599453,0.0,0.7884573603642702,562,0,0,0,19,6,3
Low-malt beers,0.0,1.3873652161213836,0.039220713153281295,2.3978952727983707,0.6951451832226183,3.258096538021482,3.9318256327243257,0.0295588022415444,0.003992021269537453,0.05414721807044643,0.0,0.0,0.048790164169432,0.0,0.0,0.019900661706336177,563,0,0,0,1,7,6
Luncheon spiced ham-type tinned meat,0.3646431135879093,2.7182833773822392,0.08210651063233454,2.885598479143507,1.9414307437273366,5.228048170701481,5.434968886508803,0.14372921760096863,0.37717340751605727,0.7741344968952648,0.007826436249464021,0.0009481218189959453,0.2393543013621897,0.20489811097285957,0.013902905168991422,0.9567195062363535,564,0,0,0,13,55,20
Macadamias,0.0,4.183575695950044,0.48476908144620895,4.751864565138895,1.54556050604534,5.288267030694535,5.807541708947054,0.1011115013684114,0.37717340751605727,1.1687600485701914,0.006697521447721262,0.0,0.257583624627748,0.704779264789653,0.0,0.7966058889281753,565,0,0,0,12,49,195
Macaroons,1.791759469228055,3.8688172195526147,0.2906419733342943,4.142681108783392,1.3069805544001651,4.6520537718869415,5.656990313149442,0.41314979086671205,0.03671758293516277,0.9086041225831402,0.0017943891204713607,0.00011999280057594816,0.06069184644756499,1.7847852054907187,0.017446913603720644,0.5760514086836982,566,0,0,0,10,26,201
Mace aril,0.0,5.493061443340548,0.6261309257071586,4.9185200051884514,1.3394647737630927,4.834011758416938,6.10351690805538,0.3323822513696878,0.27437970121190214,2.1550789558854557,0.0,0.0,0.0,0.0,0.0,1.1939224684724346,567,0,0,0,12,60,178
Mackerel,0.832909122935104,2.8581108956779433,0.16769124427122734,3.2690256085536724,2.5393497402602208,5.514004617185791,5.805565168966144,0.2862524796421865,0.12221763272424921,0.6822306688185948,0.02864298772709342,0.008152393041817382,0.4655293488508145,0.7400307664587957,0.001998002662673056,0.4463328158692677,568,0,0,0,6,27,107
Mackerel and mackerel-like fishes-deprecated,0.6652619770704097,2.833213344056216,0.16938104551821984,3.3011139231051727,2.5682406385456096,5.460800581122327,5.857524907896854,0.2873248658039392,0.12095261041766252,0.7123894267823403,0.027587373428280014,0.008180732090194034,0.4492541252318255,0.7400307664587957,0.001998002662673056,0.48392414485419594,569,0,0,0,6,27,107
"Mackerel and mackerel-like fishes-deprecated, PROCESS Baking",0.8691991243403046,2.6888188391743224,0.10242764757318884,3.9205579078779835,2.606231553765013,5.552959584921617,5.938666361541011,0.3178301601151652,0.13190507087993858,0.8148589963791257,0.03536714383729131,0.006141104756763053,0.4162637353503899,0.7424134218628634,0.001998002662673056,0.5496066798447025,569,9,0,0,6,27,107
"Mackerel and mackerel-like fishes-deprecated, PROCESS Cooking in water",0.08617769624105233,2.7814776696570274,0.11013481481812662,3.396424102909498,2.5900171341906173,5.499507407646374,5.9138890315067965,0.27144379957607184,0.10126643203724714,0.7436365804823372,0.03536714383729131,0.007472014838700995,0.4091725128964864,0.7049769323135225,0.001998002662673056,0.681146892837365,569,11,0,0,6,27,107
"Mackerel and mackerel-like fishes-deprecated, PROCESS Frying",0.8691991243403046,2.7269186854065928,0.11930568536054055,3.396424102909498,2.606231553765013,5.471069472325841,5.821353847701994,0.30063355305510747,0.11447598608936334,0.717979156261127,0.03536714383729131,0.008464078412129412,0.4367791881803938,0.9046229270064731,0.001998002662673056,0.6965698878374476,569,14,0,0,6,27,107
"Mackerel and mackerel-like fishes-deprecated, PROCESS Steaming",0.8641549774536265,2.6692103677859462,0.11013481481812662,3.4612616224048054,2.5900171341906173,5.544060749779487,5.954726463962691,0.3184537311185346,0.11714791337399856,0.7537718023763802,0.03536714383729131,0.00846407841212941,0.4722332845730047,0.7049769323135225,0.001998002662673056,0.49251616685014554,569,18,0,0,6,27,107
"Mackerel, PROCESS Baking",0.0,2.681021528714291,0.09476457644442295,4.050044303325521,2.606231553765013,5.546738725046515,5.933835434271345,0.3146647437816678,0.1381954987513994,0.8280276627537634,0.03536714383729131,0.0038592103257204797,0.3944715666332987,0.7424134218628634,0.001998002662673056,0.5761638250741262,568,9,0,0,6,27,107
"Mackerel, PROCESS Cooking in water",0.8641549774536265,2.6692103677859462,0.11013481481812662,3.4612616224048054,2.5900171341906173,5.544060749779487,5.954726463962691,0.3184537311185346,0.11714791337399856,0.7537718023763802,0.03536714383729131,0.00846407841212941,0.4722332845730047,0.7049769323135225,0.001998002662673056,0.49251616685014554,568,11,0,0,6,27,107
"Mackerel, PROCESS Frying",0.8691991243403046,2.7269186854065928,0.11930568536054055,3.396424102909498,2.606231553765013,5.471069472325841,5.821353847701994,0.30063355305510747,0.11447598608936334,0.717979156261127,0.03536714383729131,0.008464078412129412,0.4367791881803938,0.9046229270064731,0.001998002662673056,0.6965698878374476,568,14,0,0,6,27,107
"Mackerel, PROCESS Steaming",0.8641549774536265,2.6692103677859462,0.11013481481812662,3.4612616224048054,2.5900171341906173,5.544060749779487,5.954726463962691,0.3184537311185346,0.11714791337399856,0.7537718023763802,0.03536714383729131,0.00846407841212941,0.4722332845730047,0.7049769323135225,0.001998002662673056,0.49251616685014554,568,18,0,0,6,27,107
Madeira,0.0,1.843719208158766,0.07801868269426386,2.400489307975417,0.08223809823697209,2.341805806147327,4.550864841130549,0.009950330853168083,0.0,0.3666252747919005,9.999500033330834e-05,0.0,0.009950330853168083,0.0,0.0,0.1691398200918903,570,0,0,0,1,45,69
Main-crop potatoes,0.0,2.174751721484161,0.10399959001848477,3.1441522786722644,1.0905801169708453,3.775057150354989,6.062388885444681,0.022543964434894505,0.11082555508888464,0.504405055963068,0.0009995003330835331,0.0,0.22025939613434678,0.054298773407378806,0.001998002662673056,0.43902882494630496,571,0,0,0,17,62,196
"Main-crop potatoes, PROCESS Baking",0.09531017980432487,2.1953179990656375,0.08646599019804901,3.1077846345013893,1.1151415906193203,3.8747660770723873,6.1070228877422545,0.024134965845124517,0.14410034397375684,0.4592315322638244,0.000633132862416588,0.0,0.18683516464683364,0.0548669014408401,0.001998002662673056,0.2734020247449109,571,9,0,0,17,62,196
"Main-crop potatoes, PROCESS Cooking in water",0.09531017980432487,2.094857812263395,0.08670180526772468,2.995732273553991,0.9471247262603351,3.7308436532129683,5.93791306583684,0.020642610545904747,0.11269072675267083,0.4613051930168153,0.000633132862416588,0.0,0.1974447183681754,0.05883478572089257,0.001998002662673056,0.24663683872979503,571,11,0,0,17,62,196
"Main-crop potatoes, PROCESS Steaming",0.09531017980432487,2.0650528042277365,0.10770063259000108,3.1416861861770706,1.0683985100716131,3.767822656454056,6.065113230131128,0.016716638032687626,0.11154137473290741,0.4165463409761227,0.0011593277198464265,0.0,0.1824405973273968,0.05713619137080916,0.001998002662673056,0.3647423150164911,571,18,0,0,17,62,196
Maize flour,0.18232155679395465,2.512305623976115,0.1547219451955504,3.6463198396951406,1.233919880693888,4.942832190744893,5.121977881431629,0.08157998699242289,0.21645456316341313,1.1314021114911006,0.004788516731797178,0.0,0.07076907088820725,0.7466879474879752,0.0,1.0296194171811581,572,0,0,0,10,14,22
"Maize oil, edible",1.791759469228055,2.772588722239781,0.029558802241544405,0.7592469822644691,0.0,1.6094379124341003,2.1972245773362196,0.0,0.0,0.09531017980432487,0.0,0.0,0.0,1.7847852054907187,0.002721293918687715,0.019900661706336177,573,102,0,0,2,67,166
Maize semolina,0.41871033485818504,1.6094379124341003,0.07232066157962612,3.044522437723423,1.183872132618933,4.30406509320417,4.394449154672439,0.039220713153281295,0.12221763272424921,0.6931471805599453,0.0,0.0,0.1397619423751587,0.41871033485818504,0.0,0.3435897043900769,574,0,0,0,10,14,24
"Maize semolina, PROCESS Baking",0.4485245975686113,1.3873652161213836,0.08617769624105233,3.5553480614894135,0.6075892921982987,4.343805421853684,4.406719247264253,0.05259245011917058,0.04974209189481407,0.4485245975686113,0.0,0.0,0.0657877405380031,0.4485245975686113,0.014888612493750654,0.4252677354043441,574,9,0,0,10,14,24
"Maize semolina, PROCESS Cooking in water",0.4485245975686113,1.3873652161213836,0.08617769624105233,3.5553480614894135,0.6514319300624752,4.187487893941335,4.319391063682397,0.05259245011917058,0.1097508639591192,0.5359919917123882,0.0,0.0,0.07232066157962612,0.4485245975686113,0.014888612493750654,0.41682886675847947,574,11,0,0,10,14,24
"Maize semolina, PROCESS Steaming",0.4485245975686113,1.3873652161213836,0.08617769624105233,3.5553480614894135,0.6514319300624752,4.187487893941335,4.319391063682397,0.05259245011917058,0.1097508639591192,0.5359919917123882,0.0,0.0,0.07232066157962612,0.4485245975686113,0.014888612493750654,0.41682886675847947,574,18,0,0,10,14,24
Maize starch,0.0,2.6288008294480694,0.048790164169432,1.2729656758128876,0.09153683592184596,3.2851984677992734,2.1972245773362196,0.007968169649176874,0.0,0.547295303547382,0.0,0.0,0.004987541511039074,0.0,0.0,0.3920420877760237,575,0,0,0,10,14,24
Mallard fresh meat,0.1397619423751587,2.005333569526114,0.2715526905218973,3.044522437723423,2.0939606277790386,5.182585796624723,5.578111266150811,0.22314355131420976,0.2894661942452823,1.5135561407308178,0.0,0.002995508979798479,0.40069182935550673,0.1397619423751587,0.0,0.5709795465857379,576,0,0,0,13,3,79
"Mallard fresh meat, PROCESS Baking",0.0,3.091042453358316,0.2577381960787088,3.295836866004329,2.30338477316461,5.493061443340548,5.834810737062605,0.2295231582782488,0.24607852259670565,1.5501124463492855,0.0,0.00029995500899797546,0.2677344346420849,0.0,0.0009995003330835331,1.2903339699739793,576,9,0,0,13,3,79
"Mallard fresh meat, PROCESS Cooking in water",0.0,2.772588722239781,0.1380212978973747,2.995732273553991,2.016501741905962,5.14166355650266,5.093750200806762,0.20863886511132804,0.13627761829254784,1.2985554468118838,0.0,0.00019998000266626675,0.21672298351128702,0.0,0.0009995003330835331,1.1771153501560534,576,11,0,0,13,3,79
"Mallard fresh meat, PROCESS Steaming",0.0,2.772588722239781,0.1380212978973747,2.995732273553991,2.016501741905962,5.14166355650266,5.093750200806762,0.20863886511132804,0.13627761829254784,1.2985554468118838,0.0,0.00019998000266626675,0.21672298351128702,0.0,0.0009995003330835331,1.1771153501560534,576,18,0,0,13,3,79
Malt coffee infusion,0.019802627296179712,1.6094379124341003,0.009950330853168083,1.791759469228055,0.2546422183735807,2.3978952727983707,3.7376696182833684,0.0,0.009950330853168083,0.09531017980432487,0.0010993954433009636,0.0,0.009950330853168083,0.019802627296179712,0.0,0.019900661706336177,577,0,0,0,3,16,33
Malt extract,0.0,3.4657359027997265,0.0,0.7592469822644691,0.0,1.6094379124341003,6.089044875446846,0.0,0.0,0.05414721807044643,0.0,0.0,0.0,0.0,0.0,0.019900661706336177,578,0,0,0,16,58,58
Mandarins,0.262364264467491,3.423331555829422,0.04360668509653558,2.426066149765067,0.3466246080852309,2.929287174145838,5.058971840657547,0.039220713153281295,0.06899287148695145,0.20002113389335557,0.0009295678179321261,0.0,0.06028843085680509,0.3393253056036194,0.0029955089797984794,0.20480499460060614,579,0,0,0,8,33,29
Mandarins and similar-,0.23901690047049992,3.299533727885655,0.04360668509653558,2.426066149765067,0.2803337106820098,2.8903717578961645,5.019170196546093,0.036469679781391415,0.07165598890643515,0.20002113389335557,0.0010194801534656127,0.0,0.05759482653458211,0.3393253056036194,0.002995508979798479,0.20480499460060614,580,0,0,0,8,33,29
Mango chutney,0.0,2.7343675094195836,0.06203539091945264,2.9014215940827497,0.7218318144198542,2.9856819377004897,4.707726774313183,0.017643435172595243,0.026641930946421175,0.6043159668533296,0.0,0.0,0.07417939817425151,0.27231459532065916,0.0,0.1292723357041392,581,0,0,0,16,18,28
Mango pickle,0.0,4.07753744390572,0.33647223662121295,4.02535169073515,0.6418538861723948,1.6094379124341003,5.14166355650266,0.06765864847381481,0.05826890812397577,2.1550789558854557,0.0,0.0,0.0,0.0,0.0,0.262364264467491,582,0,0,0,16,18,28
Mangoes,1.0296194171811581,2.4849066497880004,0.07643180058394981,2.5427262206768266,0.8008478131499465,2.6079667425452273,5.151638701559479,0.04933423382376695,0.04251199423735404,0.2902145772384626,0.0013134227968136466,0.0,0.11128578367720292,0.7236763855947682,0.0,0.08305355513528564,583,0,0,0,8,33,116
"Marine shrimps or prawns, cooked-deprecated",0.9162907318741551,4.691871991255816,0.4518942105196663,3.655470391982807,2.067531613497929,5.4084521813661635,5.035095591666416,0.08434114843375087,0.025110643670102222,0.9701293555894293,0.019116117192230053,0.0023971245997214934,0.08486622064324159,1.638025369286013,0.0,0.9976863700781492,584,87,0,0,6,20,104
"Marmalade, oranges",0.1397619423751587,3.225141866446847,0.04139782869592862,1.38211898970941,0.12549922092725838,1.9540402751385635,3.756871825267304,0.011928570865273803,0.01324522675002064,0.3010565201757202,0.0005798318650090552,0.0,0.018232768261059712,0.2640935376431639,0.0,0.06812582904760042,585,187,0,0,8,53,77
"Marmalade, oranges, SWEET Fructose",0.0,2.924696500437239,0.027615167032973367,1.9042374526547452,0.22622451455466727,2.4717249130859362,4.161112738686941,0.0209224482418683,0.026363689430992262,0.33647223662121295,0.0003999200213269354,0.0,0.023437469827448768,0.04783732941416013,0.0,0.10821358464023276,585,187,16,0,8,53,77
Marzipan,1.791759469228055,4.472454786880898,0.25215851638273423,4.739950798013046,1.365362525078855,5.392977984783566,5.512852543325646,0.2898939102483812,0.08250122151174369,0.9932517730102833,0.0016415091292551255,4.9998750041665106e-05,0.03990729059185485,1.7847852054907187,0.0,0.8421827597204332,586,0,0,0,18,19,189
Marzipan pie,1.791759469228055,4.181395620964082,0.19262543193222653,3.8622323409251305,1.1890186896869666,4.67815507874458,5.319519574198639,0.15419149532082532,0.07801868269426386,0.8782624503487536,0.0015673425053428986,0.0001879823302145784,0.07378138821874865,1.7847852054907187,0.0036504717700026413,0.5844477636366043,587,0,0,0,10,26,167
Marzipan raw mass,1.791759469228055,4.246452340419559,0.406797553341943,4.8924950517920305,1.7316555451583497,5.43372200355424,5.943923602338982,0.18232155679395462,0.11103012727800907,1.0564004398588003,0.0017128180036747604,0.00012499218815098065,0.03412533615787569,1.7847852054907187,0.0,0.9425709337517015,588,0,0,0,18,19,189
Mascarpone,0.7275486072772778,4.550864841130549,0.09531017980432487,2.3978952727983707,0.8197798314933114,4.584967478670572,4.549355406881695,0.21280457351903048,0.021202207650602982,0.12851885080097833,0.001998002662673056,0.00029995500899797546,0.03232888711536001,0.7139297197424739,0.0,0.33647223662121295,589,0,0,0,14,15,72
Mashed potato powder,0.18232155679395465,4.203412482668249,0.24388691245210944,4.382026634673881,2.155410026903213,5.6600793495353265,6.5245058508019955,0.19650619178591106,0.13353139262452263,1.2153365629762511,0.0027248556352213846,0.0,0.4722332845730047,0.2561914053604101,0.0,0.7571275102233525,590,0,0,0,17,61,151
Mashed vegetable puree,0.048790164169432,3.5496173867804286,0.2513144282809061,3.230239583518516,0.964264236137031,3.9374122394329656,6.413224737702649,0.04415358147330596,0.06803241039182695,0.43178241642553783,0.00034993876428791605,0.0,0.10526051065749295,1.4915548717773834,0.0,0.3116775780079966,591,0,0,0,19,69,152
Matured charcuterie products for cooking,0.2986220124901153,2.833213344056216,0.0880108773227133,3.295836866004329,2.059876386184996,4.983606621708336,5.746203190540153,0.1806534996932576,0.37717340751605727,0.6637183698691331,0.0,0.0014988761237358919,0.3485419607085434,0.2986220124901153,0.009950330853168083,1.122979645116404,592,0,0,0,13,57,56
Matzo,0.0,3.420065865966538,0.1484200051182733,3.077970371790963,1.4418642122747014,4.649870364905998,5.107675578138363,0.033711057342311695,0.11205236094739844,0.9444616088408514,0.0,0.0,0.06230388333615484,0.0,0.0,0.5306282510621704,593,0,0,0,10,10,199
Mayonnaise sauce,1.791759469228055,2.5572273113676265,0.021202207650602982,2.0281482472922856,0.34672561308506433,3.793882763123921,3.371228971733311,0.04059339696525348,0.021202207650602982,0.3666252747919005,0.004816951268387233,0.0007963494962193476,0.015310761237091594,1.7847852054907187,0.042101176018635396,0.22542665732877834,595,0,0,0,16,18,190
"Mayonnaise, low fat",1.423108334242607,3.050220458838061,0.0136661907638146,1.3862943611198906,0.10616019582839065,3.358289880650879,3.3063632789913164,0.02761516703297337,0.014888612493750654,0.20585205420414876,0.004418794161710975,0.00039992002132693534,0.016857117066422903,1.7847852054907187,0.042101176018635396,0.1397619423751587,594,161,0,0,16,18,190
Meat and vegetable soup,0.09531017980432487,2.797281334830153,0.07277238677895859,2.817971728087599,1.0308431579008748,4.184881463273768,5.014058001373758,0.04892620933663727,0.09049340293295396,0.5556077665378839,0.003792798238696237,0.00023711474322009971,0.07563741420562005,0.22585985880843804,0.005982071677547464,0.5094818641824908,596,0,0,0,4,59,173
Meat balls,0.8109302162163288,3.4125611403124707,0.09582952544051113,3.171484681612476,2.2644084060842244,5.070789216916003,5.863509414938815,0.17407334793745888,0.178146185383474,1.08422355121601,0.008619884674439913,0.0014403907104805483,0.2442898133439416,0.9470139045169956,0.013902905168991422,1.378010141532193,597,0,0,0,4,22,51
Meat based spreadable-textured specialities,0.29565024210095775,2.6790626642289577,0.09919871354401728,3.0975149678639333,1.8754876847587674,4.968820743663249,5.604751094050022,0.15944277440902355,0.37717340751605727,1.1035998301791488,0.0,0.0017841217935013985,0.2765488994594475,0.3381850546248877,0.012916225266546327,1.1924061679544704,598,0,0,0,13,57,109
Meat burger (no sandwich),0.9162907318741551,3.1828044331065435,0.10214391938288994,3.1992560379985484,2.30189914349876,5.229273473351337,5.796405063437093,0.18505591027791335,0.16950163641375338,1.1304800275161322,0.013198233164636393,0.0020293680105244634,0.2584003746703919,0.504405055963068,0.013902905168991422,1.6187373950392696,599,0,0,0,4,22,51
Meat extract,1.1537315878891892,4.634728988229636,0.4446858212614457,3.9150185144079446,2.606231553765013,6.133398042996649,6.461468176353717,0.20511534879481855,0.37717340751605727,1.2068258733083423,0.027225986253591464,0.0027462256680251982,0.2986220124901153,0.48088174739291856,0.0,0.545227050483323,600,0,0,0,16,58,58
Meat in aspic,0.07325046173959267,3.4339872044851463,0.08250122151174369,3.002849741322855,1.7100069673557958,5.135798437050262,5.627621113690637,0.16381808522939498,0.0916671885258238,1.157509929915595,0.0,0.0005998200719676155,0.29565024210095775,0.07325046173959267,0.0,1.1814203998554245,601,0,0,0,4,22,51
Meat loaf,0.7419373447293773,3.4531571205928664,0.1072686939271279,3.0742353350419345,1.9852224331074269,5.076318992601184,5.529495222890568,0.1472699187350359,0.17898265552843998,1.1350513588595141,0.023716526617316047,0.0016320008951242965,0.1830157602234304,0.32005245248223163,0.007968169649176874,1.2802854871750995,602,0,0,0,4,22,51
"Meat loaf with cheese, vegetables or other",0.5306282510621704,3.299006440765608,0.0725598356330391,2.9076813954312564,1.5832992548244056,4.6610102708967425,5.3959624806081505,0.12977434374681035,0.11460338273900376,0.8307328435125085,0.0177416814761571,0.0008995952428360929,0.17993776543867837,1.3581520551736102,0.008959741371471902,1.0485713425970251,603,269,0,0,4,22,51
Meat soup,0.18232155679395465,2.9511831036418137,0.04185460405261854,2.2735975561207935,1.5116045520853372,3.794525643248923,4.650553191835909,0.04305948946044697,0.025667746748577788,0.47880407717179596,0.003023994544740372,0.0001433230620925735,0.07099087414962452,0.12804134988088406,0.004987541511039074,0.4609448651145292,604,0,0,0,4,59,173
Meat stew,0.262364264467491,2.790288299339182,0.05318863994198417,2.46080909820894,1.661542306362894,4.4423150655306864,5.252722093275124,0.09062389161324612,0.0825012215117437,0.7312683883798097,0.004589452333807287,0.0006283739602952985,0.16345420627577717,0.27246690664530054,0.02176149178151269,1.0552075967750156,605,0,0,0,4,22,51
Meat terrine,0.3228078744271551,3.2188758248682006,0.24339425747976606,3.0266770774034124,2.0727405687975873,4.792242345540644,5.365976015021851,0.41314979086671205,0.2360879809496147,1.3625869773179218,0.020292703267762432,0.0011136653587519565,0.22838692363720145,0.36074664330878603,0.027615167032973367,1.1135478153792224,606,0,0,0,4,22,51
Medlars,0.5306282510621704,3.1051630658143177,0.12006614167095209,2.302013501095088,0.2679530138779278,3.2211589308827695,5.265646584258488,0.01769957709940092,0.018541327990853257,0.284104251103897,0.00021197753117553777,0.0,0.028865080396172107,0.4824261492442926,0.0,0.10461738245988035,607,0,0,0,8,33,143
Melons and similar-,0.09531017980432487,2.589266665112243,0.03652477468237226,2.647187455698509,0.5847662349768757,2.762718745301008,5.490117667296535,0.02259983191724094,0.03894595013465478,0.24014112768278087,0.0014655921616099677,0.0,0.07271925322776521,0.10002631406712442,0.000699755114273342,0.15031476065886815,608,0,0,0,19,35,41
Meringue,0.05826890812397577,2.043073897508961,0.06628699167168806,2.0455399900041544,0.9524297784900283,2.816263785742443,4.51274156478883,0.16877787281159212,0.008959741371471904,0.2637918164586765,0.004343884989047758,8.499638770469529e-05,0.008711940602021502,0.0,0.0005998200719676155,0.11422114409002286,609,0,0,0,10,26,201
Meringue tart,0.31188676114859837,3.7689221617874726,0.053540766928029816,2.772588722239781,0.6537131113145382,3.901972669574645,4.608497976080766,0.0959160568298266,0.02501776297528785,0.2743435080126004,0.0016220171519859574,0.0001799838019437376,0.016037377697624047,0.7283212555675993,0.0,0.2083682657320554,610,0,0,0,10,26,201
Mettwurst-type sausage,0.4637340162321401,3.0726933146901194,0.06230388333615485,2.8630168744467976,1.904067225400951,5.025758455670476,5.3706380281276624,0.13328136136931332,0.2290688193335864,0.7323678937132265,0.008322415286803957,0.001244939027440216,0.1395134643020701,0.3371862673548699,0.0,1.0543120297715298,611,0,0,0,13,57,71
"Mettwurst-type sausage, QUAL Low fat (naturally or reduced)",0.2499802052677694,2.9813435361018916,0.09634860149680663,3.4522525524624394,2.252028369376893,5.25376819663586,5.971990437272603,0.2025909285560173,0.37717340751605727,0.8096595680148732,0.010939940038334362,0.0017584530148632576,0.430389981761013,0.2499802052677694,0.016857117066422903,1.2951184804540208,611,23,0,0,13,57,71
Mexican yam beans,0.0,2.772588722239781,0.07696104113612832,2.833213344056216,0.48057258059496977,2.9444389791664403,5.170483995038151,0.0295588022415444,0.039220713153281295,0.4700036292457356,0.0,0.0,0.0295588022415444,0.0,0.0,0.5877866649021191,612,0,0,0,17,62,160
"Mexican yam beans, PROCESS Cooking in water",0.0,2.70805020110221,0.07045846364856141,2.772588722239781,0.42395969074432877,2.8903717578961645,4.962844630259907,0.026641930946421175,0.03052920503482287,0.44532664153329504,0.0,0.0,0.022739486969489426,0.0,0.0,0.5469646703818639,612,11,0,0,17,62,160
"Mexican yam beans, PROCESS Steaming",0.0,2.70805020110221,0.07045846364856141,2.772588722239781,0.42395969074432877,2.8903717578961645,4.962844630259907,0.026641930946421175,0.03052920503482287,0.44532664153329504,0.0,0.0,0.022739486969489426,0.0,0.0,0.5469646703818639,612,18,0,0,17,62,160
Milk chocolate,0.2738366656297279,5.452570081985812,0.2551957749888786,4.31748811353631,1.2473606470974925,5.425579146158964,5.95824010604264,0.32518427684736156,0.09140646632385152,1.15867652941076,0.004205430482511727,0.0006118128043719224,0.05164323315183845,0.5515836162381584,0.001998002662673056,0.7863122040178822,613,0,0,0,18,19,26
"Milk chocolate, QUAL Low / Reduced sugar",0.6841064359077962,5.66988092298052,0.6119371251344021,4.882801922586371,1.4713246103044662,5.860786223465865,6.5245058508019955,0.38662202030668447,0.0880108773227133,2.1550789558854557,0.0,0.000699755114273342,0.11689375147149933,0.6841064359077962,0.001998002662673056,1.163463260987726,613,22,0,0,18,19,26
"Milk chocolate, QUAL Sugar free",0.6841064359077962,5.630699617917724,0.5136786927483972,4.813345121608379,1.4713246103044662,5.735188852481046,6.003887067106539,0.36265701561627983,0.08223809823697209,2.1550789558854557,0.007968169649176874,0.0006654927962528648,0.09556988633740383,0.7271620591472229,0.001998002662673056,0.9568841288394084,613,27,0,0,18,19,26
Milk from other milk producer animals,0.0,4.795790545596741,0.0295588022415444,2.6390573296152584,0.09531017980432487,4.51085950651685,5.14166355650266,0.039220713153281295,0.0295588022415444,0.09531017980432487,0.0,9.999500033330834e-05,0.05826890812397577,0.0,0.0,0.4054651081081644,614,0,0,0,14,43,111
"Milk powder, full fat",0.520577915208669,6.025658913052238,0.0849974456286671,4.493440222044785,2.060549927856267,6.154615419744767,6.5245058508019955,0.41314979086671205,0.253534185019219,0.42339857598164055,0.010742096531902109,0.0028530689824064464,0.27914574142949455,0.5068176023684519,0.003992021269537453,1.4835506978797015,615,123,0,0,14,42,113
"Milk powder, skimmed",0.09531017980432487,6.025658913052238,0.10242764757318884,4.791056808946542,2.333945323007442,6.154615419744767,6.5245058508019955,0.41314979086671205,0.30800977195745133,0.4171113127425631,0.012493064247466518,0.003291719200077536,0.32001095956714093,0.08457090145026987,0.0009995003330835331,1.6514021115331325,615,244,0,0,14,42,113
Milk protein,0.019802627296179712,4.61512051684126,0.019802627296179712,2.3978952727983707,2.606231553765013,6.154615419744767,3.9318256327243257,0.06765864847381481,0.0,0.05414721807044643,0.0,0.00019998000266626675,0.0,0.019802627296179712,0.0009995003330835331,0.1484200051182733,616,0,0,0,14,42,113
Milkshakes,0.1397619423751587,4.748156737383369,0.08793238130634581,3.028752484582125,0.7770286645406475,4.59063651049675,5.377788482322615,0.1600516024339181,0.03522924133414235,0.2151113796169455,0.0017698614422687058,0.0003784997884881854,0.04278577931777745,0.18751637367105864,0.0009995003330835331,0.37863211129077456,617,0,0,0,14,21,44
Millet flour,0.09531017980432487,3.4701902531491067,0.494696241836107,4.9185200051884514,1.4068320123374387,5.542383366104115,5.793449053633785,0.16187586563366513,0.3189730767547209,1.8956903920762869,0.001998002662673056,0.0,0.4722332845730047,0.04305948946044697,0.0009995003330835331,0.9879467207805902,618,0,0,0,10,14,22
Millet groats,0.048790164169432,3.044522437723423,0.3987761199573677,4.9185200051884514,1.6582280766035324,5.739792912179234,6.066108090103747,0.13102826240640408,0.23111172096338664,2.1550789558854557,0.001998002662673056,0.0,0.4722332845730047,0.048790164169432,0.0009995003330835331,1.1755733298042381,619,0,0,0,10,14,24
Millet rolled grains,0.048790164169432,3.044522437723423,0.3987761199573677,4.9185200051884514,1.6582280766035324,5.739792912179234,6.066108090103747,0.13102826240640408,0.23111172096338664,2.1550789558854557,0.0,0.0,0.4722332845730047,0.048790164169432,0.0009995003330835331,1.1755733298042381,620,0,0,0,10,11,13
Mint sauce,0.0,4.795790545596741,0.262364264467491,3.8501476017100584,0.0,3.332204510175204,5.351858133476067,0.0,0.0,2.128231705849268,0.0,0.0,0.0,0.0,0.0,0.18232155679395465,621,0,0,0,16,18,190
Mints,1.791759469228055,5.356586274672012,0.1543139318070511,3.7578723256008875,1.0760257899953138,4.319391063682397,5.652990307816096,0.27730700855515966,0.10987886395929396,2.1550789558854557,0.000499875041651048,0.0,0.0692595026043823,1.419729137206128,0.0,0.7661320733164343,622,0,0,0,19,6,3
Miscellaneous coastal marine fishes,0.8109302162163288,3.7065790312133373,0.07112393249590558,3.3573947590037623,2.289644581718311,5.553513141536915,5.754385054364803,0.09121088005338415,0.0937180038737519,0.6247153761352245,0.03536714383729131,0.0062007356416036675,0.39647241381279846,0.5318040301511824,0.001998002662673056,0.3642462094350504,623,0,0,0,6,27,105
"Miscellaneous coastal marine fishes, PROCESS Baking",0.6103089022509408,3.7658404952500644,0.05394691328168023,3.3504052148220502,2.2143157822803,5.3831835871912785,5.657987819466568,0.10436001532424279,0.06965931603011198,0.5185386588302907,0.03536714383729131,0.0032945669494300316,0.44395295204579294,0.5447631747936875,0.0009995003330835331,0.3648415066051258,623,9,0,0,6,27,105
"Miscellaneous coastal marine fishes, PROCESS Cooking in water",0.6863742962725166,3.3037420455114423,0.06912619593218594,3.4463528303352513,2.5197680581141793,5.297602825610168,5.7480271764539586,0.10436001532424277,0.1504294790254044,0.5327268877190916,0.03536714383729131,0.006535738313402019,0.3841928299754716,0.8641549774536265,0.001998002662673056,0.4604041297012093,623,11,0,0,6,27,105
"Miscellaneous coastal marine fishes, PROCESS Frying",0.8691991243403046,2.70805020110221,0.12133228516752496,3.4965075614664802,2.5936115666962163,5.568344503761097,5.950642552587727,0.09531017980432487,0.11600367575630613,0.7811580578826586,0.0,0.008464078412129412,0.4687528473440829,0.8691991243403046,0.001998002662673056,0.4799539600989036,623,14,0,0,6,27,105
"Miscellaneous coastal marine fishes, PROCESS Steaming",0.6863742962725166,3.048595763111059,0.09673773179551028,3.335261058657753,2.5197680581141793,5.231108616854587,5.780302501452216,0.09136300601397265,0.1504294790254044,0.6667298672422385,0.028448616171370185,0.007695314967406157,0.3147064591162308,0.4775997058673635,0.001998002662673056,0.5409113329374587,623,18,0,0,6,27,105
Miscellaneous cooked sausages,0.17730901497041035,2.7032769223495525,0.06685725935652988,2.9100187552799612,1.782141940133095,5.456541371762931,5.392977984783566,0.15088003095913563,0.19767921244827444,0.9522092956316772,0.006322825883479807,0.0008339378914015155,0.20782684720231648,0.2632869156170593,0.007968169649176874,1.0275253895000673,624,0,0,0,13,57,38
Miscellaneous demersal marine fishes,0.5877866649021191,3.793882763123921,0.04114194333117518,3.1354942159291497,1.7838232990668892,5.304015387662674,5.95731665967542,0.1484200051182733,0.1397619423751587,0.547295303547382,0.016365354086264272,0.0014988761237358919,0.1988508587451652,0.5877866649021191,0.0,0.39406706315579504,625,0,0,0,6,27,106
"Miscellaneous demersal marine fishes, PROCESS Baking",0.6423800635062922,4.216562194946349,0.038258712117090345,3.3367858365897667,2.0987538527122087,5.460800581122327,5.6713576645730335,0.19227188764712272,0.12776479773018556,0.6487473646918062,0.01725035340652759,0.0012135490656620508,0.44797710234551846,0.6099829392991765,0.0,0.45850924982000046,625,9,0,0,6,27,106
"Miscellaneous demersal marine fishes, PROCESS Cooking in water",0.6460555730260948,4.011739049557938,0.05340534814523774,3.374168709274236,1.9617834982116034,5.2326353347083865,5.579729825986222,0.13552939528719568,0.12977434374681038,0.5248975763531853,0.02185933435289352,0.0017556008876754962,0.13590357676957834,0.8684441224169355,0.0,0.4883170529904475,625,11,0,0,6,27,106
"Miscellaneous demersal marine fishes, PROCESS Frying",0.6423800635062922,4.31748811353631,0.046883585898850416,3.2188758248682006,2.1374745729304454,5.375278407684165,5.768320995793772,0.21430460264700543,0.18481843699254183,0.6538864666066427,0.0,0.0015987213636970278,0.19227188764712272,0.6423800635062922,0.0,0.4593217808988751,625,14,0,0,6,27,106
"Miscellaneous demersal marine fishes, PROCESS Steaming",0.6460555730260948,4.025606760242972,0.06792563552652878,3.189299879622573,1.9617834982116034,5.156589206719335,5.657489190685356,0.1325308922909391,0.1271359855356623,0.6598858180081403,0.02615495747685121,0.0014988761237358919,0.13177985958571628,0.35501356461206623,0.0,0.5527350268432004,625,18,0,0,6,27,106
Miscellaneous marine crustaceans,1.6094379124341003,4.532599493153256,0.27002713721306015,4.219507705176107,2.002425499031152,5.41610040220442,5.58724865840025,0.03343477608623739,0.04974209189481407,1.0152306797290584,0.0,0.0007996801705643322,0.12221763272424921,1.6094379124341003,0.0,1.1537315878891892,626,0,0,0,6,20,104
"Miscellaneous marine crustaceans, PROCESS Baking",1.7582026856992121,4.600301208876588,0.33514482538836915,3.9828808035246097,2.0950687975655353,5.394925405067961,5.298317366548036,0.03674512393683074,0.0421011760186354,1.0102493493788545,0.012422519998557155,0.0010922604092133078,0.11281835102698101,1.5196882442904216,0.0,1.1151415906193203,626,9,0,0,6,20,104
"Miscellaneous marine crustaceans, PROCESS Cooking in water",1.791759469228055,4.63417404925868,0.3339179568161162,3.9828808035246097,1.9235184587404122,5.387112865331168,5.239476866525103,0.032881984474592896,0.04155315572816975,1.0046155316605985,0.012422519998557155,0.001035178303724348,0.10718741728492068,1.5391871072230332,0.0,1.1377414225365612,626,11,0,0,6,20,104
"Miscellaneous marine crustaceans, PROCESS Frying",1.7582026856992121,4.600301208876588,0.33514482538836915,3.9828808035246097,2.0950687975655353,5.394925405067961,5.298317366548036,0.03674512393683074,0.0421011760186354,1.0102493493788545,0.012422519998557155,0.0010922604092133078,0.11281835102698101,1.5196882442904216,0.0,1.1151415906193203,626,14,0,0,6,20,104
"Miscellaneous marine crustaceans, PROCESS Steaming",1.6509636592625987,4.522719820326024,0.31699812678583406,3.882152726111225,1.980035485213189,5.313909461307873,5.199285985941858,0.03398726228813615,0.0388085403096361,0.9631743177730054,0.012422519998557155,0.001035178303724348,0.10513191810282464,1.4666754730667029,0.0,1.0533160137529336,626,18,0,0,6,20,104
Miscellaneous mixed and processed breakfast cereals-deprecated,0.6434315883140125,5.177184978066505,0.2557490253487718,4.404451870344499,2.606231553765013,5.51613246110335,5.752572638825633,0.41314979086671205,0.37717340751605727,2.1550789558854557,0.008662373078652658,0.0020229524512248923,0.4722332845730047,1.2879094591984896,0.011928570865273802,1.727842976812722,627,0,0,0,10,11,147
Miscellaneous pelagic marine fishes,0.9162907318741551,3.6109179126442243,0.25186982957260606,3.2905318137746358,1.9273720280564022,5.400745014121226,5.81498304679571,0.1763513898074508,0.0609606997896872,1.1109172238584886,0.024831975701181692,0.006223451233871123,0.3085345686107975,0.7011153502091222,0.0,0.7822694233420625,628,0,0,0,6,27,107
"Miscellaneous pelagic marine fishes, PROCESS Baking",0.9741822102899327,3.713572066704308,0.1292723357041392,3.5263605246161616,2.129659257840453,5.583496308781699,5.8916442118257715,0.20945022418220727,0.037295784743696894,0.7428892724547594,0.0,0.008464078412129412,0.353469812989784,0.9741822102899328,0.0,0.6097655716208943,628,9,0,0,6,27,107
"Miscellaneous pelagic marine fishes, PROCESS Cooking in water",0.9858167945227653,3.7612001156935624,0.1292723357041392,3.5263605246161616,1.9638903885197336,5.579729825986222,5.820082930352362,0.17563256864315802,0.03633192924739028,0.739553553374101,0.0,0.008464078412129412,0.33074156191222787,0.9858167945227654,0.0,0.634988266386413,628,11,0,0,6,27,107
"Miscellaneous pelagic marine fishes, PROCESS Frying",0.9741822102899327,3.713572066704308,0.1292723357041392,3.5263605246161616,2.129659257840453,5.583496308781699,5.8916442118257715,0.20945022418220727,0.037295784743696894,0.7428892724547594,0.0,0.008464078412129412,0.353469812989784,0.9741822102899328,0.0,0.6097655716208943,628,14,0,0,6,27,107
"Miscellaneous pelagic marine fishes, PROCESS Steaming",0.9858167945227653,3.7612001156935624,0.1292723357041392,3.5263605246161616,1.9638903885197336,5.579729825986222,5.820082930352362,0.17563256864315802,0.03633192924739028,0.739553553374101,0.0,0.008464078412129412,0.33074156191222787,0.9858167945227654,0.0,0.634988266386413,628,18,0,0,6,27,107
Miscellaneous savoury extracts,0.0,5.2218990352611305,0.06899287148695145,3.9863350383926974,2.606231553765013,6.154615419744767,6.5245058508019955,0.16551443847757338,0.37717340751605727,2.1550789558854557,0.0,0.0009995003330835331,0.4722332845730047,0.0,0.0,0.6493445579015524,629,0,0,0,16,58,58
Mixed and other not listed condiments,1.791759469228055,3.7776749528970677,0.060853167126537176,2.575878427993727,0.8452549587574034,3.261387819105555,5.503122361148643,0.04606536684324682,0.033434776086237385,1.0553070547292474,0.002938535415516887,0.0,0.047428693571110896,1.7847852054907187,0.0,0.2513144282809061,630,0,0,0,16,18,190
Mixed beef and mutton/lamb fresh meat,0.5306282510621704,2.5561192780132647,0.10237606661686648,3.2558963171118798,2.0014800002101243,5.314331313244102,5.893576046288857,0.21164917188847462,0.12221763272424924,1.327453861096957,0.018330956684723457,0.0014988761237358919,0.3506568716131694,0.5306282510621704,0.0,1.62924053973028,631,0,0,0,13,3,118
"Mixed beef and mutton/lamb fresh meat, QUAL Half fat or medium fat",0.0,2.4849066497880004,0.0,3.091042453358316,0.0,5.147494476813453,2.1972245773362196,0.1484200051182733,0.07696104113612832,1.33500106673234,0.0,0.0,0.0,0.0,0.0,0.019900661706336177,631,21,0,0,13,3,118
"Mixed beef and mutton/lamb fresh meat, QUAL Low fat (naturally or reduced)",0.0,2.4849066497880004,0.0,3.091042453358316,0.0,5.198497031265826,2.1972245773362196,0.15700374880966478,0.07696104113612832,1.3609765531356006,0.0,0.0,0.0,0.0,0.0,0.019900661706336177,631,23,0,0,13,3,118
Mixed beer drinks,0.004987541511039074,2.5649493574615367,0.027615167032973367,1.791759469228055,0.43178241642553783,2.772588722239781,2.995732273553991,0.014888612493750654,0.001998002662673056,0.2045721657287744,0.0,9.999500033330834e-05,0.0246926125903715,0.004987541511039074,0.0,0.0295588022415444,632,0,0,0,1,7,6
Mixed breakfast cereals,0.4700036292457356,3.8982138101539596,0.32468879808087664,4.331860524324519,2.21412851636215,5.45824723302709,5.922650231107622,0.3409519834734961,0.3757910611309624,1.721413642092906,0.009129626416333744,0.0004898799892019269,0.4722332845730047,1.3845929144801332,0.006101348857976335,1.044156102872051,633,0,0,0,10,11,122
Mixed cereal rolled grains,0.0,3.6635616461296463,0.23269776411902143,4.553876891600541,1.80005827204275,5.68697535633982,5.802118375377063,0.1079571415050923,0.2889312918522129,1.3759914681239935,0.0,0.0,0.24920108563349938,0.6043159668533294,0.0,1.1336576304109105,634,0,0,0,10,11,147
Mixed cereal-based snacks,0.7227059828014898,4.360182639489056,0.05496155807397434,3.5452977256359124,1.3330442662283652,4.70216725388464,5.266384319445027,0.05597517440564799,0.05665034828856496,0.6598858180081403,0.0017263661149791191,0.00011999280057594816,0.11889352994041062,0.8919980393051105,0.006234808836508479,0.5766936179054172,635,0,0,0,10,13,130
Mixed coffee imitates,0.0,4.196127256532043,0.048790164169432,4.513994305322221,2.5791339924534933,5.063498783653324,6.5245058508019955,0.051507557145931936,0.039220713153281295,1.6094379124341003,0.009356094924024954,0.0,0.0676586484738148,0.0,0.0,0.17034536574723894,636,0,0,0,3,17,34
Mixed dried fruits,0.7163753066791524,4.254599024987376,0.2630050847393404,3.724487881581304,1.1058243146139626,4.719773568727095,6.5245058508019955,0.09816324878673129,0.12322849962862557,1.0203933138078654,0.002995508979798479,0.0,0.2690451939777583,0.8487610750805556,0.006975613736425242,0.5955343516929449,637,0,0,0,8,53,53
Mixed fresh fat tissue,0.5306282510621704,1.3873652161213836,0.011928570865273802,0.7592469822644691,0.9321640810304453,2.0794415416798357,4.189654742026425,0.0,0.07696104113612832,0.16551443847757338,0.0,0.00019998000266626675,0.0,0.5306282510621704,0.0,0.31481073984003355,638,0,0,0,13,2,198
"Mixed fresh fat tissue, PROCESS Baking",0.3506568716131694,1.6389967146756448,0.6261309257071586,3.091042453358316,2.606231553765013,5.855071922202427,5.707110264748875,0.0,0.15700374880966478,0.05414721807044643,0.03536714383729131,0.00029995500899797546,0.4722332845730047,0.3506568716131694,0.042101176018635396,1.547562508716013,638,9,0,0,13,2,198
Mixed fresh meat,0.3646431135879093,2.0541237336955462,0.08381580037858975,3.100092288878234,2.2811571455804254,5.153291594497779,5.753479257201423,0.17491323040329185,0.25220292234202124,0.8608384248311726,0.012577710777714707,0.0019609332559076364,0.28453426616105004,0.3646431135879093,0.007968169649176874,1.3958202737732945,639,0,0,0,13,3,118
"Mixed fresh meat, PROCESS Baking",0.4054651081081644,1.9917806031214105,0.0790752068284638,3.066057590274721,2.071265350395659,5.128206667142049,5.653991810153186,0.17683031701967028,0.30306317449008324,0.8721298360883852,0.0,0.0018696796306514679,0.22542665732877834,0.33761444119998996,0.006975613736425242,1.44361942773916,639,9,0,0,13,3,118
"Mixed fresh meat, PROCESS Cooking in water",0.40479821912046066,1.9459101490553132,0.10255658832509207,3.258096538021482,2.3326292143424223,5.2574953720277815,5.69035945432406,0.22633844221072896,0.32135859881116474,1.0664333903038747,0.0,0.0023971245997214934,0.23980399220731702,0.40479821912046066,0.008959741371471902,1.686028514595813,639,11,0,0,13,3,118
"Mixed fresh meat, PROCESS Steaming",0.40479821912046066,1.9459101490553132,0.10255658832509207,3.258096538021482,2.3326292143424223,5.2574953720277815,5.69035945432406,0.22633844221072896,0.32135859881116474,1.0664333903038747,0.0,0.0023971245997214934,0.23980399220731702,0.40479821912046066,0.008959741371471902,1.686028514595813,639,18,0,0,13,3,118
"Mixed fresh meat, QUAL Half fat or medium fat",0.0,2.3978952727983707,0.048790164169432,2.8903717578961645,1.7578579175523736,5.198497031265826,5.676753802268282,0.1397619423751587,0.09531017980432487,0.832909122935104,0.0,0.0,0.0,0.0,0.0,1.6992786164338898,639,21,0,0,13,3,118
"Mixed fresh meat, QUAL Low fat (naturally or reduced)",0.0,1.6094379124341003,0.05826890812397577,2.9444389791664403,1.7404661748405046,5.25227342804663,5.817111159963204,0.16551443847757338,0.10436001532424277,0.9555114450274363,0.002995508979798479,0.0,0.0,0.0,0.0,1.4586150226995167,639,23,0,0,13,3,118
Mixed fruit nectars,0.1518623493092461,2.3265805985502617,0.028309756211416452,1.9389471883000633,0.2537558899308909,2.0300261821164853,4.398673025788624,0.014184634991956433,0.01755921637210191,0.17325278170074473,0.0007996801705643322,0.0,0.02483197570118169,0.17630348446839159,0.0009995003330835331,0.055434706888100586,640,0,0,0,9,34,76
Mixed green salad,0.11332868530700317,3.557794047217674,0.04050194330932984,2.4709204078132605,0.42395969074432877,3.4567672328169663,5.505912087472616,0.06203539091945264,0.04442691754170176,0.3876405231956124,0.00016498638899718973,0.0,0.07351596021453602,0.3382563584147143,0.042101176018635396,0.21118663719012676,641,0,0,0,4,59,161
Mixed herbs and spices,0.0,6.025658913052238,0.6259384308664953,4.9185200051884514,2.2635323657303448,5.246271909657932,6.5245058508019955,0.27510329024492086,0.2674064761805502,2.1550789558854557,0.0,0.0,0.3646431135879093,1.1019400787607843,0.0,1.6128606197116027,642,0,0,0,16,58,165
Mixed pork and mutton/lamb fresh meat,0.3435897043900769,2.302585092994046,0.09531017980432487,3.258096538021482,2.189752284719702,5.0106352940962555,5.676753802268282,0.1806534996932576,0.37717340751605727,1.0296194171811581,0.0,0.0005998200719676155,0.33074156191222787,0.3435897043900769,0.0,1.5040773967762742,643,0,0,0,13,3,118
"Mixed pork and mutton/lamb fresh meat, QUAL Half fat or medium fat, PROCESS Cooking in water",0.5306282510621704,2.8622008809294686,0.13575392097761987,3.40452517175483,1.9740810260220096,5.472270673671475,5.996452088619021,0.23901690047049992,0.31481073984003355,1.1631508098056809,0.021174235231406484,0.0009995003330835331,0.3293037471426004,0.5306282510621704,0.0,1.5260563034950492,643,21,5,0,13,3,118
"Mixed pork and mutton/lamb fresh meat, QUAL Half fat or medium fat, PROCESS Steaming",0.5306282510621704,2.8622008809294686,0.13575392097761987,3.40452517175483,1.9740810260220096,5.472270673671475,5.996452088619021,0.23901690047049992,0.31481073984003355,1.1631508098056809,0.021174235231406484,0.0009995003330835331,0.3293037471426004,0.5306282510621704,0.0,1.5260563034950492,643,21,8,0,13,3,118
Mixed vegetable juice,0.6392188385343897,2.9399174944475948,0.08840326500677478,2.807680042051051,0.766862218382226,3.7065790312133373,5.655991810819852,0.04565600612251351,0.06377930443406399,0.4262942858187894,0.00020797837099916945,0.0,0.10590322550704853,0.6086780239334953,0.01755921637210191,0.2455198945725699,644,0,0,0,9,68,202
Mixed vegetable salad,0.09531017980432487,3.5280397861358814,0.07770150766385205,2.7942278973432626,0.8878912573524571,3.6770237377375667,5.611562752559433,0.07563741420562005,0.06055739266584984,0.6289895392593915,0.00030328733707900746,0.00014998875112487347,0.0790752068284638,1.2844000534385505,0.03052920503482287,0.27394529633973635,645,0,0,0,4,59,161
Mixed vegetables soup,0.18232155679395465,2.661258039595451,0.041580563876614,2.738071217357068,1.281330592144515,3.1367356810172144,5.0689042022202315,0.027939368689241448,0.044973365642731154,0.3100025357403017,0.0010494491355713784,0.00019998000266626675,0.04647456005634916,0.18115420904194784,0.018821754240587758,0.21361256109689458,647,0,0,0,4,59,173
"Mixed vegetables, boiled",0.25851069515150105,3.543027577101373,0.06136384432246035,2.821378886409213,0.9259581372762917,3.770459441106359,5.228048170701481,0.06965931603011198,0.08761833561011634,0.5797384920527714,0.0006569270333217224,0.0,0.09362044131168165,0.4542552722775964,0.0246926125903715,0.29872798398388273,646,56,0,0,4,22,51
"Mixed vegetables, braised",0.6103089022509408,3.5663081874400007,0.1022986901934241,3.0923403120739157,0.9787019919955522,3.985538965642682,5.5634251169612785,0.07576985576597521,0.09531017980432485,0.6789033601430968,0.000699755114273342,0.0,0.13926492447228317,0.4359296489119841,0.0246926125903715,0.3446023627044631,646,57,0,0,4,22,51
"Mixed vegetables, fried",1.2237754316221157,3.6686767467964168,0.09184965362987897,3.1141500283684653,0.9558959864665146,4.125289366071522,5.59269128428939,0.10526051065749295,0.07762219818500593,0.6022842399686056,0.0025681281057100677,0.00013999020091457065,0.17766788811260753,0.9656140872052458,0.023716526617316044,0.3395287851037619,646,122,0,0,4,22,51
"Mixed vegetables, grilled",0.0,3.2386784521643803,0.09912109086780718,3.169685580677429,1.0278321066070624,4.127134385045092,5.523858042461968,0.08121125542482323,0.12221763272424918,0.6401682557690587,0.0003999200213269354,0.0,0.12856910079470768,0.427357054524263,0.02566774674857779,0.3776141799523881,646,141,0,0,4,22,51
Modified starch,0.0,2.3978952727983707,0.0,1.6094379124341003,0.0,1.791759469228055,2.1972245773362196,0.007968169649176874,0.0,0.2468600779315258,0.0,0.0,0.0,0.0,0.0,0.019900661706336177,648,0,0,0,0,30,132
Molasses,0.0,6.025658913052238,0.36959116920527874,4.9185200051884514,0.37008463084865006,3.4657359027997265,6.5245058508019955,0.09531017980432487,0.06632264293107258,2.1550789558854557,0.0,0.0,0.4722332845730047,0.3435897043900769,0.0,0.547295303547382,649,0,0,0,18,63,121
Morels,0.0,2.3581549441488563,0.1988508587451652,2.586689344097943,1.9144194819639426,4.5717611238569615,5.817536239672049,0.04305948946044697,0.08617769624105233,0.8754687373539,0.004731645232933498,0.0,0.09140646632385152,0.06765864847381481,0.0,0.3466246080852309,650,0,0,0,19,47,207
"Morels, PROCESS Baking",0.0,2.462636695427964,0.3116775780079966,2.64414639912273,1.8835569933682699,4.898159578240691,5.853843169231935,0.05354076692802982,0.09608909714865253,0.5735589450817979,0.006449159394179292,0.0,0.049606157686761354,0.05164323315183845,0.0,0.3934889170614487,650,9,0,0,19,47,207
"Morels, PROCESS Cooking in water",0.05164323315183845,2.5649493574615367,0.28141245943818555,2.772588722239781,1.8280913984754454,5.135798437050262,5.820082930352362,0.05354076692802982,0.10616019582839065,0.752830182721119,0.0,0.0,0.04305948946044697,0.05164323315183845,0.0,0.3960879462955675,650,11,0,0,19,47,207
"Morels, PROCESS Steaming",0.06015392281974709,2.70805020110221,0.3435897043900769,3.044522437723423,2.0130346094822373,5.351858133476067,6.118097198041348,0.07138999608667293,0.13278111123381847,0.8385453832493022,0.0,0.0,0.05638033343610764,0.06015392281974709,0.0,0.47933495667461984,650,18,0,0,19,47,207
Mortadella-type sausage,0.2986220124901153,2.8982769374032777,0.08434114843375087,2.882403588246988,1.9942142864837078,5.134957747635468,5.493061443340548,0.16078170711468306,0.29426748381011536,0.900451667844409,0.00700871481055812,0.001336249677749627,0.19990416798878333,0.19359114905218544,0.010939940038334362,1.056921861613901,651,0,0,0,13,57,38
"Mortadella-type sausage, QUAL Low fat (naturally or reduced)",0.3074846997479606,2.906120114864304,0.051507557145931936,2.472930458741285,2.0288059257112563,5.198497031265826,5.407812181344318,0.0609606997896872,0.10628865623064836,0.8109302162163288,0.007968169649176874,0.0007597113462419786,0.10113732481351867,0.3074846997479606,0.0009995003330835331,1.0745147370890493,651,23,0,0,13,57,38
Moussaka,0.5306282510621704,4.419643498245188,0.06115781297809364,2.9831534913471307,1.3986345732044954,4.754882459216418,5.924612240120141,0.10330841153169547,0.06344417255653477,0.5734247655225106,0.0021975835434872217,0.0006664445431605202,0.10586039069947732,0.5618988939499912,0.005982071677547465,0.671668148882821,652,0,0,0,4,22,51
Mozzarella,0.26620304077465673,5.90963452886035,0.02527780718426854,2.9353754730130937,1.8685000275058323,5.718436483043304,4.420560298676125,0.3095833364048819,0.034401426717332394,0.2284627127918097,0.006337021455881014,0.001738487953719595,0.07298489275648892,0.2905778755638065,0.0,1.3794855191905604,653,0,0,0,14,15,72
Muesli plain,0.9162907318741551,4.165557190447365,0.28901689546473763,4.4399585588014086,1.9353030719793027,5.701971311680763,6.021023349349527,0.25331243094357914,0.3458162006038565,1.6767493711385135,0.007316029614439568,6.999755011432734e-05,0.4722332845730047,1.3762440252663892,0.0019181591559038235,1.2263770863982955,654,0,0,0,10,11,122
Muffins,0.0,4.551769409260976,0.5041634808924402,3.860308569741467,1.234308004122009,5.38357721049886,4.93806460126142,0.11707167158583756,0.06353802080398764,1.4050670464431743,0.004669082848262488,0.00046389238528753087,0.055434706888100586,1.2047724844965002,0.003992021269537453,0.7147129584745059,655,0,0,0,10,26,18
Mulberries (black and white),0.4054651081081644,3.6224343547057836,0.05826890812397577,2.803360380906535,0.5627130273500031,3.8622323409251305,5.527726959440893,0.050285644021255564,0.03633192924739028,0.969154221431223,0.0005998200719676155,0.0,0.05286348955706782,0.4054651081081644,0.0,0.17275210577780392,656,0,0,0,8,33,7
Mullets,0.6931471805599453,3.9863350383926974,0.018120541113194884,3.372209844788903,2.3390272241866117,5.390375510965984,5.957686140558988,0.11587645738580186,0.06364526516035618,0.7884573603642702,0.03536714383729131,0.0021405644991109567,0.3531688046094447,0.5900064216404319,0.0,0.5782172138859683,657,0,0,0,6,27,105
"Mullets, PROCESS Baking",0.4007875185570533,3.978345648359219,0.04018178963283184,3.438584913733776,2.126256968222084,5.407812181344318,5.969803050326803,0.10397384038219698,0.0532699110217152,0.7199282032375873,0.03536714383729131,0.0016985566355814774,0.31240952764071694,0.4431889750501794,0.0,0.5937214004219336,657,9,0,0,6,27,105
"Mullets, PROCESS Cooking in water",0.4007875185570533,3.9512437185814275,0.008959741371471902,3.332204510175204,2.0577070495338297,5.225746673713202,5.8289456176102075,0.08525984395082342,0.04018178963283184,0.8153648132841945,0.0,0.0014988761237358919,0.2223432311434406,0.4007875185570533,0.0,0.47312375658197914,657,11,0,0,6,27,105
"Mullets, PROCESS Frying",0.4007875185570533,3.9512437185814275,0.008959741371471902,3.332204510175204,2.0577070495338297,5.225746673713202,5.8289456176102075,0.08525984395082342,0.04018178963283184,0.8153648132841945,0.0,0.0014988761237358919,0.2223432311434406,0.4007875185570533,0.0,0.47312375658197914,657,14,0,0,6,27,105
"Mullets, PROCESS Steaming",0.4007875185570533,3.9512437185814275,0.008959741371471902,3.332204510175204,2.0577070495338297,5.225746673713202,5.8289456176102075,0.08525984395082342,0.04018178963283184,0.8153648132841945,0.0,0.0014988761237358919,0.2223432311434406,0.4007875185570533,0.0,0.47312375658197914,657,18,0,0,6,27,105
Multigrain (not only rye-wheat) bread and rolls,0.4054651081081644,4.021773869387265,0.20275423766552902,3.996364153861897,1.492583017350539,5.105772298733466,5.513889469508769,0.09283959796123158,0.15968635010137383,1.059623929470938,0.005612790209860078,0.0002899579581278988,0.13602827282310984,1.126875753940969,0.002995508979798479,0.8603550995438518,658,0,0,0,10,10,123
Multivitamin juices,0.0,2.5649493574615367,0.03285433687094718,2.322387720290225,1.1389541679514876,2.4336133554004498,4.912654885736052,0.18440272299777916,0.15272108701766388,0.16075737887811406,0.0009995003330835331,0.000499875041651048,0.4722332845730047,1.7847852054907187,0.0009995003330835331,0.08525984395082342,659,0,0,0,9,50,120
"Multivitamin juices, FORT Combination of vitamin and mineral only supplements",0.4081282255276481,2.3978952727983707,0.05164323315183845,2.0794415416798357,0.2159175062224701,2.5649493574615367,4.6913478822291435,0.07749000174089775,0.15272108701766388,0.05414721807044643,0.0,0.0,0.028587456851912555,0.4081282255276481,0.002995508979798479,0.048790164169432,659,1,0,0,9,50,120
"Multivitamin juices, FORT Vitamin only supplements",1.791759469228055,2.5902671654458267,0.03568884240850707,2.3353749158170367,1.1389541679514876,2.4277482359480516,4.932072971593153,0.15014265842971947,0.15272108701766388,0.13219716961138597,0.0008329863038918627,0.000499875041651048,0.4722332845730047,1.449269160281279,0.0009995003330835331,0.07232066157962612,659,4,0,0,9,50,120
Mung bean sprouts,0.18232155679395465,2.9667447366807385,0.11434857320774865,3.0099169085459474,1.0639715476030973,4.079955824770001,4.889274437091989,0.13602827282310984,0.12789051273443688,0.7594698234910179,0.0008853222722738525,0.0,0.08788004720543373,0.07510747248680541,0.004987541511039074,0.34763419928658335,660,0,0,0,19,38,185
"Mung bean sprouts, PROCESS Cooking in water",0.09531017980432487,3.5102653021083037,0.03398726228813615,2.6180212889161805,0.5733979274500194,3.5338950935381006,3.957269483185097,0.09531017980432487,0.08617769624105233,0.9174329364529321,0.0008567757199817669,0.0,0.059884852456224096,0.07696104113612832,0.0,0.24014112768278084,660,11,0,0,19,38,185
"Mung bean sprouts, PROCESS Steaming",0.09531017980432487,3.5102653021083037,0.03398726228813615,2.6180212889161805,0.5733979274500194,3.5338950935381006,3.957269483185097,0.09531017980432487,0.08617769624105233,0.9174329364529321,0.0008567757199817669,0.0,0.059884852456224096,0.07696104113612832,0.0,0.24014112768278084,660,18,0,0,19,38,185
Mung beans (dry),1.0647107369924282,4.4982211076451275,0.4939846065699641,4.9185200051884514,2.606231553765013,5.933381336026957,6.5245058508019955,0.2149961656067944,0.37717340751605727,2.0190847411389385,0.009950330853168083,0.0,0.3729419164026043,0.9646998710818426,0.042101176018635396,1.237545730581627,661,0,0,0,12,39,154
"Mung beans (dry), PROCESS Cooking in water",0.06765864847381481,3.7410652072845068,0.16672435998028665,4.305993734110575,2.606231553765013,5.045266738065896,5.308974661022025,0.08407850890499231,0.12499506160223625,1.307946644708133,0.003764334565457284,0.0,0.06765864847381481,0.8095959932031922,0.042101176018635396,0.6957153086656553,661,11,0,0,12,39,154
"Mung beans (dry), PROCESS Steaming",0.06765864847381481,3.7410652072845068,0.16672435998028665,4.305993734110575,2.606231553765013,5.045266738065896,5.308974661022025,0.08407850890499231,0.12499506160223625,1.307946644708133,0.003764334565457284,0.0,0.06765864847381481,0.8095959932031922,0.042101176018635396,0.6957153086656553,661,18,0,0,12,39,154
Mushroom based dishes,0.09531017980432487,3.471078747210222,0.2898939102483812,2.5291513515857575,1.6698608332379847,4.666399666857209,5.668895215655761,0.2624741485399053,0.08788004720543373,0.8516150584744995,0.015282623531156902,0.0004598942324341438,0.12776479773018556,0.4350239103497088,0.008959741371471902,0.5444814309632566,662,0,0,0,4,22,51
Mushroom salad,0.18232155679395465,3.2564468263468123,0.15267203615190628,2.838242692461218,1.596960390922988,4.176582660459073,5.651586517351936,0.19767921244827444,0.0803942942113939,0.7094422630464476,0.007713035064300111,5.199864804686751e-05,0.11434857320774865,0.8271534604076791,0.008959741371471902,0.37156355643248307,663,0,0,0,4,59,161
Mushroom soup,0.3987761199573678,3.307932727390894,0.05732506661926941,1.919370593820701,0.9439058989071284,3.441333426687125,4.378090326138075,0.07232066157962612,0.04196419909903214,0.2696999299243253,0.0017185224939643073,9.499548778577131e-05,0.033711057342311695,0.21538016069637575,0.0009995003330835331,0.2316784537640472,664,0,0,0,4,59,173
Mushrooms cooked sauce,0.5905605917848442,3.4111477125153233,0.04092256089185949,2.1248245475276537,0.7247842655031279,3.828641396489095,4.637084049233622,0.08144831275429727,0.1720306917751324,0.4280649400254053,0.0035849947915425257,8.5996302212005e-05,0.040044549531058744,0.31859917508650243,0.0,0.262364264467491,665,0,0,0,16,56,164
Mushy peas,0.22314355131420976,3.3618623762634785,0.15663738133899782,3.016934481204594,0.6857628404491316,4.171085120499878,4.954820514989859,0.05502916446956511,0.10641710013295069,0.6289895392593915,0.0008995952428360929,0.0,0.030113433426033946,0.12575120530556033,0.0,0.4593217808988751,666,0,0,0,19,69,152
Mussels,0.5877866649021191,3.9205579078779835,0.2928828108509529,3.6635616461296463,1.7099294509804228,5.461407561414104,5.4589774265608115,0.2046885869408507,0.12221763272424921,1.889059010930518,0.03536714383729131,0.008464078412129412,0.07749000174089778,0.8320391794265639,0.0,1.2631577348218017,667,0,0,0,6,46,10
"Mussels, PROCESS Baking",0.6465795447436106,3.367295829986474,0.1889660995126232,3.5263605246161616,1.6476966245511908,5.389071729816501,5.68697535633982,0.2151113796169455,0.14410034397375684,1.6718491725554974,0.0,0.008464078412129412,0.07138999608667293,0.6465795447436106,0.0,1.1678273576895826,667,9,0,0,6,46,10
"Mussels, PROCESS Cooking in water",0.7884573603642702,4.1726274806161445,0.1786242539954237,3.9643443426271254,1.9735451681901286,5.493061443340548,5.297602825610168,0.21649291333886989,0.05093072866854296,2.0984385224010977,0.03536714383729131,0.008464078412129412,0.07404674578963037,1.1683249010794101,0.0,1.2573646095842363,667,11,0,0,6,46,10
"Mussels, PROCESS Frying",0.6465795447436106,3.3573947590037623,0.1889660995126232,3.5512580762378887,1.6476966245511908,5.286100182609445,5.666426688112432,0.2151113796169455,0.14410034397375684,1.6489333131320287,0.0,0.008464078412129412,0.07138999608667293,0.6465795447436106,0.0,1.0732944806838198,667,14,0,0,6,46,10
"Mussels, PROCESS Steaming",0.7884573603642702,3.8918202981106265,0.1779070653440754,3.7410652072845068,2.0331170851533065,5.4411800866014435,5.301170435530443,0.22016769928406932,0.0746435429957658,1.832718597202231,0.03536714383729131,0.008464078412129412,0.06525255187122819,0.743555083103791,0.0,1.2514968611972344,667,18,0,0,6,46,10
Mustard and related sauces,0.262364264467491,4.632229334102098,0.16551443847757338,4.321290399486049,1.9936112850746426,5.25898236114936,5.1315879045139186,0.07232066157962612,0.04974209189481408,1.2379600666140722,0.005982071677547464,0.0,0.06832598249924772,0.262364264467491,0.0,0.6700247631390912,669,0,0,0,16,18,190
Mustard seeds and similar-,0.0,6.025658913052238,0.3435897043900769,4.9185200051884514,2.606231553765013,6.154615419744767,6.523562306149512,0.3220834991691133,0.37717340751605727,2.1550789558854557,0.0,0.0,0.18232155679395465,0.0,0.0,1.727842976812722,670,0,0,0,12,49,127
"Mustard, hot",0.262364264467491,4.714665000784373,0.23224486556055537,4.404975567659426,2.0918640616783932,5.0369526024136295,4.948759890378168,0.11778303565638346,0.04974209189481407,1.093839009915452,0.005982071677547464,0.0,0.06805910232686035,0.262364264467491,0.0,0.5136786927483972,668,145,0,0,16,18,190
"Mustard, mild",0.8649974374866045,5.233397820448721,0.21856164180909812,4.39268392914787,1.5088595946123615,5.1085395090776275,5.345064629087669,0.14265630040152322,0.2363887780642304,1.2279683098821517,0.00907300127475576,0.0,0.058268908123975775,0.0,0.0,0.4519851237430572,668,167,0,0,16,18,190
"Mustard, sweet",1.0116009116784799,4.640261505799361,0.32104776629558124,4.629165691544307,2.0690123461892966,4.994312320064325,4.917893242397641,0.18232155679395465,0.09531017980432487,1.0793809267402221,0.005982071677547464,0.0,0.05150755714593194,0.0,0.0,0.5221893824163057,668,257,0,0,16,18,190
Nasturtium flowers and leaves,0.6931471805599453,5.198497031265826,0.13102826240640408,3.5553480614894135,0.733809162278835,4.174387269895637,5.6240175061873385,0.15700374880966478,0.08157998699242289,1.420695787837223,0.0,0.0,0.12221763272424921,0.6931471805599453,0.042101176018635396,0.18232155679395465,671,0,0,0,19,6,2
Natural mineral water,0.0,2.7343675094195836,0.003992021269537453,1.211940973975113,0.0,1.6094379124341003,2.1972245773362196,0.0,0.0,0.05414721807044643,9.999500033330834e-05,0.0,0.0,0.0,0.0,0.019900661706336177,672,0,0,0,20,23,12
Navy beans (dry seeds),0.0009995003330835331,4.8914226656302775,0.4872645136423342,4.9185200051884514,1.8787013993618633,5.975988261968483,6.5245058508019955,0.15149409299869515,0.37717340751605727,1.9908054689632042,0.011928570865273802,0.0,0.3735320610051553,0.08121125542482321,0.0,1.3034948808477103,673,0,0,0,12,39,154
"Navy beans (dry seeds), PROCESS Cooking in water",0.0,3.9051422443359236,0.15980811570274195,3.80029304148484,1.1448595398334294,4.939599520979504,6.059123195581797,0.04947020499808753,0.11955923505763925,1.2597588483256057,0.0034796532642492046,0.0,0.11141358737090361,0.10210522293715366,0.0,0.6646007228675558,673,11,0,0,12,39,154
"Navy beans (dry seeds), PROCESS Steaming",0.0,3.9051422443359236,0.15980811570274195,3.80029304148484,1.1448595398334294,4.939599520979504,6.059123195581797,0.04947020499808753,0.11955923505763925,1.2597588483256057,0.0034796532642492046,0.0,0.11141358737090361,0.10210522293715366,0.0,0.6646007228675558,673,18,0,0,12,39,154
"Nectar, apple",0.22633844221072896,2.097141118779237,0.02329791222482187,1.6376087894007967,0.1414995622736995,1.9859154836690125,4.189654742026425,0.008534902449837406,0.009242867081177457,0.15333401992070234,0.0009995003330835331,0.0,0.021901263953100932,0.17596808282177934,0.002995508979798479,0.037158147966932925,674,34,0,0,9,34,76
"Nectar, apricot",0.18398683611301586,2.449772812066054,0.03713520666225992,1.8614928072427301,0.26620304077465673,2.2587824703356527,4.672828834461906,0.01671663803268763,0.015029348543522038,0.25386672395705034,0.0010161502111235613,0.0,0.06404732909393708,0.10651984337767273,0.0009995003330835331,0.05894253563345002,674,38,0,0,9,34,76
"Nectar, banana",0.06765864847381481,1.9459101490553132,0.0295588022415444,2.1972245773362196,0.21107097007994055,1.9459101490553132,4.406719247264253,0.011928570865273802,0.008959741371471902,0.1097508639591192,0.0,0.0,0.07232066157962612,0.06765864847381481,0.0,0.044973365642731154,674,44,0,0,9,34,76
"Nectar, mango",0.3045391895182038,2.1714996860977838,0.020362694518884616,2.005333569526114,0.2287279296081104,1.8382794848629478,4.0329756158458085,0.014043780001935537,0.015085637418040853,0.17046584041758525,0.0010280428114288656,0.0,0.03578073728083786,0.20798930354253242,0.0,0.057594826534582116,674,164,0,0,9,34,76
"Nectar, orange",0.09531017980432487,2.2617630984737906,0.022041016591159424,2.005333569526114,0.15333401992070234,2.2497869074270747,4.610868207102729,0.012069724087330456,0.037708581447185065,0.12914679430669856,0.0010394595746624452,0.0,0.029697488879309168,0.0916671885258238,0.0,0.04745594115629536,674,182,0,0,9,34,76
"Nectar, peach",0.36325325929885494,2.1484344131667874,0.023521195041345824,1.8718021769015913,0.2963940130538025,2.1785324443240666,4.367637897221782,0.0171380159446744,0.01324522675002064,0.17058630057553376,0.0009995003330835331,0.0,0.016576139261820753,0.1501426584297195,0.0009995003330835331,0.069992371820035,674,193,0,0,9,34,76
"Nectar, pear",0.20294084399669032,2.2391887764352516,0.034401426717332394,1.7692866133759964,0.09414066501960346,1.8607523407150064,4.101462029990965,0.015732731846067587,0.014067257211435494,0.16950163641375338,0.0009995003330835331,0.0,0.016013946696064815,0.11778303565638346,0.002995508979798479,0.06685725935652988,674,195,0,0,9,34,76
"Nectar, pineapple",0.04974209189481407,2.531426665422893,0.025667746748577788,2.0794415416798357,0.1545587598165982,1.6650077635889111,4.358538653366668,0.014184634991956433,0.027615167032973367,0.18279763392744067,0.0009995003330835331,0.0,0.05042148590151608,0.06241126012139706,0.0,0.058268908123975775,674,200,0,0,9,34,76
New potatoes,0.09531017980432487,1.9740810260220096,0.11332868530700317,3.002849741322855,0.8140997909776079,3.8562082263217494,5.945794510274793,0.026781022677642013,0.14718771907200823,0.37647757123491216,0.0008853222722738525,0.0,0.3686035148040062,0.06578774053800308,0.0,0.34864277224146817,675,0,0,0,17,62,196
"New potatoes, PROCESS Baking",0.09531017980432487,2.302585092994046,0.08879549878313117,3.0099169085459474,0.7419373447293773,3.7376696182833684,5.84354441703136,0.009950330853168083,0.048790164169432,0.4054651081081644,0.0009995003330835331,0.0,0.17142911562753096,0.09531017980432487,0.0,0.3405455620088487,675,9,0,0,17,62,196
"New potatoes, PROCESS Cooking in water",0.09531017980432487,2.4030766315403684,0.07960305059896697,2.9813435361018916,0.6190392084062234,3.972983705217833,6.0641173794264205,0.04333312470637383,0.11205236094739843,0.7687845947655653,0.0008662913279578211,0.0,0.3248746313889345,0.06578774053800308,0.0,0.2656555455515638,675,11,0,0,17,62,196
"New potatoes, PROCESS Steaming",0.09531017980432487,2.441104027129607,0.08486622064324159,3.002849741322855,0.6951451832226183,3.8976342679760463,6.009865632478873,0.041690188958942595,0.11166914576738776,0.6765821636852503,0.0007996801705643322,0.0,0.2963940130538025,0.07325046173959267,0.0,0.27002713721306015,675,18,0,0,17,62,196
Nile perch,0.9042181506398859,4.564348191467836,0.0295588022415444,3.295836866004329,1.8573911426568848,5.484796933490655,5.802118375377063,0.11332868530700317,0.07232066157962612,0.33647223662121295,0.0,0.0009995003330835331,0.20701416938432615,0.9042181506398859,0.0,0.4780957991430719,676,0,0,0,6,27,48
"Nile perch, PROCESS Baking",0.9764446546939022,4.7535901911063645,0.03343477608623739,3.367295829986474,1.8587948705642137,5.568344503761097,5.82600010738045,0.11422114409002286,0.0639133257436528,0.3435897043900769,0.0,0.0010993954433009636,0.22314355131420976,0.9764446546939022,0.0,0.5533102353721461,676,9,0,0,6,27,48
"Nile perch, PROCESS Cooking in water",0.9824529341278238,4.795790545596741,0.03343477608623739,3.367295829986474,1.7146984230915934,5.556828061699537,5.749392985908253,0.10074990310014306,0.06859279146561172,0.3393253056036194,0.0,0.0009995003330835331,0.18481843699254183,0.9824529341278238,0.0,0.5732368838873878,676,11,0,0,6,27,48
"Nile perch, PROCESS Frying",0.9884253296333542,4.770684624465665,0.0344014267173324,3.4011973816621555,1.8959693231284853,5.58724865840025,5.846438775057725,0.12486898204586927,0.07138999608667293,0.34924742810993575,0.0,0.0010993954433009636,0.20375683751401966,0.9884253296333542,0.0,0.5618988939499914,676,14,0,0,6,27,48
"Nile perch, PROCESS Steaming",0.9824529341278238,4.795790545596741,0.03343477608623739,3.367295829986474,1.7146984230915934,5.556828061699537,5.749392985908253,0.10074990310014306,0.06859279146561172,0.3393253056036194,0.0,0.0009995003330835331,0.18481843699254183,0.9824529341278238,0.0,0.5732368838873878,676,18,0,0,6,27,48
Noble rot wine,0.0,2.70805020110221,0.048790164169432,2.4849066497880004,0.07696104113612832,2.6390573296152584,4.709530201312334,0.009950330853168083,0.0009995003330835331,0.4574248470388754,0.000499875041651048,0.0,0.011928570865273802,0.0,0.0,0.18232155679395465,677,0,0,0,1,71,92
Non dairy coffee creamer,1.2267122912954254,2.3848231912310176,0.1079571415050923,2.921624301400269,0.6146449524049877,5.377260568888156,5.9138890315067965,0.02399550555621568,0.05826890812397577,0.3813675565291039,0.0008995952428360929,0.0,0.03536714383729131,0.9730490656927641,0.002995508979798479,0.1397619423751587,678,0,0,0,15,41,115
"Non dairy coffee creamer, QUAL Half fat or medium fat",0.4054651081081644,1.3873652161213836,0.0,0.7592469822644691,0.0,6.154615419744767,6.5245058508019955,0.009950330853168083,0.0,0.18232155679395465,0.0,0.0,0.0009995003330835331,0.4054651081081644,0.0,0.1397619423751587,678,21,0,0,15,41,115
Non-fermented tea leaves (green or white tea),1.1314021114911006,5.713732805509369,0.6261309257071586,4.9185200051884514,2.606231553765013,5.752572638825633,6.5245058508019955,0.41314979086671205,0.0246926125903715,2.1550789558854557,0.0,0.0,0.22314355131420976,1.1314021114911006,0.042101176018635396,1.4350845252893227,680,0,0,0,3,17,192
"Non-fermented tea, infusion",0.0,1.6739764335716716,0.02518029853029825,1.1216775615991057,0.19638881400539013,1.6094379124341003,3.060270794691562,0.013574120027117902,0.0009995003330835331,0.05826890812397577,9.999500033330834e-05,0.0,0.0009995003330835331,0.0,0.0,0.2152457791870692,679,147,0,0,3,16,191
"Noodle, rice",0.09531017980432487,2.849880396541428,0.07510747248680541,2.5649493574615367,1.4439903288645448,4.782718464029388,3.172083663361442,0.015732731846067587,0.03274373881183038,0.6567795363890705,0.014987129808248343,0.0,0.013480161556692676,0.0,0.0,0.547295303547382,681,225,0,0,10,51,141
"Noodle, rice, PROCESS Cooking in water",0.09531017980432487,2.424802725718295,0.02936460862990393,1.7227665977411035,0.09531017980432487,4.084294226368599,2.5257286443082556,0.009950330853168083,0.009950330853168083,0.262364264467491,0.005783244755727333,0.0,0.009950330853168083,0.09531017980432487,0.0,0.262364264467491,681,225,5,0,10,51,141
"Noodle, rice, PROCESS Steaming",0.09531017980432487,2.424802725718295,0.02936460862990393,1.7227665977411035,0.09531017980432487,4.084294226368599,2.5257286443082556,0.009950330853168083,0.009950330853168083,0.262364264467491,0.005783244755727333,0.0,0.009950330853168083,0.09531017980432487,0.0,0.262364264467491,681,225,8,0,10,51,141
Nougat,1.791759469228055,4.494797128506721,0.2980919865064345,4.189654742026425,1.2314767923049286,5.091995814391869,5.9303487332479135,0.16321154672593322,0.10526051065749296,1.2079790542933344,0.0028815586050633217,0.00010399459237492543,0.09660803851992483,1.7847852054907187,0.004134299138454991,0.5755694809635273,682,0,0,0,18,19,189
"Nougat, QUAL Low / Reduced sugar",1.791759469228055,5.313205979041787,0.46499108742219125,4.2626798770413155,1.2806560290968938,5.313205979041787,6.059123195581797,0.22314355131420976,0.09531017980432487,0.8783811588009349,0.0,0.00019998000266626675,0.23190505698278252,1.7847852054907187,0.006975613736425242,0.7774883289936961,682,22,0,0,18,19,189
"Nougat, QUAL Sugar free",1.791759469228055,5.313205979041787,0.46499108742219125,4.2626798770413155,1.2806560290968938,5.313205979041787,6.059123195581797,0.22314355131420976,0.09531017980432487,0.8783811588009349,0.0,0.00019998000266626675,0.23190505698278252,1.7847852054907187,0.006975613736425242,0.7774883289936961,682,27,0,0,18,19,189
Nut cream cake,0.0,4.2017030805426,0.14010970798464517,3.427514689979529,1.2756979397778638,4.93014804318357,5.14865659199363,0.12186358775684057,0.07194849931258404,0.6252965136517709,0.0025966258472659787,0.00042790843412586444,0.052971884766105724,1.5080694180458114,0.001998002662673056,0.49335387785395085,683,0,0,0,10,26,18
Nutmeg seed,0.0,5.1458319660398395,0.6261309257071586,4.9185200051884514,1.0875031914663662,5.357933076222391,5.860786223465865,0.06284065200175337,0.27133489677171696,1.59156485089939,0.0015987213636970278,0.0,0.19650619178591106,1.3137236682850553,0.0,1.1564318595569358,684,0,0,0,12,60,177
Nuts-seeds based halva,0.9555114450274363,5.452998517895294,0.032052223674668756,4.824305715904762,1.6861872909596387,5.520889325963289,5.538570847469518,0.07722555641342782,0.37717340751605727,1.9387416595767009,0.03382154847551067,0.0,0.06565397022143682,0.4200252594394941,0.001998002662673056,0.9373250932715316,685,0,0,0,18,19,189
Oat bran,1.6486586255873816,3.5313898730211633,0.36761488397706676,4.9185200051884514,1.6093807679442422,6.057118517329419,6.024139155920822,0.07298489275648892,0.37717340751605727,1.840209439483677,0.002083542203377881,0.0,0.11205236094739844,0.5877866649021191,0.0020977980821461294,1.544823197917697,686,0,0,0,10,14,24
Oat flour,0.6418538861723948,4.027899462813948,0.27437970121190214,4.889274437091989,1.7282363054565582,6.001768422246254,5.781184335724529,0.11205236094739843,0.37717340751605727,1.7578579175523736,0.008563230660487873,0.0,0.16551443847757338,0.6601073264817453,0.003992021269537453,1.5353299402803784,687,0,0,0,10,14,22
Oat groats,0.412109650826833,4.206822545648791,0.4205882696823851,4.815662619748743,1.882774724749499,5.811140992976701,5.97235453703996,0.12449064797237355,0.37717340751605727,1.5276078941864684,0.0027248556352213846,0.0,0.3336110043401807,0.6108519378331151,0.006975613736425242,1.5377884541185858,688,0,0,0,10,14,24
Oat high-bran flakes,1.0939346991169985,3.316780039849572,0.38458189719174024,4.820281565605037,1.6327637377375972,5.799092654460526,5.993961427306569,0.04797350426287604,0.37717340751605727,1.7051635903227242,0.0,0.0,0.11867152971749864,1.0939346991169985,0.0020977980821461294,1.5181994319998293,689,0,0,0,10,11,147
Oat porridge,0.09531017980432487,4.176582660459073,0.10276285895288612,3.4153820166541116,1.3364661583747866,4.832419582486366,4.92663237417108,0.09140646632385152,0.05475871145912687,0.7687183674070194,0.0021690744276955175,0.00029995500899797546,0.06885952926393903,0.38362841349898996,0.004987541511039074,0.6698054408441008,690,0,0,0,10,11,144
"Oat porridge, INGRED Cow milk, skimmed (low fat)",0.09531017980432487,4.617098756853365,0.07241368050904533,3.3068867021909143,0.18232155679395465,4.827513417131532,5.172187089403825,0.11714791337399856,0.0596157096743545,0.5877866649021191,0.0031948908965191976,0.00029995500899797546,0.048790164169432,0.09531017980432487,0.0,0.6418538861723948,690,5,30,0,10,11,144
"Oat porridge, INGRED Cow milk, whole",0.09531017980432487,4.6235712713589825,0.04764665346735304,3.030823593365261,0.7170729486775889,4.713127327493184,5.009873098937406,0.13478061202495456,0.06109509935981088,0.4733314193384102,0.001627246744156224,0.0003856399170819317,0.04319631644294135,0.19688170812528435,0.004987541511039074,0.5202383278040982,690,5,33,0,10,11,144
"Oat porridge, INGRED Tap water",0.09531017980432487,2.114532861491106,0.06452959252628268,3.016934481204594,0.5898480308901205,4.0692709246699845,3.984742258655911,0.009950330853168083,0.05286348955706782,0.5246439945082865,0.0010280428114288656,0.0,0.017278435800272683,0.17898265552844,0.01587334915629015,0.4377939952235244,690,6,0,0,10,11,144
Oat rolled grains,0.5596157879354227,3.7308436532129683,0.3032741672116171,4.820281565605037,1.6422922493050476,5.921961341341008,5.926163830811561,0.06819255131618233,0.37717340751605727,1.7179335085873995,0.002995508979798479,0.0,0.12019282818534208,0.7608058290337602,0.0020977980821461294,1.4765919991006713,691,0,0,0,10,11,13
"Oat rolled grains, instant",0.5877866649021191,3.396424102909498,0.3303309685991304,4.799326200429049,1.6422922493050476,5.842301408791763,5.904583031815827,0.039220713153281295,0.37717340751605727,1.6646022759845176,0.0035650661644961576,0.0,0.12600312620373105,0.7419373447293773,0.0020977980821461294,1.5050293245016562,691,148,0,0,10,11,13
Oats drink,0.33647223662121295,2.0794415416798357,0.05164323315183845,2.667228206581955,0.09531017980432487,3.784189633918261,3.7376696182833684,0.009950330853168083,0.0295588022415444,0.4700036292457356,0.0008995952428360929,0.0,0.009950330853168083,0.33647223662121295,0.0,0.4054651081081644,692,0,0,0,15,41,114
Ocean perch,0.6418538861723948,3.173878458937465,0.019802627296179712,3.095577608523707,0.7884573603642702,5.170483995038151,5.780743515792329,0.048790164169432,0.048790164169432,0.5709795465857379,0.03536714383729131,0.0,0.0,0.6418538861723948,0.0,0.289680075114454,693,0,0,0,6,27,106
"Ocean perch, PROCESS Baking",0.18232155679395465,4.110873864173311,0.04974209189481407,3.4965075614664802,1.1939224684724346,5.429345628954441,5.673323267171493,0.11332868530700317,0.05826890812397577,0.7419373447293773,0.012521280553671747,0.001998002662673056,0.11332868530700317,0.18232155679395465,0.0,0.5128236264286639,693,9,0,0,6,27,106
"Ocean perch, PROCESS Cooking in water",0.0,1.3873652161213836,0.0,0.7592469822644691,0.0,1.6094379124341003,2.1972245773362196,0.0,0.0,0.7884573603642702,0.0,0.004400304444482228,0.0,0.0,0.0,0.019900661706336177,693,11,0,0,6,27,106
"Ocean perch, PROCESS Steaming",0.0,1.3873652161213836,0.0,0.7592469822644691,0.0,1.6094379124341003,2.1972245773362196,0.0,0.0,0.7884573603642702,0.0,0.004400304444482228,0.0,0.0,0.0,0.019900661706336177,693,18,0,0,6,27,106
Octopuses,1.1314021114911006,3.8562082263217494,0.525742385054271,3.492169159867882,2.1316272948504063,5.08847778086019,5.520889325963289,0.05638033343610764,0.06230388333615485,0.7143493882105483,0.03536714383729131,0.00568381646829767,0.3506568716131694,1.0715836162801904,0.0,1.0347084866886294,694,0,0,0,6,46,21
"Octopuses, PROCESS Baking",1.308332819650179,3.5263605246161616,0.6261309257071586,3.6375861597263857,1.951181942984412,5.049856007249537,5.638354669333745,0.05259245011917058,0.06485097231961633,0.598836501088704,0.0,0.005683816468297672,0.3191807395111519,1.308332819650179,0.0,0.6119371251344021,694,9,0,0,6,46,21
"Octopuses, PROCESS Cooking in water",1.3110318766193438,3.5553480614894135,0.6261309257071586,3.6109179126442243,2.1262058456557202,5.030437921392435,5.552959584921617,0.04305948946044697,0.0639133257436528,0.6201923893912153,0.0,0.0043476779934201485,0.29416103854949005,1.3110318766193438,0.0,0.6302073807860711,694,11,0,0,6,46,21
"Octopuses, PROCESS Frying",1.308332819650179,3.5263605246161616,0.6261309257071586,3.6375861597263857,1.951181942984412,5.049856007249537,5.638354669333745,0.05259245011917058,0.06485097231961633,0.598836501088704,0.0,0.005683816468297672,0.3191807395111519,1.308332819650179,0.0,0.6119371251344021,694,14,0,0,6,46,21
"Octopuses, PROCESS Steaming",1.3110318766193438,3.5553480614894135,0.6261309257071586,3.6109179126442243,2.1262058456557202,5.030437921392435,5.552959584921617,0.04305948946044697,0.0639133257436528,0.6201923893912153,0.0,0.0043476779934201485,0.29416103854949005,1.3110318766193438,0.0,0.6302073807860711,694,18,0,0,6,46,21
Okra,0.09531017980432487,4.2626798770413155,0.05611024565593777,3.7612001156935624,0.7470940938416255,4.110873864173311,5.529429087511423,0.09582952544051113,0.07192191099283135,0.57009133949436,0.0004591802748853456,0.0,0.11714791337399856,0.11689375147149933,0.004987541511039074,0.5956918444092323,695,0,0,0,19,35,172
"Okra, PROCESS Cooking in water",0.13453089295760615,4.429114670772783,0.03578073728083786,3.744449305268747,0.769115665783322,4.288500576663059,5.3586057974048416,0.06498485008941263,0.07762219818500593,0.4762341789963716,0.0009995003330835331,0.0,0.09984533496971613,0.13453089295760615,0.004987541511039074,0.7178397931503169,695,11,0,0,19,35,172
"Okra, PROCESS Steaming",0.13453089295760615,4.429114670772783,0.03578073728083786,3.744449305268747,0.769115665783322,4.288500576663059,5.3586057974048416,0.06498485008941263,0.07762219818500593,0.4762341789963716,0.0009995003330835331,0.0,0.09984533496971613,0.13453089295760615,0.004987541511039074,0.7178397931503169,695,18,0,0,19,35,172
"Olive oil, refined",1.791759469228055,1.3873652161213836,0.007472014838700995,0.7592469822644691,0.0,1.6094379124341003,2.1972245773362196,0.0,0.0,0.11451845344259194,0.0,0.0,0.0,1.7847852054907187,0.042101176018635396,0.04401688541677433,696,222,0,0,2,67,128
"Olive oil, virgin or extra-virgin",1.791759469228055,1.3873652161213836,0.0066445427186685785,1.2190584417439767,0.0,1.6094379124341003,2.1972245773362196,0.0,0.0,0.20917984429682343,0.0021975835434872217,0.0,0.0,1.7847852054907187,0.042101176018635396,0.03777736433402994,696,270,0,0,2,67,128
"Olives, processed",0.5877866649021191,3.8009318150613347,0.12989980639047286,2.790288299339182,0.3919455580206517,2.853180729570085,4.627770017905332,0.04516455195437365,0.030141156911986846,0.7521705210094064,0.0004970193225738431,0.0,0.047428693571110896,0.7663976422995379,0.0009995003330835331,0.1380212978973747,697,214,0,0,12,54,129
Omelette with bacon,0.8505781885087736,4.020749279133698,0.055434706888100586,2.7109032700846165,1.5230081844357128,5.201649122134141,5.33685103055028,0.24484912875647558,0.18041497852337304,0.9103301456800786,0.011928570865273802,0.0013248363024149484,0.15112570102547376,0.7534894095661071,0.006975613736425242,0.8901227457410027,699,0,0,0,4,22,51
Omelette with mushrooms,0.8518588717147662,3.909161773147114,0.08315872695985081,2.653241964607215,1.8467210273020294,5.09637602288443,5.4065309511882695,0.28065745751481647,0.06136384432246035,1.3512591621827945,0.009356094924024954,0.0010765631550194996,0.08539101729658768,0.7426989593891931,0.012916225266546327,0.7685196590109358,700,0,0,0,4,22,51
Omelette with vegetables,1.1631508098056809,4.178736771443731,0.08273139759746476,2.8848007128467095,1.3376291891386096,4.91717895043093,5.303553633343283,0.21913552991667093,0.08525984395082344,0.9837624469891678,0.008249214808370726,0.0009095862010190205,0.1351134738071741,0.772235586878909,0.010939940038334364,0.6423800635062921,701,0,0,0,4,22,51
"Omelette, plain",1.2809338454620642,4.131732094293721,0.06412772248564357,2.5516748262528406,1.4553872276071753,5.230344382961831,4.8342390053216775,0.2895731403979964,0.07682875725472635,1.064267288930174,0.014381798652515989,0.0017670093476190908,0.10178269430994231,0.8422566031477864,0.009950330853168083,0.7836405834928993,698,201,0,0,4,22,51
Onion soup,0.058268908123975775,2.9361339106679556,0.045246477756950974,2.353006578895562,0.28678881647456594,2.7779315666502766,3.977543187436125,0.014297304700824425,0.0170209843343029,0.16138972075291905,0.0016985566355814774,9.999500033330834e-05,0.03633192924739028,0.10309795800356726,0.0,0.13115356783855853,702,0,0,0,4,59,173
Onions,0.18647956694261833,3.3563992387622608,0.05556985115481077,2.289933975440487,0.4848922417394862,3.574750448636164,5.174534223337175,0.021202207650602982,0.04551951530130932,0.3086394949001755,0.0006564511554519708,0.0,0.13864330451069867,0.16228890304371857,0.0007413917678582356,0.20771079079877414,703,0,0,0,19,12,16
Onions and similar-,0.09531017980432487,3.385841993578961,0.05464600111332491,2.303584593327129,0.483395696717889,3.590636406224974,5.196917252106307,0.019802627296179712,0.04415358147330596,0.31907691352341394,0.0007030861103577591,0.0,0.13527986315863952,0.16534493258683786,0.0009995003330835331,0.2451845679053692,704,0,0,0,19,12,16
"Onions and similar-, PROCESS Baking",0.07138999608667293,3.641338509344936,0.07431203296455141,2.496741107435003,0.844702659028719,3.959451698999257,5.496582573739127,0.02385602581542188,0.08879549878313114,0.36355124787816456,0.0022260918465324135,0.0,0.17671060671845593,0.34783599527152803,0.0009995003330835331,0.275356422761144,704,9,0,0,19,12,16
"Onions and similar-, PROCESS Cooking in water",0.0,3.152736022363656,0.0508832103145698,1.9459101490553132,0.4134332777573413,3.4531571205928664,4.6520537718869415,0.012323749688831936,0.03883602378519814,0.1914464645709552,0.0,0.0,0.10885440491208208,0.09075436326846414,0.0009995003330835331,0.1776439672428436,704,11,0,0,19,12,16
"Onions and similar-, PROCESS Frying",0.9162907318741551,3.7246601913947743,0.04508261943940926,2.311119995443883,0.5136786927483972,3.7815888522182037,5.7236784682752155,0.014184634991956433,0.054217585904797104,0.4964368863138911,0.0014275519911854174,9.999500033330834e-05,0.10023310722300792,0.5306282510621704,0.0,0.2711170555770858,704,14,0,0,19,12,16
"Onions and similar-, PROCESS Steaming",0.0,2.995732273553991,0.048790164169432,1.3862943611198906,0.5306282510621704,2.833213344056216,4.51085950651685,0.009950330853168083,0.08617769624105233,0.262364264467491,0.0,0.0,0.11332868530700317,0.1397619423751587,0.0,0.18232155679395465,704,18,0,0,19,12,16
"Onions, PROCESS Baking",1.791759469228055,3.775057150354989,0.07603468627599762,2.9092402422005477,0.8113745619245951,4.191816905030921,5.648471093496504,0.05638033343610764,0.07072470433171026,0.5848458369669675,0.0013419563165679115,0.0,0.1981480357104949,0.22856880795927437,0.0007880227618229753,0.40384474841512225,703,9,0,0,19,12,16
"Onions, PROCESS Cooking in water",0.07232066157962612,3.1570004211501135,0.05005919987273695,1.9459101490553132,0.4134332777573413,3.4657359027997265,4.629862798578463,0.011646204634398685,0.03665331764803547,0.18786173716957,0.0,0.0,0.10855540655434551,0.09075436326846414,0.0008182365816978549,0.1719905979555893,703,11,0,0,19,12,16
"Onions, PROCESS Frying",0.9162907318741551,3.747934216895251,0.042644333052293384,2.2738426241283918,0.5207759546191587,3.784568350075032,5.7670702138921195,0.011363758650315086,0.05984000035601698,0.5108256237659907,0.001582081182651474,9.999500033330834e-05,0.09652156699062195,0.5306282510621704,0.0,0.25979686896224524,703,14,0,0,19,12,16
"Onions, PROCESS Steaming",0.1397619423751587,2.995732273553991,0.04879016416943201,1.3862943611198906,0.5306282510621704,2.833213344056216,4.51085950651685,0.009950330853168083,0.08617769624105234,0.262364264467491,0.0,0.0,0.11332868530700317,0.1397619423751587,0.0,0.18232155679395468,703,18,0,0,19,12,16
Oranges and similar-,0.3886579897917832,3.756204268500191,0.04919824415877191,2.506108857438603,0.3716620737469807,3.06871716631048,5.117993812416755,0.0394954006979284,0.07682875725472633,0.14422402216326582,0.0004532306088222353,0.0,0.07881118042428976,0.25309062768216184,0.0,0.09101525552144407,705,0,0,0,8,33,29
Other fish offal,1.791759469228055,3.879499813722586,0.02625237114406574,2.302585092994046,1.0296194171811581,4.765343509559035,3.8918202981106265,0.41314979086671205,0.2151113796169455,0.33647223662121295,0.008959741371471902,0.008464078412129412,0.09531017980432487,1.7847852054907187,0.0,0.5306282510621704,706,0,0,0,6,29,131
Oyster sauce,0.19392069263730652,3.9863350383926974,0.35667494393873234,4.145399733022385,1.2982824837966773,4.983606621708336,5.925019447699829,0.06297479916138843,0.178146185383474,1.3711807233098425,0.0,0.004987541511039074,0.1275133202989596,0.19392069263730655,0.042101176018635396,0.8341505880231689,707,0,0,0,16,18,190
Oysters,0.6015799870344548,4.556729960582947,0.6261309257071586,3.9582702565934658,1.5374814702328288,5.109402694284438,5.4698668263600805,0.15822400521489413,0.11332868530700317,1.7049818311531229,0.03536714383729131,0.008464078412129412,0.10586039069947735,0.6205764877251099,0.0,1.727842976812722,708,0,0,0,6,46,10
"Oysters, PROCESS Baking",0.7070500857289368,4.605170185988092,0.6261309257071586,3.58351893845611,1.5432981099295553,5.147494476813453,5.247024072160486,0.1972101692877053,0.14410034397375684,1.4393610820565828,0.0,0.008464078412129412,0.1930966299619131,0.7070500857289368,0.0,1.727842976812722,708,9,0,0,6,46,10
"Oysters, PROCESS Cooking in water",0.6386909947638865,4.465908118654584,0.6261309257071586,3.4339872044851463,1.436036453014705,5.0106352940962555,5.10594547390058,0.17311261770864478,0.126632650933366,1.3342112812496654,0.0,0.008464078412129412,0.1697427745870945,0.6386909947638865,0.0,1.727842976812722,708,11,0,0,6,46,10
"Oysters, PROCESS Frying",0.7070500857289368,4.605170185988092,0.6261309257071586,3.58351893845611,1.5432981099295553,5.147494476813453,5.247024072160486,0.1972101692877053,0.14410034397375684,1.4393610820565828,0.0,0.008464078412129412,0.1930966299619131,0.7070500857289368,0.0,1.727842976812722,708,14,0,0,6,46,10
"Oysters, PROCESS Steaming",0.6386909947638865,4.465908118654584,0.6261309257071586,3.4339872044851463,1.436036453014705,5.0106352940962555,5.10594547390058,0.17311261770864478,0.126632650933366,1.3342112812496654,0.0,0.008464078412129412,0.1697427745870945,0.6386909947638865,0.0,1.727842976812722,708,18,0,0,6,46,10
Pacific salmon (generic),0.832909122935104,2.9740707767728116,0.07205484552277121,3.3473946756691793,2.4620765872881,5.495410240662304,5.933002763241819,0.16793281934185503,0.1117969004785165,0.598051263514002,0.02997480446622227,0.004191204618468071,0.4722332845730047,0.7514160886839211,0.002566703197313866,0.5050949490570057,709,0,0,0,6,27,48
"Pacific salmon (generic), PROCESS Baking",1.62924053973028,2.5649493574615367,0.0295588022415444,3.5553480614894135,2.2823823856765264,5.8522024797744745,6.1224928095143865,0.07696104113612832,0.1988508587451652,0.262364264467491,0.02176149178151269,0.003982061060572187,0.3378997886123984,1.62924053973028,0.0,0.38526240079064494,709,9,0,0,6,27,48
"Pacific salmon (generic), PROCESS Cooking in water",1.62924053973028,2.5649493574615367,0.0295588022415444,3.5553480614894135,2.2823823856765264,5.8522024797744745,6.1224928095143865,0.07696104113612832,0.1988508587451652,0.262364264467491,0.02176149178151269,0.003982061060572187,0.3378997886123984,1.62924053973028,0.0,0.38526240079064494,709,11,0,0,6,27,48
"Pacific salmon (generic), PROCESS Frying",1.2933563654606215,1.3873652161213836,0.0,3.258096538021482,2.606231553765013,5.517452896464707,5.991464547107982,0.2776317365982795,0.12486898204586927,0.21672298351128702,0.0,0.0041912046184680715,0.4200252594394941,1.2933563654606215,0.005305898790181402,0.019900661706336177,709,14,0,0,6,27,48
"Pacific salmon (generic), PROCESS Steaming",1.62924053973028,2.5649493574615367,0.0295588022415444,3.5553480614894135,2.2823823856765264,5.8522024797744745,6.1224928095143865,0.07696104113612832,0.1988508587451652,0.262364264467491,0.02176149178151269,0.003982061060572187,0.3378997886123984,1.62924053973028,0.0,0.38526240079064494,709,18,0,0,6,27,48
Paella,0.5877866649021191,3.1166848839716534,0.08842941871210248,2.8951223606547627,1.3376291891386096,4.386303191441142,4.855595330084113,0.10846996202915146,0.060019396687843125,0.6000916000924978,0.007727210915737425,0.0009823744550250747,0.12348105677102117,0.8278528834122366,0.005982071677547464,0.6211907383586738,710,0,0,0,4,22,142
Palm hearts,0.18232155679395465,3.9318256327243257,0.262364264467491,3.295836866004329,0.8960880245566356,4.51085950651685,5.860786223465865,0.039220713153281295,0.08617769624105233,0.6931471805599453,0.0,0.0,0.09531017980432487,0.18232155679395465,0.0,0.05826890812397577,711,0,0,0,19,12,203
"Palm hearts, PROCESS Cooking in water",0.19967019512856765,3.9550824948885928,0.22257195941525207,3.2819847531961774,0.86625979826859,4.430136295244409,5.502423711842162,0.044563557563776765,0.04810966057052732,0.8249270401456615,0.000699755114273342,0.0,0.05799933001208575,0.19967019512856765,0.0,0.3304336327335053,711,11,0,0,19,12,203
"Palm hearts, PROCESS Steaming",0.19967019512856765,3.7457997443666184,0.22838692363720145,3.1660776393012298,0.8652981441495231,4.580584710515477,5.472270673671475,0.07165598890643515,0.07749000174089778,0.6554453133759338,0.0,0.0,0.08157998699242287,0.19967019512856765,0.032467190137501496,0.19014799304341867,711,18,0,0,19,12,203
"Palm kernel oil, edible",1.791759469228055,1.3873652161213836,0.0,0.7592469822644691,0.0,1.6094379124341003,2.1972245773362196,0.0,0.0,0.05414721807044643,0.0,0.0,0.0,1.7847852054907187,0.007968169649176874,0.019900661706336177,712,102,0,0,2,67,136
Palm oil/fat,1.791759469228055,1.3873652161213836,0.0009995003330835331,0.7592469822644691,0.0,1.6094379124341003,2.1972245773362196,0.0,0.0,0.10074990310014308,0.0,0.0,0.0,1.7847852054907187,0.007968169649176874,0.019900661706336177,713,0,0,0,2,67,136
Pan-fried potato,0.6931471805599453,2.494385393742544,0.10214391938288994,3.335261058657753,1.120653305259269,4.139500010895197,6.2938944761943185,0.0207825391825285,0.13764790813636216,0.5924582755993779,0.0016652793190612104,9.999500033330834e-05,0.1771893619639858,0.9707789171582248,0.001998002662673056,0.4032722293155146,714,0,0,0,17,61,151
Pancakes,0.6037693694087286,4.765018886929988,0.06641176551925153,2.8233610476132047,1.010023911291002,4.736198448394496,5.096812990337308,0.14640648509382725,0.07819484758505679,0.5247285289349822,0.0024470036430517842,0.00040491800963665117,0.06140862812864351,0.44455760791426063,0.001998002662673056,0.4844816484263887,715,0,0,0,10,26,201
Pancetta,0.10436001532424277,2.9740707767728116,0.10436001532424277,3.091042453358316,2.1102132003465894,5.147494476813453,6.054103944622758,0.14410034397375684,0.37717340751605727,0.5956918444092323,0.0,0.0,0.2738366656297279,0.10436001532424279,0.0,1.4350845252893225,716,0,0,0,13,55,156
"Pancetta, PROCESS Baking",0.0,2.4849066497880004,0.0,3.295836866004329,2.2512917986064953,5.308267697401205,5.438079308923196,0.3784364357202451,0.10436001532424277,0.7884573603642702,0.0,0.0009995003330835331,0.2468600779315258,0.0,0.0,1.1631508098056809,716,9,0,0,13,55,156
Papayas,1.0296194171811581,3.181025600737103,0.05110041864536323,2.8581108956779433,0.39097974763072274,2.5142342648825204,5.304725362843367,0.033849169351370396,0.029142626886990684,0.30221875814267357,0.0013134227968136466,0.0,0.0265028198659993,0.6248683398066509,0.0,0.1722712209404532,717,0,0,0,8,33,116
Paprika powder,1.791759469228055,5.1937501869096065,0.4762341789963716,4.9185200051884514,2.606231553765013,5.856707914387358,6.5245058508019955,0.41314979086671205,0.37717340751605727,2.1550789558854557,0.003992021269537453,0.0,0.2468600779315258,0.5877866649021191,0.0,1.62924053973028,718,0,0,0,12,60,176
Parsley,1.423108334242607,5.229579564568908,0.11256308618832625,3.5313898730211633,1.3436477863984182,4.162670544721348,6.5245058508019955,0.20852290291487408,0.11396623712968261,1.7420438769821223,0.0006797689047572423,0.0,0.13027609990384997,1.1914952828148235,0.042101176018635396,0.708035793053696,719,0,0,0,19,6,3
Parsley roots,0.9932517730102833,3.797093038754169,0.18232155679395465,3.396424102909498,1.2432896667028863,4.154408802964751,6.101599361926109,0.08092144235222525,0.09531017980432487,0.6678293725756554,9.999500033330834e-05,0.0,0.20701416938432615,0.9932517730102833,0.0,0.24014112768278084,720,0,0,0,19,48,124
Parsnip roots,0.5933268452777344,3.9028380958510733,0.08407850890499231,2.941125224062994,0.7016112589720747,4.101934731488776,5.941298436758619,0.06845939588080775,0.08276427557086942,0.4215259162583487,0.000633132862416588,0.0,0.08931823794819721,0.6626879730752367,0.0009995003330835331,0.3594710312407336,721,0,0,0,19,48,124
"Parsnip roots, PROCESS Baking",0.019802627296179712,3.8372994592322094,0.05638033343610764,2.5416019934645457,0.4668737362368079,3.32862668882732,5.3981627015177525,0.042101176018635396,0.04401688541677433,0.31188676114859837,0.00029995500899797546,0.0,0.08434114843375087,0.019802627296179712,0.0,0.1239859797809912,721,9,0,0,19,48,124
"Parsnip roots, PROCESS Cooking in water",0.5877866649021191,3.8765438553183866,0.08431488758473613,3.1077846345013893,0.7329858346165455,4.211915935267894,5.969803050326803,0.04919824415877191,0.06792563552652878,0.4455096576392231,0.00032851746080077987,0.0,0.09569971431551544,0.456665064806555,0.0009995003330835331,0.39522235355097135,721,11,0,0,19,48,124
"Parsnip roots, PROCESS Frying",0.019802627296179712,3.8372994592322094,0.05638033343610764,2.5416019934645457,0.4668737362368079,3.32862668882732,5.3981627015177525,0.042101176018635396,0.04401688541677433,0.31188676114859837,0.00029995500899797546,0.0,0.08434114843375087,0.019802627296179712,0.0,0.1239859797809912,721,14,0,0,19,48,124
"Parsnip roots, PROCESS Steaming",0.5877866649021191,3.8765438553183866,0.08431488758473613,3.1077846345013893,0.7329858346165455,4.211915935267894,5.969803050326803,0.04919824415877191,0.06792563552652878,0.4455096576392231,0.00032851746080077987,0.0,0.09569971431551544,0.456665064806555,0.0009995003330835331,0.39522235355097135,721,18,0,0,19,48,124
Partridge fresh meat,0.5306282510621704,3.793882763123921,0.2378914079487654,3.5471512942852352,2.606231553765013,5.665437568348308,5.993961427306569,0.137274378903357,0.09660803851992483,2.1400661634962708,0.01587334915629015,0.0007953978729403585,0.42190072885643976,0.44596705141749415,0.0,0.6035350218702581,722,0,0,0,13,3,145
"Partridge fresh meat, PROCESS Baking",0.0,3.337293579682675,0.06672363204290818,3.3270894095084333,2.606231553765013,5.580807412297393,5.788211154272992,0.14236724128692196,0.07417939817425151,1.6008295378975002,0.0,0.0008396473974436157,0.4722332845730047,0.0,0.0,0.6780335427498971,722,9,0,0,13,3,145
"Partridge fresh meat, PROCESS Cooking in water",0.0,2.995732273553991,0.0,3.4011973816621555,2.4423470353692043,5.147494476813453,5.5134287461649825,0.16551443847757338,0.2151113796169455,1.7047480922384253,0.0,0.0004299075764937892,0.4700036292457356,0.0,0.0,1.2237754316221157,722,11,0,0,13,3,145
"Partridge fresh meat, PROCESS Steaming",0.0,2.995732273553991,0.0,3.4011973816621555,2.4423470353692043,5.147494476813453,5.5134287461649825,0.16551443847757338,0.2151113796169455,1.7047480922384253,0.0,0.0004299075764937892,0.4700036292457356,0.0,0.0,1.2237754316221157,722,18,0,0,13,3,145
Passionfruits,1.0296194171811581,2.5427262206768266,0.1199394391050556,3.4011973816621555,1.2195648990857721,4.193974403170942,5.634279268889228,0.11714791337399856,0.02712866738825262,0.8452549587574034,0.0008853222722738525,0.0,0.11332868530700319,0.5469646703818639,0.0,0.3210477662955813,723,0,0,0,8,33,116
Pasta based dishes (cooked),0.33647223662121295,4.793189763896684,0.1593209643108158,3.261387819105555,1.157509929915595,4.92973507600859,4.656134854955652,0.07828291839404411,0.05894253563345002,0.8077505632989492,0.006081470315867959,0.0002856734771606279,0.05759482653458211,1.2646915393606417,0.008959741371471902,0.7188845433759397,725,0,0,0,4,22,142
"Pasta based dishes (cooked), PROCESS Baking",0.0,5.14166355650266,0.048790164169432,3.044522437723423,0.49469624183610705,5.049856007249537,4.74493212836325,0.12221763272424921,0.08617769624105233,0.33647223662121295,0.004888034072775962,0.0003799278182854554,0.05826890812397577,0.29266961396282,0.0,0.6312717768418579,725,9,0,0,4,22,142
"Pasta based dishes (cooked), PROCESS Cooking in water",0.598836501088704,4.7535901911063645,0.37156355643248307,2.9444389791664403,1.1314021114911006,4.875197323201151,4.465908118654584,0.05826890812397577,0.048790164169432,0.6418538861723948,0.0,0.0,0.019802627296179712,0.598836501088704,0.0,0.7419373447293773,725,11,0,0,4,22,142
"Pasta based dishes (cooked), PROCESS Steaming",0.598836501088704,4.7535901911063645,0.37156355643248307,2.9444389791664403,1.1314021114911006,4.875197323201151,4.465908118654584,0.05826890812397577,0.048790164169432,0.6418538861723948,0.0,0.0,0.019802627296179712,0.598836501088704,0.0,0.7419373447293773,725,18,0,0,4,22,142
Pasta flavoured and/or/coloured-deprecated,0.4700036292457356,3.736308147685047,0.13830746899231458,3.5953533961031128,1.4722426732562555,4.79081953287472,5.302878377875599,0.08552217343816201,0.11205236094739844,1.0364835600594973,0.009752291442678272,0.0,0.11332868530700319,0.7612730096075457,0.042101176018635396,1.318130227767261,726,0,0,0,10,51,140
"Pasta for children (dry, to be cooked)",0.09531017980432487,3.1780538303479458,0.178146185383474,3.7612001156935624,1.423108334242607,5.0369526024136295,5.393627546352362,0.07045846364856141,0.15700374880966478,1.3790179521491144,0.0,0.0,0.05826890812397577,0.09531017980432487,0.0,0.7920871284148489,727,261,0,0,7,31,148
Pasta wholemeal,0.5306282510621704,3.4746248502169728,0.26784373023211666,4.724856171790561,1.992754787319254,5.842301408791763,5.927687640630227,0.11077440550190641,0.37717340751605727,1.5833872352341578,0.007996513918676085,0.0,0.19297885126794267,0.22314355131420976,0.0,1.3934118288887545,728,0,0,0,10,51,140
"Pasta wholemeal, PROCESS Baking",0.08525984395082342,2.70805020110221,0.1856493468866293,3.828641396489095,1.1562520681145243,5.056245805348308,4.653960350157523,0.0344014267173324,0.1094948147962813,0.832909122935104,0.0,0.0,0.06952606264861023,0.08525984395082342,0.0,0.8471549930392929,728,9,0,0,10,51,140
"Pasta wholemeal, PROCESS Cooking in water",0.08525984395082342,2.9583764870102223,0.1750731280691266,3.7627493026803918,1.3155141790588434,4.799914262780603,4.544712216950977,0.05732506661926941,0.0995867365715851,0.8685000680378067,0.013376797041638633,0.0,0.055592373423705085,0.12641236235443795,0.0,0.7782539671905035,728,11,0,0,10,51,140
"Pasta wholemeal, PROCESS Steaming",0.18232155679395465,2.6390573296152584,0.17034536574723894,3.7776749528970677,1.547562508716013,4.73368903678907,4.875197323201151,0.019802627296179712,0.11460338273900375,0.8931683144533008,0.006691845289572128,0.0,0.06672363204290817,0.18232155679395465,0.0,0.7554510638961002,728,18,0,0,10,51,140
Pasta with egg-deprecated,0.0,1.3873652161213836,0.1397619423751587,0.7592469822644691,0.0,1.6094379124341003,2.1972245773362196,0.0,0.0,0.05414721807044643,0.0,0.0,0.0,0.0,0.0,0.019900661706336177,729,0,0,0,10,51,140
"Pasta, cooked, with cheese/cream",0.9158906518528154,5.037277225042677,0.09848694671465404,2.8791984572980396,1.3039991183930604,5.031091302663638,4.745366816481375,0.0866363066595467,0.0857188754025375,0.4196966903548887,0.0009995003330835331,0.00045489651888808077,0.05543470688810058,0.8388047529823084,0.001998002662673056,0.8162493776939287,724,86,35,0,4,22,142
"Pasta, cooked, with vegetables",0.0,2.785011242238338,0.0616593803867277,2.379546134130174,0.7861820465271346,3.871201010907891,4.447346100794524,0.03382154847551067,0.04382547954002956,0.47772375226087366,0.0,0.00019998000266626675,0.07473634611401718,0.9218751101680557,0.007968169649176874,0.3430221674849456,724,86,36,0,4,22,142
"Pasta, cooked, with vegetables and cheese/cream",0.3008450589780618,3.044522437723423,0.11154137473290741,2.8903717578961645,0.8637334811354791,4.127134385045092,4.204692619390966,0.026641930946421175,0.0295588022415444,0.41012091964435843,0.0,0.0,0.05732506661926941,0.3008450589780618,0.0009995003330835331,0.4173936789734382,724,86,37,0,4,22,142
"Pasta, filled with meat mix, cooked",0.5031965966014996,4.127134385045092,0.25153662581542763,3.58351893845611,1.943048916774281,5.288267030694535,5.572154032177765,0.13102826240640408,0.1397619423751587,1.0612565021243408,0.0,0.0,0.13102826240640408,0.5031965966014996,0.0,0.8712933659434193,724,113,21,0,4,22,142
"Pasta, filled with meat mix, cooked, PROCESS Baking",0.25696509978972043,3.044522437723423,0.0295588022415444,1.791759469228055,0.953586516617852,4.04305126783455,3.8501476017100584,0.05354076692802982,0.0344014267173324,0.29266961396282,0.0,0.0005998200719676155,0.03536714383729131,0.25696509978972043,0.0009995003330835331,0.5193888544264785,724,113,21,4,4,22,142
"Pasta, filled with meat mix, cooked, PROCESS Cooking in water",0.4668737362368079,3.4808004322611223,0.07878477394942061,2.6100697927420065,0.9685036033210893,4.336169664481891,4.602165676967792,0.057459955673227224,0.04892620933663727,0.4981745062124319,0.0027248556352213846,0.0003884959542446892,0.05988485245622409,0.2895303633093985,0.0009995003330835331,0.5848458369669675,724,113,21,5,4,22,142
"Pasta, filled with meat mix, cooked, PROCESS Steaming",0.25696509978972043,3.5305534028761976,0.0596157096743545,2.330755969960742,0.9643187008847366,4.332611275110531,4.187487893941335,0.06230388333615485,0.04674726253963174,0.3862337461802768,0.001998002662673056,0.0004884521164111137,0.0394954006979284,0.2895303633093985,0.0009995003330835331,0.5575728863056225,724,113,21,7,4,22,142
"Pasta, filled with vegetable mix, cooked",0.3825376034644598,4.0943445622221,0.16720791898390647,3.58351893845611,1.5665304114228238,5.0238805208462765,5.438079308923196,0.1397619423751587,0.11332868530700317,0.8544153281560676,0.0,0.0,0.11332868530700317,0.3825376034644598,0.0,0.6243328645595856,724,114,21,0,4,22,142
"Pasta, filled with vegetable mix, cooked, PROCESS Cooking in water",0.832909122935104,4.605336838767412,0.2983499675762956,2.972122407914857,1.1735135968412274,4.836281906951478,4.617098756853365,0.07076907088820725,0.04879016416943201,0.6418538861723948,0.0029955089797984794,0.0002416374699815934,0.034562444349110925,0.5515836162381584,0.0,0.7104958188945583,724,114,21,5,4,22,142
"Pasta, filled with vegetable mix, cooked, PROCESS Steaming",0.598836501088704,4.6913478822291435,0.3405455620088487,2.959364629383116,1.1676051601550612,4.867534450455582,4.507714849837378,0.0609606997896872,0.048790164169432,0.634306680537012,0.001998002662673056,0.00020997795308651384,0.022739486969489426,0.5515836162381584,0.0,0.7289279178407833,724,114,21,7,4,22,142
"Pasta, gluten free",0.09531017980432487,3.3633471575310576,0.15639306176778492,4.143134726391533,0.18172614147419083,4.191816905030921,5.415211118019536,0.021901263953100925,0.16551443847757338,0.6758556834498842,0.0023971245997214934,0.0,0.042648896147349506,0.0,0.0,0.48989378772495507,724,124,0,0,10,51,141
"Pasta, gluten free, PROCESS Cooking in water",0.0,1.9459101490553132,0.016857117066422903,0.7592469822644691,0.02664193094642118,2.4849066497880004,2.1972245773362196,0.001998002662673056,0.0,0.13278111123381847,0.0,0.0,0.001998002662673056,0.0,0.0,0.20212418409013438,724,124,5,0,10,51,141
"Pasta, gluten free, PROCESS Steaming",0.0,1.9459101490553132,0.016857117066422903,0.7592469822644691,0.4762341789963716,2.4849066497880004,2.1972245773362196,0.001998002662673056,0.0,0.13278111123381847,0.0,0.0,0.001998002662673056,0.0,0.0,0.20212418409013438,724,124,8,0,10,51,141
"Pasta, simple-deprecated",0.09531017980432487,3.0975149678639333,0.12284954427766216,3.8976342679760463,1.6445292322453706,5.0760662740168465,5.359949883628696,0.05826890812397577,0.1094948147962813,1.1496674594683938,0.00920040333459472,0.0,0.11841775481447446,0.18232155679395465,0.0,0.8604759527677586,724,243,0,0,10,51,140
"Pasta, simple-deprecated, PROCESS Baking",0.07696104113612832,2.1972245773362196,0.10255658832509207,2.995732273553991,0.9230677161531787,4.1588830833596715,3.8918202981106265,0.016857117066422903,0.037295784743696894,0.37156355643248307,0.0,0.0,0.05354076692802982,0.07696104113612832,0.0,0.4700036292457356,724,243,4,0,10,51,140
"Pasta, simple-deprecated, PROCESS Cooking in water",0.06765864847381481,2.3581549441488563,0.13077760442790157,3.0713696877596113,0.9005097213116685,3.964886494985214,3.959451698999257,0.018120541113194884,0.036607411342796395,0.4565202789084485,0.0019124558043292553,0.0,0.02218074970114714,0.08617769624105233,0.0,0.4700036292457356,724,243,5,0,10,51,140
"Pasta, simple-deprecated, PROCESS Steaming",0.07696104113612832,2.344549292093078,0.10461738245988035,3.016934481204594,0.953586516617852,4.1340230460402765,3.859224819861175,0.02427440668757314,0.036607411342796395,0.4336359850748607,0.0009995003330835331,0.0,0.0470198906765439,0.08617769624105233,0.0,0.4610349592629751,724,243,8,0,10,51,140
"Pasta-based dishes, uncooked",0.5031965966014996,4.127134385045092,0.25153662581542763,3.58351893845611,1.943048916774281,5.288267030694535,5.572154032177765,0.13102826240640408,0.1397619423751587,1.0612565021243408,0.0,0.0,0.13102826240640408,0.5031965966014996,0.0,0.8712933659434193,730,266,0,0,4,22,142
"Pasta-based dishes, uncooked, PROCESS Baking",0.25696509978972043,3.044522437723423,0.0295588022415444,1.791759469228055,0.953586516617852,4.04305126783455,3.8501476017100584,0.05354076692802982,0.0344014267173324,0.29266961396282,0.0,0.0005998200719676155,0.03536714383729131,0.25696509978972043,0.0009995003330835331,0.5193888544264785,730,266,4,0,4,22,142
"Pasta-based dishes, uncooked, PROCESS Cooking in water",0.3784364357202451,5.267858159063328,0.04470017891790689,2.888783195211027,1.1200941774840094,4.772378104971998,4.462289098419064,0.08722563974801116,0.05381154949128741,0.5685553029742314,0.00486528812510772,0.0003799278182854554,0.03935806635726072,0.2946080325225141,0.0009995003330835331,0.6090665696119274,730,266,5,0,4,22,142
"Pasta-based dishes, uncooked, PROCESS Steaming",0.3784364357202451,5.071595993885943,0.10049153854632245,2.580216829592325,1.1473117457759348,4.466564717496295,4.2169835136802,0.06819255131618233,0.047564924073331,0.45561489179363596,0.0017327835773220072,0.0003799278182854554,0.03935806635726072,0.3505160166231484,0.0009995003330835331,0.6061098292070107,730,266,8,0,4,22,142
Pastas and rice (or other cereal) –based dishes,0.6876319998718352,2.772588722239781,0.05826890812397577,2.0794415416798357,0.8612007655561951,4.343805421853684,4.276666119016055,0.0639133257436528,0.039220713153281295,0.5715443588006965,0.0,0.00029995500899797546,0.026641930946421175,0.6876319998718352,0.0009995003330835331,0.43178241642553783,731,0,0,0,4,22,142
"Pastas and rice (or other cereal) –based dishes, PROCESS Baking",0.5538851132264376,4.61512051684126,0.0,2.9444389791664403,0.0,4.912654885736052,5.198497031265826,0.11332868530700317,0.07696104113612832,0.5877866649021191,0.0,0.0,0.1397619423751587,0.5538851132264376,0.0,0.9162907318741551,731,9,0,0,4,22,142
"Pastas and rice (or other cereal) –based dishes, PROCESS Cooking in water",0.23901690047049992,2.1972245773362196,0.0,2.8903717578961645,0.0,4.060443010546419,4.30406509320417,0.019802627296179712,0.05826890812397577,0.4054651081081644,0.0,0.0,0.0295588022415444,0.23901690047049992,0.0,0.4054651081081644,731,11,0,0,4,22,142
"Pastas and rice (or other cereal) –based dishes, PROCESS Steaming",0.3852624007906449,3.4011973816621555,0.0,2.3978952727983707,0.0,4.406719247264253,5.393627546352362,0.06765864847381481,0.08617769624105234,0.6418538861723948,0.0,0.0,0.2151113796169455,0.3852624007906449,0.0,0.9162907318741551,731,18,0,0,4,22,142
"Pastrami, beef",0.0,2.3978952727983707,0.0,0.7592469822644691,0.9932517730102833,5.170483995038151,5.758000060560998,0.09531017980432487,0.009950330853168083,1.6094379124341003,0.0,0.0017983819413793735,0.1397619423751587,0.0,0.0,0.019900661706336177,732,47,0,0,13,55,37
"Pate, chicken liver",0.0,2.816263785742443,0.3784364357202451,2.4849066497880004,1.7404661748405046,6.002828305758297,5.017279836814924,0.41314979086671205,0.09531017980432487,1.9021075263969205,0.0,0.007968169649176874,0.22314355131420976,0.0,0.0,1.33500106673234,733,80,0,0,13,57,109
"Pate, goose liver",0.2851789422336624,2.7454377331738304,0.16551443847757338,3.0099169085459474,2.4091049363717185,5.426836217349015,5.292586691839052,0.41314979086671205,0.1763513898074508,2.1550789558854557,0.03536714383729131,0.008464078412129412,0.3881736109981034,0.22474227267790678,0.003992021269537453,1.385865697828337,733,127,0,0,13,57,109
"Pate, pork liver",0.3784364357202451,3.005682604407159,0.3354513074871057,2.597384633214691,2.4082312821290324,5.1769565095437695,4.992374334961647,0.41314979086671205,0.12221763272424921,1.964511575005859,0.017418835940903453,0.008464078412129412,0.24830991926060736,0.31612374608308397,0.010939940038334362,1.2999580808764888,733,211,0,0,13,57,109
Peaches and similar-,0.8754687373538999,1.9294488720012413,0.08329017618777587,2.379546134130174,0.5636891133230586,3.054001181677967,5.272999558563747,0.0423750735826594,0.019942673511659636,0.27372802311780614,0.0003356103432146955,0.0,0.02483197570118169,0.7514160886839211,0.001998002662673056,0.09738594598816934,734,0,0,0,8,33,187
Peanut butter,1.7404661748405046,3.80348283685294,0.4254544593335581,4.9185200051884514,2.606231553765013,5.877735781779639,6.5245058508019955,0.09479056430809206,0.1252471730368251,1.0478201218280045,0.004191204618468071,0.0,0.35757453918156845,1.7847852054907187,0.0,1.349926716949016,735,0,0,0,12,54,126
"Peanut oil, edible",1.791759469228055,1.3873652161213836,0.0029955089797984794,0.7592469822644691,0.0,1.6094379124341003,2.1972245773362196,0.0,0.0,0.05448818528406973,0.00905884448834604,0.0,0.0,1.7847852054907187,0.0009995003330835331,0.019900661706336177,736,102,0,0,2,67,166
Peanuts,1.791759469228055,4.275872153114879,0.6261309257071586,4.9185200051884514,2.606231553765013,5.916587048175232,6.5245058508019955,0.11013481481812663,0.37717340751605727,1.3924539234352729,0.0045894523338072864,0.0,0.3045391895182038,1.7847852054907187,0.0,1.4271963524403164,737,0,0,0,12,49,85
"Peanuts, PROCESS Baking",1.791759469228055,4.075841090657541,0.5413271160709693,4.9185200051884514,2.606231553765013,6.043650300278553,6.5245058508019955,0.06351120791771289,0.18801957790859236,1.1812012025550576,0.0053286347180640185,0.0,0.40203064565952956,1.473847258127752,0.0,1.491651305342768,737,9,0,0,12,49,85
"Peanuts, PROCESS Cooking in water",1.791759469228055,3.58351893845611,0.4356709501652302,4.9185200051884514,2.606231553765013,5.746203190540153,6.22455842927536,0.11154137473290741,0.37717340751605727,0.9427379018890033,0.0,0.0,0.27231459532065916,1.7847852054907187,0.0,1.2778736121654701,737,11,0,0,12,49,85
"Peanuts, PROCESS Steaming",1.791759469228055,3.58351893845611,0.4356709501652302,4.9185200051884514,2.606231553765013,5.746203190540153,6.22455842927536,0.11154137473290741,0.37717340751605727,0.9427379018890033,0.0,0.0,0.27231459532065916,1.7847852054907187,0.0,1.2778736121654701,737,18,0,0,12,49,85
Pearl oyster mushrooms,0.0,2.671188607798052,0.0984222155109547,2.9667447366807385,2.4423470353692043,4.602308953707059,5.5634251169612785,0.26401125907531303,0.14533643807428515,0.7594698234910179,0.0024826300079906585,9.999500033330834e-05,0.08434114843375087,0.0,0.0,0.5980512635140018,738,0,0,0,19,47,42
"Pearl oyster mushrooms, PROCESS Baking",0.11332868530700317,2.9014215940827497,0.16720791898390647,1.965712776351493,0.9516578757114464,4.11251186617755,4.852030263919617,0.20701416938432615,0.08157998699242289,0.7227059828014898,0.0021975835434872217,0.0,0.05921185963184609,0.11332868530700317,0.0,0.4369637751675354,738,9,0,0,19,47,42
"Pearl oyster mushrooms, PROCESS Cooking in water",0.0,2.6390573296152584,0.11689375147149933,2.302585092994046,2.1741833781895217,4.219507705176107,4.948759890378168,0.18647956694261833,0.128393214768399,0.7035924384214839,0.0,9.999500033330834e-05,0.06109509935981088,0.0,0.0,0.5417427264007122,738,11,0,0,19,47,42
"Pearl oyster mushrooms, PROCESS Steaming",0.0,2.6390573296152584,0.12044615307586716,2.5649493574615367,2.3455487924261615,4.2626798770413155,5.393627546352362,0.23190505698278252,0.1527210870176639,0.765932850285593,0.0,9.999500033330834e-05,0.07417939817425151,0.0,0.0,0.6108519378331151,738,18,0,0,19,47,42
Pears and similar-,0.09531017980432487,2.3532782073095637,0.05907720669957503,2.0605135317943173,0.24014112768278087,2.6225960525611867,4.911603913490077,0.027615167032973367,0.016013946696064815,0.17239146383123716,0.000574834750842476,0.0,0.018681550945580667,0.4044646077745809,0.004987541511039074,0.10074990310014306,739,0,0,0,8,33,143
"Pears and similar-, PROCESS Baking",0.39068982252601003,2.4849066497880004,0.09608909714865253,2.1316272948504063,0.1861238427436932,2.6790626642289577,4.939599520979504,0.032881984474592896,0.023716526617316044,0.33565557671465696,0.0,0.0,0.02427440668757314,0.39068982252601,0.005982071677547464,0.11064652008706366,739,9,0,0,8,33,143
"Pears and similar-, PROCESS Cooking in water",0.396760667478018,2.302585092994046,0.06832598249924772,1.9042374526547452,0.18172614147419083,2.344549292093078,4.5013957134859,0.02566774674857779,0.01587334915629015,0.20829093817247465,0.00019998000266626675,0.0,0.010798627242225536,0.3451487721001094,0.005982071677547464,0.10268551245342122,739,11,0,0,8,33,143
Peas (with pods) and similar-,0.4054651081081644,3.475509414626707,0.16066006001277525,3.372209844788903,1.4854607326143894,4.274680021044426,5.417369437907725,0.12474288659144332,0.1918003007484984,0.9444616088408514,0.0003999200213269354,0.0,0.1385189341355617,0.29266961396281993,0.027615167032973367,0.4736576594243467,740,0,0,0,19,38,98
"Peas (with pods) and similar-, PROCESS Cooking in water",0.4427608928518613,3.3219480100080148,0.15333401992070234,3.030823593365261,1.3004641045146972,4.250533978739207,5.058971840657547,0.10371630754533709,0.117402010694639,0.8604759527677586,0.0,0.0,0.10821358464023276,0.4427608928518613,0.027615167032973367,0.2694817322363551,740,11,0,0,19,38,98
"Peas (with pods) and similar-, PROCESS Frying",0.0,3.370738174177447,0.11332868530700317,2.772588722239781,0.3001045924503381,3.616308761279101,5.802118375377063,0.04401688541677433,0.13478061202495456,0.4700036292457356,0.00019998000266626675,0.0,0.048790164169432,0.07696104113612832,0.027615167032973367,0.5481214085096876,740,14,0,0,19,38,98
"Peas (with pods) and similar-, PROCESS Steaming",0.42918163472548043,3.3219480100080148,0.15822400521489413,3.3011139231051727,1.4168235661547137,4.290459441148391,5.472870733695481,0.12851885080097833,0.1305268836042239,0.8949211632807152,0.0,0.0,0.12914679430669854,0.42918163472548043,0.027615167032973367,0.2963940130538025,740,18,0,0,19,38,98
Peas (without pods) and similar-,0.11332868530700317,3.648801230546526,0.14817366936139267,3.4790398684260895,1.568318254568888,4.647134385087123,5.477061101994107,0.10949481479628129,0.2808732305224505,0.9474571178206498,0.0010052088939268174,0.0,0.13478061202495456,0.09508288124669209,0.04190940307720961,0.6704632634749927,741,0,0,0,12,39,97
"Peas (without pods) and similar-, PROCESS Baking",0.0657877405380031,3.367295829986474,0.23586232372198446,3.6635616461296463,1.6146244391214004,4.852030263919617,5.6131281063880705,0.1518623493092461,0.2561914053604101,0.9947321581807177,0.0,0.0,0.14496577025018573,0.0657877405380031,0.038258712117090345,0.7124594915923181,741,9,0,0,12,39,97
"Peas (without pods) and similar-, PROCESS Cooking in water",0.039220713153281295,3.3105430133940246,0.1511257010254738,3.1563923335667665,1.4564532192468114,4.518678154634648,5.251525205041278,0.10307218513981407,0.24462544013010945,0.8634925463071842,0.0007711311733459204,0.0,0.09518030124059922,0.1278653709978958,0.022739486969489426,0.5608395286551393,741,11,0,0,12,39,97
"Peas (without pods) and similar-, PROCESS Steaming",0.06485097231961633,3.404999667611894,0.14965077450440592,3.4031003318082416,1.5135561407308178,4.721046643373893,5.48182869147758,0.12272319390791926,0.2710081171816406,0.9171475075941369,0.0009709570400418773,0.0,0.12183829403347671,0.1269850117544888,0.03633192924739028,0.6087557451475398,741,18,0,0,12,39,97
Peas shoots and sprouts,0.08617769624105233,4.04305126783455,0.17395330712343804,2.9444389791664403,1.08417524087034,4.553876891600541,5.159055299214529,0.1397619423751587,0.15700374880966478,0.6830968447064437,0.0,0.0,0.1988508587451652,0.08617769624105233,0.006975613736425242,0.48858001481867097,742,0,0,0,19,38,185
Pecans,1.410986973710262,4.330733340286331,0.6261309257071586,4.9185200051884514,1.6587676135669673,5.889800893331482,6.241898958658095,0.11630045569616067,0.37717340751605727,1.2173824912358537,0.00937260624666483,0.0,0.18647956694261833,1.7847852054907187,0.0009995003330835331,1.727842976812722,743,0,0,0,12,49,195
"Peppercorn (black, green and white) and similar-",0.5306282510621704,6.025658913052238,0.6261309257071586,4.9185200051884514,1.4151247427877676,5.150811229439447,6.5245058508019955,0.2151113796169455,0.10397384038219698,2.1550789558854557,0.0030524792982779673,0.0,0.23111172096338664,0.6286086594223741,0.0,0.8697380626449148,744,140,0,0,12,60,176
"Peppers, dried",0.0,4.8708257315396555,0.5877866649021191,4.9185200051884514,2.498727368805312,5.540142468807828,6.5245058508019955,0.41314979086671205,0.25906211507173194,2.0486140778845763,0.0,0.0,0.0,0.0,0.0,1.247032293786383,745,98,0,0,12,60,176
Perch,0.9162907318741551,4.605170185988092,0.05055730933126649,3.316780039849572,1.9685299328884376,5.460800581122327,5.802118375377063,0.09140646632385152,0.06965931603011198,0.3862337461802768,0.02329791222482187,0.0013990209137073409,0.1918003007484984,0.7710337192170165,0.0,0.5439011200661421,746,0,0,0,6,27,74
"Perch, PROCESS Baking",0.9555114450274363,4.454347296253507,0.050584471803596376,3.451347165347627,1.8587948705642137,5.48289827384825,5.768499551280364,0.10062072916726306,0.05907720669957503,0.6043159668533296,0.017081842481003865,0.0024712297093027096,0.16187586563366513,0.3994470357826014,0.0,0.557081968279072,746,9,0,0,6,27,74
"Perch, PROCESS Cooking in water",0.9824529341278238,4.795790545596741,0.03343477608623739,3.367295829986474,1.7146984230915934,5.556828061699537,5.749392985908253,0.10074990310014306,0.06859279146561172,0.48945605517255086,0.0,0.001972339373578973,0.18481843699254183,0.9824529341278238,0.0,0.5732368838873878,746,11,0,0,6,27,74
"Perch, PROCESS Frying",0.0,4.770684624465665,0.0344014267173324,3.4011973816621555,1.8959693231284853,5.58724865840025,5.846438775057725,0.12486898204586927,0.07138999608667293,0.34924742810993575,0.0,0.0010993954433009636,0.20375683751401968,0.9884253296333542,0.0,0.5618988939499913,746,14,0,0,6,27,74
"Perch, PROCESS Steaming",0.9824529341278238,4.795790545596741,0.03343477608623739,3.367295829986474,1.7146984230915934,5.556828061699537,5.749392985908253,0.10074990310014306,0.06859279146561172,0.48945605517255086,0.0,0.001972339373578973,0.18481843699254183,0.9824529341278238,0.0,0.5732368838873878,746,18,0,0,6,27,74
"Perch, golden",0.883767540168595,2.169053700369523,0.019802627296179712,3.095577608523707,0.0,5.1647859739235145,5.568344503761097,0.048790164169432,0.048790164169432,0.16889853646181394,0.03536714383729131,0.0,0.0,0.883767540168595,0.0,0.289680075114454,746,126,0,0,6,27,74
"Perch, golden, PROCESS Baking",0.0,1.3873652161213836,0.0,0.7592469822644691,0.0,1.6094379124341003,2.1972245773362196,0.0,0.0,0.7884573603642702,0.0,0.004400304444482228,0.0,0.0,0.0,0.019900661706336177,746,126,4,0,6,27,74
"Perch, golden, PROCESS Cooking in water",0.0,1.3873652161213836,0.0,0.7592469822644691,0.0,1.6094379124341003,2.1972245773362196,0.0,0.0,0.7884573603642702,0.0,0.004400304444482228,0.0,0.0,0.0,0.019900661706336177,746,126,5,0,6,27,74
"Perch, golden, PROCESS Steaming",0.0,1.3873652161213836,0.0,0.7592469822644691,0.0,1.6094379124341003,2.1972245773362196,0.0,0.0,0.7884573603642702,0.0,0.004400304444482228,0.0,0.0,0.0,0.019900661706336177,746,126,8,0,6,27,74
Pesto,1.791759469228055,5.456846203345843,0.3250810723475538,3.9143061114427145,1.8496689237176789,5.258239142980626,5.4425413887113026,0.15749203006936602,0.11320112615127183,1.1539568892306853,0.004711383980072902,0.0004938780221697121,0.1112857836772029,1.7847852054907187,0.042101176018635396,0.956005828294393,747,0,0,0,16,18,190
Pheasant fresh meat,0.4700036292457356,3.337293579682675,0.0925791812930932,3.295836866004329,2.4336133554004498,5.567253396178763,5.82262315187072,0.12977434374681035,0.08879549878313117,1.556037135706985,0.0,0.0014275519911854174,0.4441362197087269,0.4700036292457356,0.0,0.9470139045169956,748,0,0,0,13,3,145
"Pheasant fresh meat, PROCESS Baking",0.0,3.2851984677992734,0.402259977159216,3.3063632789913164,2.5909811961794835,5.691806283609486,5.771441123130016,0.2524249225649332,0.15724791924183865,1.843719208158766,0.013902905168991423,0.0014104334423814433,0.43640991195758594,0.0,0.0,1.2296405510745139,748,9,0,0,13,3,145
"Pheasant fresh meat, PROCESS Cooking in water",0.0,2.833213344056216,0.09712671073072275,2.995732273553991,2.2281847704177955,5.384495062789089,5.267858159063328,0.07881118042428978,0.037295784743696894,1.1811135101798533,0.0,0.000499875041651048,0.25696509978972043,0.4265740713183996,0.0,1.0116009116784799,748,11,0,0,13,3,145
"Pheasant fresh meat, PROCESS Frying",0.4265740713183996,2.833213344056216,0.09712671073072274,2.995732273553991,2.2281847704177955,5.384495062789089,5.267858159063328,0.07881118042428978,0.037295784743696894,1.1811135101798533,0.0,0.000499875041651048,0.25696509978972043,0.4265740713183996,0.0,1.0116009116784799,748,14,0,0,13,3,145
"Pheasant fresh meat, PROCESS Steaming",0.0,2.833213344056216,0.09712671073072275,2.995732273553991,2.2281847704177955,5.384495062789089,5.267858159063328,0.07881118042428978,0.037295784743696894,1.1811135101798533,0.0,0.000499875041651048,0.25696509978972043,0.4265740713183996,0.0,1.0116009116784799,748,18,0,0,13,3,145
Piccalilly pickle,0.0,2.833213344056216,0.0295588022415444,1.9459101490553132,0.262364264467491,2.8903717578961645,3.713572066704308,0.019802627296179712,0.0,0.4700036292457356,0.0,0.0,0.009950330853168083,0.0,0.0,0.09531017980432487,749,0,0,0,16,18,28
Pickled / marinated vegetables,0.07696104113612832,3.0513021247088017,0.04050194330932984,2.5902671654458267,0.4180522236136358,3.279836524657888,4.791056808946542,0.028393074501217887,0.028781801425452048,0.5160689960889824,9.999500033330834e-05,0.0,0.05638033343610764,0.22025939613434678,0.006975613736425243,0.2689360296307256,750,0,0,0,19,69,61
Pickles,0.06765864847381481,2.7814776696570274,0.04620178318613623,2.205129756843333,0.13353139262452263,2.849880396541428,4.693965684771222,0.009950330853168083,0.0295588022415444,0.40260387582713214,0.0,0.0,0.026781022677642013,0.28818194749343196,0.0,0.13602827282310984,751,0,0,0,16,18,28
Pickling spice,0.0,6.025658913052238,0.6184236343640088,4.9185200051884514,1.5206066987274847,5.176149732573829,6.5245058508019955,0.18979357163265562,0.15614868248993136,2.1550789558854557,0.0,0.0,0.1988508587451652,0.0,0.0,1.3339478807476814,752,0,0,0,16,58,165
Pig fresh meat,0.33647223662121295,2.152260418000316,0.07643180058394981,3.1367356810172144,2.358425177902697,5.369973355454472,5.806425014246979,0.20654948536109455,0.37717340751605727,0.7171426861161609,0.01325462520209565,0.0005866850095458979,0.3502543761358096,0.2836740510542421,0.0,1.2552089542236284,753,0,0,0,13,3,82
"Pig fresh meat, PROCESS Baking",0.371563556432483,2.4199871036886846,0.09917283998808368,3.3121059207191976,2.335508547440929,5.537446746631725,5.818300928098793,0.24563164514540783,0.37717340751605727,0.9495597025602833,0.017962700374172524,0.0019894483061530873,0.3173102204164556,0.1602463491420971,0.0,1.4677755940592023,753,9,0,0,13,3,82
"Pig fresh meat, PROCESS Cooking in water",0.33647223662121295,2.5268708488870324,0.12851885080097833,3.248711981153958,2.6048355296212233,5.366443195595637,5.717732340307955,0.26126475913407415,0.37717340751605727,0.9209655023736736,0.01901800583576185,0.0009138680096835525,0.3178301601151652,0.11671579969596077,0.0,1.5270806234207204,753,11,0,0,13,3,82
"Pig fresh meat, PROCESS Frying",1.5040773967762742,2.588837572636232,0.12193946508852416,3.433065120510178,2.606231553765013,5.6231919979369716,6.160242419919574,0.31689407392688784,0.37717340751605727,0.8140997909776077,0.01960652963891831,0.0008995952428360929,0.4722332845730047,0.45234869400701483,0.0,1.3909264734464521,753,14,0,0,13,3,82
"Pig fresh meat, PROCESS Steaming",0.4054651081081644,2.5449708905306503,0.12247044526509768,3.314705350308712,2.588934134497591,5.295026242449823,5.709953868560743,0.22997729089277483,0.37717340751605727,0.9956826783980295,0.021901263953100925,0.0007568563690889313,0.3330992074100267,0.25881952776667966,0.0,1.5804209633636077,753,18,0,0,13,3,82
Pig kidney,0.37156355643248307,2.181224235989778,0.5166656802476736,2.8903717578961645,2.6039481525016908,5.5254529391317835,5.490707116178913,0.41314979086671205,0.3385109733110613,2.08602695303817,0.03536714383729131,0.008464078412129412,0.4083181770905709,0.36325325929885494,0.0,1.2677521087599999,754,0,0,0,13,5,102
"Pig kidney, PROCESS Baking",0.43178241642553783,2.46080909820894,0.5410776669365115,2.9813435361018916,2.606231553765013,5.633257818340763,5.351858133476067,0.41314979086671205,0.24663683872979503,2.1411412156726453,0.0,0.008464078412129412,0.3518633869415103,0.35907206853845386,0.0,1.4592128506093145,754,9,0,0,13,5,102
"Pig kidney, PROCESS Cooking in water",0.35206433138104914,2.436116485618568,0.5747657516162907,2.8982769374032777,2.4529367288488175,5.645446897643238,5.15576582256413,0.41314979086671205,0.15834594899896087,2.0855833563489994,0.03536714383729131,0.008464078412129412,0.23269776411902143,0.3165610320021575,0.0,1.556699966016571,754,11,0,0,13,5,102
"Pig kidney, PROCESS Frying",0.43178241642553783,2.3848231912310176,0.6097655716208943,3.0513021247088017,2.606231553765013,5.687943410626455,5.62040086571715,0.41314979086671205,0.311154428636923,2.1550789558854557,0.03536714383729131,0.008464078412129412,0.3646431135879093,0.43178241642553783,0.0,1.4260300515397242,754,14,0,0,13,5,102
"Pig kidney, PROCESS Steaming",0.35206433138104914,2.436116485618568,0.5747657516162907,2.8982769374032777,2.4529367288488175,5.645446897643238,5.15576582256413,0.41314979086671205,0.15834594899896087,2.0855833563489994,0.03536714383729131,0.008464078412129412,0.23269776411902143,0.3165610320021575,0.0,1.556699966016571,754,18,0,0,13,5,102
Pig liver,0.4700036292457356,2.0794415416798357,0.6261309257071586,3.1660776393012298,2.606231553765013,6.023101632051165,5.8583412344728,0.41314979086671205,0.28195139774279593,2.1550789558854557,0.03536714383729131,0.008464078412129412,0.4722332845730047,0.48612301112561884,0.0,1.727842976812722,755,0,0,0,13,5,102
"Pig liver, PROCESS Baking",0.5877866649021191,2.3978952727983707,0.6261309257071586,3.091042453358316,2.606231553765013,5.840641657373398,5.69035945432406,0.41314979086671205,0.16381808522939498,2.1550789558854557,0.0,0.008464078412129412,0.2934156042995415,0.5877866649021191,0.0,1.727842976812722,755,9,0,0,13,5,102
"Pig liver, PROCESS Cooking in water",0.4265740713183996,2.1972245773362196,0.6261309257071586,2.959364629383116,2.606231553765013,5.890854634208753,5.484796933490655,0.41314979086671205,0.18232155679395462,2.1550789558854557,0.03536714383729131,0.008464078412129412,0.284104251103897,0.33016668405793625,0.0,1.727842976812722,755,11,0,0,13,5,102
"Pig liver, PROCESS Frying",0.0,2.302585092994046,0.6261309257071586,3.295836866004329,2.606231553765013,6.154615419744767,5.955837369464831,0.41314979086671205,0.16551443847757338,2.1550789558854557,0.03536714383729131,0.008464078412129412,0.4382549309311553,0.18232155679395465,0.0,1.727842976812722,755,14,0,0,13,5,102
"Pig liver, PROCESS Steaming",0.4265740713183996,2.1972245773362196,0.6261309257071586,2.959364629383116,2.606231553765013,5.890854634208753,5.484796933490655,0.41314979086671205,0.18232155679395462,2.1550789558854557,0.03536714383729131,0.008464078412129412,0.284104251103897,0.33016668405793625,0.0,1.727842976812722,755,18,0,0,13,5,102
Pig trotters and feet,0.0,3.1354942159291497,0.09531017980432487,2.1972245773362196,1.3862943611198906,5.14166355650266,4.653960350157523,0.19062035960864973,0.23111172096338664,0.9162907318741551,0.0,0.0,0.0,0.0,0.0,1.1631508098056809,756,0,0,0,13,5,138
"Pig trotters and feet, PROCESS Cooking in water",0.0,4.747413519214636,0.06765864847381481,2.1972245773362196,1.7227665977411035,4.6913478822291435,3.6959969218828004,0.1918003007484984,0.08617769624105233,0.5877866649021191,0.0,0.0009995003330835331,0.0,0.0,0.0,1.2237754316221157,756,11,0,0,13,5,138
"Pig trotters and feet, PROCESS Steaming",0.0,4.747413519214636,0.06765864847381481,2.1972245773362196,1.7227665977411035,4.6913478822291435,3.6959969218828004,0.1918003007484984,0.08617769624105233,0.5877866649021191,0.0,0.0009995003330835331,0.0,0.0,0.0,1.2237754316221157,756,18,0,0,13,5,138
Pigeon fresh meat,0.4054651081081644,3.720516539057119,0.262364264467491,3.713572066704308,2.335342657232218,5.373292309712536,5.802118375377063,0.23224486556055537,0.0927093981042675,1.0745147370890493,0.0,0.000499875041651048,0.4700036292457356,0.4054651081081644,0.0,0.6931471805599453,757,0,0,0,13,3,145
"Pigeon fresh meat, PROCESS Baking",0.3646431135879093,3.659891917240684,0.2582017671292728,3.6375861597263857,2.536583799065264,5.717497515838167,5.886897367469552,0.41314979086671205,0.180295696600407,1.6838029943894073,0.0,0.0003999200213269354,0.4722332845730047,0.3646431135879093,0.0,0.9052702285906896,757,9,0,0,13,3,145
"Pigeon fresh meat, PROCESS Frying",0.3646431135879093,4.060443010546419,0.23980399220731702,3.784189633918261,2.475277100812157,5.459585514144159,5.723585101952381,0.2829207553500705,0.07788653865707124,1.2556160374777745,0.0,0.0003999200213269354,0.3981047537018719,0.3646431135879093,0.0,0.8419981272923,757,14,0,0,13,3,145
Pike,0.6418538861723948,3.6635616461296463,0.03357292625569107,3.391627930646005,2.114532861491106,5.476463551931511,5.775438463562637,0.057594826534582116,0.07762219818500594,0.3933925268738952,0.010105905738038233,0.001998002662673056,0.1545587598165982,0.6248683398066509,0.0,0.6418538861723948,758,0,0,0,6,27,74
"Pike, PROCESS Baking",0.714908672341458,3.7612001156935624,0.04114194333117517,3.4011973816621555,1.6871394200979524,5.616771097666572,5.750756932471148,0.06284065200175337,0.07510747248680541,0.506473309027127,0.0,0.002112053757687195,0.13876765941976898,0.3944715666332987,0.0,0.608988872552722,758,9,0,0,6,27,74
"Pike, PROCESS Cooking in water",0.7100042976263682,3.713572066704308,0.0344014267173324,3.4657359027997265,1.5144676748428736,5.564520407322694,5.707110264748875,0.04783732941416013,0.07788653865707124,0.38048912203798724,0.0,0.001998002662673056,0.12486898204586927,0.7100042976263682,0.0,0.6886370250820592,758,11,0,0,6,27,74
"Pike, PROCESS Frying",0.0,3.6888794541139363,0.03536714383729131,3.4965075614664802,1.6871394200979524,5.594711379601839,5.805134968916488,0.05921185963184609,0.08065790301745447,0.3913661837286628,0.0,0.0021975835434872217,0.1380212978973747,0.714908672341458,0.0,0.6754922453212246,758,14,0,0,6,27,74
"Pike, PROCESS Steaming",0.7139297197424739,3.6888794541139363,0.03536714383729131,3.4965075614664802,1.689357535609974,5.5909869805108565,5.802118375377063,0.05921185963184609,0.07973496801885356,0.39001300354924273,0.0,0.0021975835434872217,0.13714983814723364,0.7139297197424739,0.0,0.674473915294324,758,18,0,0,6,27,74
Pike-perch,0.832909122935104,3.9968892260713877,0.03949540069792839,3.7376696182833684,1.7248307923553687,5.328569409718558,5.9138890315067965,0.22314355131420976,0.1484200051182733,0.40203064565952956,0.024553230054777525,0.0017128180036747604,0.20817493562028838,0.8944540372649807,0.002995508979798479,0.4428526401797847,759,0,0,0,6,27,74
"Pike-perch, PROCESS Baking",0.9873082191094353,4.189654742026425,0.05921185963184609,4.02535169073515,2.019691537274062,5.375278407684165,6.013715156042802,0.24373018492259815,0.1458304482115395,0.512224644679698,0.0,0.0017983819413793735,0.211880359035499,0.9873082191094353,0.002995508979798479,0.5341514490694874,759,9,0,0,6,27,74
"Pike-perch, PROCESS Cooking in water",0.9828272556743993,4.219507705176107,0.05732506661926941,3.9889840465642745,1.8367328348707863,5.3471075307174685,5.918893854273146,0.19967019512856765,0.1414995622736995,0.49956243148727997,0.0,0.0015987213636970278,0.19227188764712272,0.9828272556743993,0.002995508979798479,0.5458065926612362,759,11,0,0,6,27,74
"Pike-perch, PROCESS Frying",0.9873082191094353,4.189654742026425,0.05921185963184609,4.02535169073515,2.019691537274062,5.375278407684165,6.013715156042802,0.24373018492259815,0.1458304482115395,0.512224644679698,0.0,0.0017983819413793735,0.211880359035499,0.9873082191094353,0.002995508979798479,0.5341514490694874,759,14,0,0,6,27,74
"Pike-perch, PROCESS Steaming",0.9828272556743993,4.219507705176107,0.05732506661926941,3.9889840465642745,1.8367328348707863,5.3471075307174685,5.918893854273146,0.19967019512856765,0.1414995622736995,0.49956243148727997,0.0,0.0015987213636970278,0.19227188764712272,0.9828272556743993,0.002995508979798479,0.5458065926612362,759,18,0,0,6,27,74
Pine nut kernels and similar-,1.791759469228055,3.1166848839716534,0.6261309257071586,4.9185200051884514,2.1371712208880767,6.154615419744767,6.4375230521814,0.19556678354397528,0.37717340751605727,1.9941170527824301,0.001998002662673056,0.0,0.09816324878673129,1.7847852054907187,0.0,1.727842976812722,760,0,0,0,12,49,195
"Pine nut kernels and similar-, PROCESS Baking",1.791759469228055,3.295836866004329,0.6261309257071586,4.9185200051884514,2.1210632163706555,6.154615419744767,6.399307777621114,0.1391406313890332,0.37717340751605727,2.1550789558854557,0.001998002662673056,0.0,0.07563741420562005,1.7847852054907187,0.0,1.6589081174321878,760,9,0,0,12,49,195
"Pine nut kernels and similar-, PROCESS Cooking in water",1.791759469228055,3.295836866004329,0.6261309257071586,4.9185200051884514,2.2227840227904907,6.154615419744767,6.411818267709897,0.1680535849962497,0.37717340751605727,2.1550789558854557,0.0,0.0,0.09712671073072274,1.7847852054907187,0.0,1.669026703845758,760,11,0,0,12,49,195
"Pine nut kernels and similar-, PROCESS Steaming",1.791759469228055,3.295836866004329,0.6261309257071586,4.9185200051884514,2.2227840227904907,6.154615419744767,6.411818267709897,0.1680535849962497,0.37717340751605727,2.1550789558854557,0.0,0.0,0.09712671073072274,1.7847852054907187,0.0,1.669026703845758,760,18,0,0,12,49,195
Pineapples,0.09531017980432487,2.7536607123542622,0.07973496801885355,2.877592031249766,0.35707486396005933,2.2735975561207935,5.110265135045097,0.024971319392621535,0.07165598890643515,0.24496095430873077,0.00046489192100319097,0.0,0.08552217343816201,0.09531017980432487,0.0,0.10242764757318884,761,0,0,0,8,33,116
"Pineapples, PROCESS Baking",1.1939224684724346,3.3544052201553964,0.17993776543867837,3.0975149678639333,0.7153279302610925,3.694577475228574,5.636319045221148,0.05475871145912687,0.07165598890643515,0.5429885220022246,0.0009995003330835331,0.0,0.10332988389140126,0.4364468457168928,0.0,0.25286877521314327,761,9,0,0,8,33,116
"Pineapples, PROCESS Cooking in water",0.10705907229340779,2.8903717578961645,0.06672363204290818,2.772588722239781,0.2866815721181974,2.1972245773362196,4.812184355372417,0.026641930946421175,0.05732506661926941,0.34217025773585064,0.0,0.0,0.05732506661926941,0.1070590722934078,0.0,0.10436001532424277,761,11,0,0,8,33,116
"Pineapples, PROCESS Steaming",0.10526051065749295,2.8903717578961645,0.06203539091945264,2.8903717578961645,0.2934156042995415,2.302585092994046,5.017279836814924,0.027615167032973367,0.06297479916138844,0.3527673191077153,0.0,0.0,0.06485097231961633,0.10526051065749296,0.0,0.10255658832509207,761,18,0,0,8,33,116
Pistachios,0.0,4.869071729774468,0.6261309257071586,4.9185200051884514,1.9329696377795786,6.154615419744767,6.5245058508019955,0.1587116911548209,0.37717340751605727,2.0373166153791646,0.005345686324752071,0.0,0.43178241642553783,1.7847852054907187,0.042101176018635396,1.365581319522349,762,0,0,0,12,49,195
"Pistachios, PROCESS Baking",1.791759469228055,4.773103005329946,0.6261309257071586,4.9185200051884514,1.8578592709325785,6.154615419744767,6.5245058508019955,0.18683516464683364,0.37717340751605727,1.659587696119572,0.006464772540164654,0.0,0.17647114311577905,1.6654401025493852,0.0,1.0928816139591246,762,9,0,0,12,49,195
"Pistachios, PROCESS Cooking in water",1.7531918760787966,4.77912349311153,0.6108519378331151,4.9185200051884514,1.6945140847892197,6.131226489483141,6.5245058508019955,0.14236724128692196,0.3763795272130678,1.9917026273718292,0.0,0.0,0.16381808522939498,1.7531918760787966,0.042101176018635396,1.4024137429997738,762,11,0,0,12,49,195
"Pistachios, PROCESS Steaming",1.7531918760787966,4.77912349311153,0.6108519378331151,4.9185200051884514,1.6945140847892197,6.131226489483141,6.5245058508019955,0.14236724128692196,0.3763795272130678,1.9917026273718292,0.0,0.0,0.16381808522939498,1.7531918760787966,0.042101176018635396,1.4024137429997738,762,18,0,0,12,49,195
Pita bread,0.2851789422336624,3.95041920293763,0.14928170271575444,3.1774584150281817,1.5024888340911362,4.485742942219218,4.883234729344912,0.054217585904797104,0.12069941380914435,0.7108467576593462,0.0024655295112208106,0.0,0.04429025884657962,0.2468600779315258,0.0,0.5264177185258269,763,0,0,0,10,10,199
Pizza and similar with cheese topping,0.0,5.504314759027276,0.15586349783093303,3.0633909220278057,1.3922764327974382,5.103518288242969,5.030437921392435,0.11849389404778915,0.10526051065749296,0.5213203608586322,0.005319161477599948,0.00028795853596090445,0.09002350264758849,1.0613949008512935,0.0,0.9128180423951825,765,0,0,0,4,22,162
"Pizza and similar with cheese, and mushrooms",0.0,4.6839813664123815,0.09075436326846414,2.653241964607215,1.1753263857358143,4.762173934797756,5.067645548813036,0.13470570285229133,0.052971884766105724,0.41263931185616476,0.001998002662673056,0.00015198844917046925,0.05373032242096778,1.0162446582326807,0.003992021269537453,0.6677268032130341,764,32,0,0,4,22,162
"Pizza and similar with cheese, and vegetables",0.0,4.678420647727684,0.07362213987061368,2.747270914255491,1.0507516923166098,4.580877493419047,5.052416828111211,0.0752929840354313,0.0883771106174129,0.46950350420405323,0.001998002662673056,9.199576825954476e-05,0.05240267879304836,0.7654678421395714,0.003992021269537453,0.5750390920796163,764,33,0,0,4,22,162
"Pizza and similar with cheese, meat, and mushrooms",0.0,4.394449154672439,0.08587183907396387,2.6390573296152584,1.2232458796695214,4.7303333289420975,5.101896885374581,0.09893994785490356,0.08923113372794268,0.43026611590757374,0.0029955089797984794,0.0001533215789793186,0.07942713363132183,0.594615149495674,0.001998002662673056,0.6914791234592483,764,165,17,0,4,22,162
"Pizza and similar with cheese, meat, and vegetables",0.4824261492442927,5.084505142662711,0.0754166392847542,2.9882040071331994,1.401716493007414,5.170483995038151,5.293304824724492,0.1294187807508972,0.1674898871233751,0.6983834473551916,0.0031616633375787574,0.0010794172195641714,0.09394561284252784,0.4898062565419153,0.0029955089797984794,0.779783487219492,764,165,18,0,4,22,162
"Pizza and similar with meat, and vegetables",0.8907677746430692,4.586424143167036,0.08761833561011634,2.760009940032921,1.1312638530859216,4.73368903678907,5.168045960510722,0.11536742199685147,0.12348105677102117,0.6417786953757127,0.002995508979798479,0.00020569312943199551,0.07537247845099049,0.7237733741017062,0.001998002662673056,0.7009736168094093,766,33,0,0,4,22,162
"Pizza base, cooked",0.0,2.624668592163159,0.07492192651725926,2.517696472610991,0.883767540168595,3.879499813722586,4.580877493419047,0.03266078223954838,0.048790164169432,0.4439162944824171,0.002995508979798479,0.0,0.041909403077209605,0.6785410281705831,0.0038724922138738955,0.2953525787560006,767,86,0,0,10,10,199
Plaice,0.5877866649021191,3.8859723282282035,0.03784614249011469,3.1354942159291497,2.0822589974924886,5.298317366548036,5.715146233306516,0.18113037142380148,0.17154945981204353,0.4788925766629816,0.030737026032418895,0.0013248363024149484,0.2125735999644755,0.5877866649021191,0.0,0.43446897137875257,768,0,0,0,6,27,106
"Plaice, PROCESS Baking",0.6423800635062922,4.062903036387282,0.039770012810048216,3.207381445442466,2.129608308916738,5.426836217349015,5.724518373135379,0.180295696600407,0.20561946901877648,0.5195588068402119,0.03536714383729131,0.0018269016270943703,0.2729671948652473,0.530981129969555,0.0,0.4796887198338766,768,9,0,0,6,27,106
"Plaice, PROCESS Cooking in water",0.6460555730260948,4.211068836530242,0.039220713153281295,3.1957534074473464,2.096386448122045,5.385150156163319,5.663456388898899,0.17154945981204353,0.19943616751224091,0.5505956365760388,0.03536714383729131,0.0013562227711401956,0.16599858276202412,0.5334478018022702,0.0,0.4740134363559657,768,11,0,0,6,27,106
"Plaice, PROCESS Frying",0.6423800635062922,4.270695952029551,0.04251199423735404,3.241475656785442,2.1374745729304454,5.299744918539222,5.753932258341672,0.16272605090379838,0.16901918555407586,0.6011102093872307,0.03536714383729131,0.0018269016270943703,0.22793206804600694,0.8671845177662023,0.0,0.5480388287169159,768,14,0,0,6,27,106
"Plaice, PROCESS Steaming",0.6460555730260948,4.01509519056796,0.039770012810048216,3.147840051751449,2.0847666239432425,5.43372200355424,5.618846863850416,0.16090333942037335,0.22280063538240455,0.49852166816696875,0.03536714383729131,0.0014988761237358919,0.2374408560150342,0.40653120629016204,0.0,0.4865622047731547,768,18,0,0,6,27,106
Plums and similar-,0.6418538861723948,2.5427262206768266,0.06792563552652878,2.1972245773362196,0.5456410434513556,2.9813435361018916,5.295456134267004,0.06042292080388428,0.046610920593820965,0.2526468735146847,9.999500033330834e-05,0.0,0.05096466896756025,0.5721088521828892,0.007968169649176874,0.08735655550390935,769,0,0,0,8,33,187
Poached eggs,1.0821440959608024,4.049048287306924,0.06685725935652988,2.468099531471619,1.563782828760141,5.286822987122302,4.910551835539273,0.32125499870747204,0.07138999608667293,1.0324724861635646,0.01122250573673889,0.001293448848548362,0.09608909714865253,0.8390640554601001,0.008959741371471902,0.8285518175661482,770,0,0,0,4,22,51
Polish-type cooked sausage,0.3126185577418125,3.1780538303479458,0.11955923505763925,3.5263605246161616,2.074303363823712,5.318119993844216,5.983936280687191,0.178146185383474,0.37717340751605727,0.9839493803479699,0.0,0.001998002662673056,0.31481073984003355,0.3126185577418125,0.009950330853168083,1.431745624023808,771,0,0,0,13,57,38
Polyols,0.0,1.3873652161213836,0.0,0.7592469822644691,0.0,1.6094379124341003,2.1972245773362196,0.0,0.0,0.05414721807044643,0.0,0.0,0.0,0.0,0.0,0.019900661706336177,772,0,0,0,18,63,139
Pomelos,0.08617769624105233,3.332204510175204,0.048790164169432,1.9459101490553132,0.262364264467491,3.044522437723423,5.442417710521793,0.0295588022415444,0.048790164169432,0.262364264467491,0.0,0.0,0.039220713153281295,0.08617769624105233,0.0,0.09531017980432487,773,0,0,0,8,33,29
"Pomfret, atlantic",0.0,3.4965075614664802,0.0,0.7592469822644691,1.8870696490323797,5.5254529391317835,6.066108090103747,0.08617769624105233,0.019802627296179712,1.0647107369924282,0.0,0.0,0.0,0.0,0.0,0.019900661706336177,774,43,0,0,6,27,106
"Popcorn (maize, popped)",1.791759469228055,2.2867460289643,0.2630453511566047,4.554628488779853,1.3209936448234691,5.537671667910226,5.5429428066781465,0.12851885080097833,0.1889660995126232,1.0944130078265528,0.004390348301292895,0.0,0.27939785286408336,0.5799784824543073,0.0,0.9689916065841291,775,209,0,0,10,13,130
Popcorn kernels,0.9162907318741551,2.63086056241108,0.18588662295845076,4.565835180589414,1.2810925630244958,5.399454691361555,5.49129621781598,0.12095261041766252,0.23721550390140442,1.1895840668738364,0.006478966097709123,0.0,0.2557490253487718,0.9162907318741551,0.00033494390002864393,1.1492148683767125,776,0,0,0,10,14,23
Popped cereals,0.09531017980432487,5.32953914034799,0.2544650155201511,4.001602510523486,2.6032080695786273,5.103171066017259,5.410369727495435,0.41314979086671205,0.37717340751605727,1.856297990365626,0.004930681330208379,0.0008746174106608487,0.4722332845730047,0.9887974226609031,0.001998002662673056,0.834150588023169,777,0,0,0,10,11,147
Poppy seeds,0.4054651081081644,6.025658913052238,0.6261309257071586,4.9185200051884514,2.0587649611692034,6.154615419744767,6.5245058508019955,0.14422402216326582,0.37717340751605727,2.1550789558854557,0.017839918128331,0.0,0.38526240079064494,1.3972343011582251,0.0,1.727842976812722,778,0,0,0,12,49,127
"Poppy seeds, PROCESS Baking",0.0,6.025658913052238,0.6261309257071586,4.9185200051884514,1.62924053973028,6.154615419744767,6.5245058508019955,0.05826890812397577,0.29266961396282,2.1550789558854557,0.017839918128331,0.0,0.35767444427181594,0.0,0.0,1.727842976812722,778,9,0,0,12,49,127
Pork lard,0.7884573603642702,1.3873652161213836,0.019802627296179712,0.7592469822644691,0.016857117066422903,1.6094379124341003,2.1972245773362196,0.0,0.0,0.09531017980432487,0.006975613736425242,0.0,0.019802627296179712,0.6151856390902334,0.0,0.19767921244827444,779,0,0,0,2,1,60
Pork meat loaf,0.5754891370917129,3.6109179126442243,0.12486898204586927,3.4657359027997265,2.1248928045837534,5.393627546352362,5.983936280687191,0.21430460264700543,0.37717340751605727,1.0750024230289759,0.0,0.0013990209137073409,0.262364264467491,0.5754891370917129,0.020782539182528502,1.3302529702362658,780,0,0,0,4,22,51
Port,0.0,2.005333569526114,0.18801957790859236,2.400489307975417,0.08355302281828117,2.497916886524015,4.528751854701185,0.009950330853168083,0.003992021269537453,0.4140000105580018,6.499788759153722e-05,0.0,0.009950330853168083,0.0,0.0,0.15984870094189604,781,0,0,0,1,45,69
Potato baked,0.039220713153281295,2.336019869080283,0.10941798726125497,3.2403577136841006,1.1917556203873443,3.933784497209659,6.163495238883114,0.026920095065043694,0.09336022793524588,0.49469624183610705,0.0003999200213269354,0.0,0.2399163833285368,0.06241126012139706,0.001998002662673056,0.39146276942439634,782,0,0,0,17,61,151
Potato boiled,0.06765864847381481,2.247827157044822,0.10113732481351864,3.1103356562929947,1.0905321127464644,3.7874311278424324,6.008462123476553,0.023437469827448768,0.08157998699242287,0.48796632961990805,0.0003332777901203712,0.0,0.2067818543641153,0.06634938054153393,0.001998002662673056,0.36206041621507024,783,0,0,0,17,61,151
Potato casserole,0.262364264467491,3.8865586665622107,0.07833575715657258,3.011324368313827,1.0202903218926398,4.255410055039943,5.8098570210476845,0.07828291839404411,0.10987886395929396,0.5568364188610181,0.0016557713109413,0.00019998000266626675,0.1256252210534252,0.5039218474491962,0.002995508979798479,0.4352088215928392,784,0,0,0,4,22,51
Potato crisps or sticks,1.791759469228055,3.4847504044804367,0.23969158845291325,4.031201891828268,1.9238940534364226,4.969614867191185,6.5245058508019955,0.08052610730062448,0.1652722784085852,1.0172989327931177,0.0020550298361366594,0.0,0.4722332845730047,1.7847852054907187,0.009327789165216434,0.5828538837964635,785,0,0,0,17,61,151
Potato croquettes,0.33647223662121295,3.4153820166541116,0.09187571735569006,3.1292636661785136,1.2543535396009056,4.1492385093295505,5.750620621500176,0.061632517080659,0.11955923505763925,0.7512813087120208,0.0024826300079906585,0.00011332691159630446,0.19026610560482687,1.7206930207941948,0.003052479298277968,0.40212620684264977,786,0,0,0,4,22,51
Potato flakes,0.18232155679395465,3.591424117963223,0.24790120243993635,4.299550412849643,2.0104933120535646,5.564520407322694,6.5245058508019955,0.15333401992070236,0.10564618913498693,1.1808503869050817,0.002496880198587199,0.0,0.4722332845730047,0.23586232372198446,0.0,0.664159643686693,787,0,0,0,17,61,151
Potato flour,0.0,3.3623575483458916,0.09556988633740383,1.8152899666382492,0.17503315604953498,2.682976563550094,2.995732273553991,0.005385472276337817,0.005584378293900614,0.7045109392102604,0.0003999200213269354,0.0,0.009950330853168083,0.0,0.0,0.17874373544607064,788,0,0,0,17,61,94
Potato soup,0.8754687373538999,3.405947984420753,0.02538923400481951,2.302585092994046,0.4233050262364954,3.4603643589978157,5.241898175214113,0.03412533615787569,0.05894253563345001,0.25829004201733136,0.0015987213636970278,0.00010332799481220606,0.07378138821874865,0.1504868332739361,0.0009995003330835331,0.1691398200918903,789,0,0,0,4,59,173
Potato starch,0.0,3.147840051751449,0.09660803851992482,1.9042374526547452,0.2080589196099489,3.6450768314555435,3.311585222972468,0.006975613736425242,0.005982071677547464,0.6267020811517925,0.0009995003330835331,0.0,0.009950330853168083,0.0,0.0,0.18825629231376917,790,0,0,0,17,61,94
Potato starch-based snacks,0.0,3.5715427474093944,0.1395880142070535,3.4011973816621555,1.5297760845975814,4.469186810116282,6.391198980507161,0.05381154949128741,0.1357788651650019,0.8055826098897335,0.0009709570400418773,9.999500033330834e-05,0.3455735508675585,1.3569513689230164,0.001998002662673056,0.44312783166893144,791,0,0,0,17,61,151
Potatoes and cheese meal,0.18232155679395465,4.6210435351443815,0.09484037249245326,2.946191827993855,1.0587157916687973,4.676715353151187,5.662555305471184,0.09197127853881024,0.11213749993685004,0.37592186130118915,0.0019314668497472155,0.00037326366178437945,0.15214867715658523,0.6049714896562199,0.0029955089797984794,0.4994612936869409,793,0,0,0,4,22,51
Potatoes and meat meal,0.5423242908253617,3.123622786288428,0.061766826395211846,2.8247744754103516,1.2665451080099648,4.255612709818223,5.621952456408569,0.07192191099283135,0.08434114843375087,0.8001420741799042,0.0022973590486834897,0.0003770717566516434,0.17215096358957768,0.299660049211188,0.002995508979798479,0.7123193570629408,794,0,0,0,4,22,51
Potatoes and vegetables meal,0.18232155679395465,3.850755319747601,0.059104138736581276,2.7867733572317377,0.9917691930500606,4.378807172046908,5.484796933490655,0.06122948086911745,0.07576985576597521,0.4330802751411378,0.0015131403398104789,0.0002713917413582158,0.09466061823552925,0.6718213938451929,0.008959741371471902,0.43122567520302874,795,0,0,0,4,22,51
"Potatoes, meat, and vegetables meal",0.2585106951515011,2.9162251367224985,0.0707513245018147,2.949688335052584,1.5013435043655272,4.436413353771471,5.753841674528938,0.07576985576597521,0.07497494316449892,0.7567924457203015,0.0014132865541991767,0.0007568563690889312,0.16515117637997823,0.2893806290873624,0.003992021269537453,0.8763611961369197,792,165,19,0,4,22,51
"Poultry fats, processed",1.308332819650179,1.3873652161213836,0.019802627296179712,0.7592469822644691,0.0,1.791759469228055,2.1972245773362196,0.0,0.0,0.05414721807044643,0.0,0.0,0.0,1.3147983594148207,0.0,0.019900661706336177,796,214,0,0,2,1,60
Powdered drink bases,0.0,4.442651256490317,0.07696104113612832,1.0986122886681098,1.3609765531356006,4.90527477843843,2.1972245773362196,0.19062035960864973,0.37717340751605727,0.9932517730102833,0.0,0.0,0.0,0.0,0.0,0.1397619423751587,797,0,0,0,20,8,55
Pralines,0.6931471805599453,3.983678994334581,0.2963940130538025,3.8531825054052127,1.2971117976409658,4.712100896815435,5.640893386107267,0.09466061823552925,0.09647832842181182,1.2145735600991683,0.0011422045787770104,9.999500033330834e-05,0.0459289318883998,0.7571543105342377,0.0009995003330835331,0.5800584664575493,798,0,0,0,18,19,26
Preparations for gelling home-made food,0.0,6.025658913052238,0.0,4.110873864173311,1.4816045409242156,3.4339872044851463,5.771441123130016,0.0,0.0,0.5877866649021191,0.0,0.0,0.0,0.0,0.0,0.019900661706336177,799,0,0,0,0,44,4
Preparations for pickling vegetables,0.0,1.3873652161213836,0.0,0.7592469822644691,0.0,1.6094379124341003,2.1972245773362196,0.0,0.0,0.05414721807044643,0.0,0.0,0.0,0.0,0.0,0.019900661706336177,800,0,0,0,0,44,4
Preparations for raising and flavouring home-made bakery,0.0,6.025658913052238,0.0009995003330835331,2.302585092994046,0.6935042596567585,6.154615419744767,3.912023005428146,0.0009995003330835331,0.0009995003330835331,0.05414721807044643,0.0,0.0,0.0009995003330835331,0.0009995003330835331,0.0,1.33500106673234,801,0,0,0,0,44,4
Prepared fish salad,1.3862943611198906,3.7443141610020367,0.11600367575630613,3.1018924693823817,1.9132393667657646,4.884013309772668,5.456175451163617,0.12962376779350554,0.04401688541677433,0.6095481566836317,0.028587456851912555,0.0029277100713349337,0.23396478994579306,1.7847852054907187,0.007968169649176874,0.5782973388810034,802,0,0,0,4,22,51
Prepared legume (beans) salad,0.262364264467491,3.5901634811747782,0.06297479916138844,3.08922261664133,0.6933471605626116,4.088773517172645,5.326904823399949,0.046247251165319726,0.07201053597627216,0.9054319885392792,0.001998002662673056,0.0,0.1046602705434329,0.2468600779315258,0.019802627296179712,0.4697535979905263,803,0,0,0,4,59,161
Prepared meat salad,0.262364264467491,3.056356895370426,0.06205888688402181,2.8602943026588865,1.1493054029836278,4.229749199228304,5.450966920249028,0.05756111052453154,0.08984070399978947,0.7501574352767248,0.0032198108411982096,0.00028495939521472596,0.11600367575630613,1.7847852054907187,0.006975613736425242,0.6203076343829876,804,0,0,0,4,59,161
Prepared mixed egg/meat/fish/vegetable salad,0.0,3.58351893845611,0.06952606264861023,2.8903717578961645,1.1187416599632753,4.330733340286331,5.099866427824199,0.08434114843375087,0.13714983814723364,0.6232610530957788,0.020782539182528502,0.00019998000266626675,0.09712671073072275,0.4916428043492167,0.010939940038334362,0.4265740713183996,805,0,0,0,4,59,161
Prepared nut salad,0.8754687373538999,3.409732284111993,0.11044186939949052,2.817971728087599,0.5918261143772191,3.7072805394848274,5.4620141735042855,0.03702049224367887,0.06832598249924772,0.405369865477491,0.0010565844751243797,9.999500033330834e-05,0.11689375147149933,1.1220032414586854,0.012916225266546327,0.21545694202319482,806,0,0,0,4,59,161
Prepared pasta salad,1.791759469228055,2.9839970173355703,0.0754011832147688,2.867898902044106,0.8966320942109706,4.140750935036256,5.055608659738987,0.053698732333934476,0.07557118684707402,0.5430991843162863,0.005252846281448453,0.00019831366787794504,0.09318671472611753,1.3386785071782272,0.005982071677547465,0.3782080991511516,807,0,0,0,4,59,161
Prepared potato salad,1.7047480922384253,2.603747327002519,0.08497120200914558,2.8935413326574437,0.8645762961874763,3.784189633918261,5.746477000608947,0.031221773799952703,0.09323009585099691,0.5109399029501618,0.0008396473974436157,0.0003332777901203712,0.12549922092725835,1.716197449005634,0.005982071677547464,0.2595030321864588,808,0,0,0,4,22,51
Prepared rice salad,0.7884573603642702,3.7770211444396486,0.20179733329461133,3.5388867844353418,1.046115262567351,4.4423150655306864,4.961845129926823,0.05907720669957503,0.04059339696525348,0.6346096649356333,0.0063228258834798065,0.0012991557316200499,0.09505040580624108,1.1311440136705944,0.005982071677547464,0.9230109576322907,809,0,0,0,4,59,161
Pretzels,0.0,4.032469158504013,0.1888005228916638,3.4657359027997265,1.7009591049015584,4.784152841516532,4.993149979755236,0.3070434259304008,0.3191807395111519,1.4247455474941433,0.0,0.0,0.07343631807318222,0.762300039248262,0.0009995003330835331,0.5992759649498747,810,0,0,0,10,26,210
Prickly pears,0.0,3.880089958325137,0.2000211338933555,4.356708826689592,0.48858001481867097,3.2744456760230114,5.274463687668637,0.04401688541677433,0.015310761237091594,0.2947995402206449,0.0009995003330835331,0.0,0.07298489275648892,0.2654364635044612,0.0,0.3616624854497714,811,0,0,0,8,33,116
Probiotic milk-like drinks,0.03149866705937099,4.564348191467836,0.006124066707959991,2.4056572781338597,0.26849925303500694,4.367637897221782,4.827170226600222,0.13390632232959582,0.026920095065043694,0.07045846364856141,0.0010565844751243797,0.00029709871894743157,0.030113433426033946,0.19117117207093717,0.0,0.2893592366538653,812,0,0,0,14,25,146
"Probiotic milk-like drinks, QUAL Semi-skimmed",0.03149866705937099,4.438609486084151,0.03302021102813388,2.2823823856765264,0.26849925303500694,4.252568567436995,4.679482218952643,0.11727497010499979,0.021621700070933468,0.07841501006585629,0.0009995003330835331,0.00025853800474109944,0.02622453963601368,0.02045600856738232,0.0,0.25674410531368286,812,25,0,0,14,25,146
"Probiotic milk-like drinks, QUAL Skim",0.03149866705937099,4.432516034596273,0.007117467768863981,2.2587824703356527,0.26849925303500694,4.143134726391533,4.655319969673563,0.12512112526455257,0.028587456851912555,0.05414721807044643,0.00129915573162005,0.00019998000266626675,0.02622453963601368,0.06466351332572215,0.0,0.25707557871597764,812,26,0,0,14,25,146
Processed and mixed breakfast cereals,1.1291414937029325,3.5992672954242493,0.4961759827162899,4.901032990530066,2.1526256177852554,5.916587048175232,6.244721531848226,0.41314979086671205,0.37717340751605727,2.120686303964062,0.011335509663745602,0.0007322318528122201,0.4722332845730047,1.718184688235992,0.0038426077174503396,1.4449675001999873,813,0,0,0,10,11,147
Processed barley-based flakes,0.22314355131420976,3.662095370207119,0.11332868530700317,4.204692619390966,1.7316555451583497,5.803412315605042,5.081404364984463,0.07696104113612832,0.18232155679395465,1.0986122886681098,0.0,0.0,0.2546422183735807,0.22314355131420976,0.0009995003330835331,0.8241754429663494,814,0,0,0,10,11,147
Processed cheese and spreads,0.33647223662121295,6.025658913052238,0.28238233935687723,3.1898882879949486,1.836687308932375,6.154615419744767,4.923104301610393,0.2776317365982795,0.04470017891790689,0.32001095956714093,0.010826891399036963,0.0012563533147037075,0.06699086881627837,0.47561286801024616,0.0,1.2486729832438428,816,0,0,0,14,15,149
"Processed cheese and spreads, QUAL Half fat or medium fat",0.18232155679395465,6.025658913052238,0.2691543464092371,3.258096538021482,1.8827312474337816,6.154615419744767,4.933445655405126,0.2947995402206449,0.05556985115481077,0.3705778491077238,0.012549496063739502,0.0011422045787770104,0.05299898173260198,0.3894712183538149,0.0,1.6431489697764121,816,21,0,0,14,15,149
"Processed cheese and spreads, QUAL Low fat (naturally or reduced)",0.09531017980432487,6.025658913052238,0.27513945595621386,3.4353687382070706,2.111268919934783,6.154615419744767,4.913704754598888,0.3049605082520536,0.0543528947474364,0.390496492414243,0.013329339753776138,0.001077990188310046,0.05354076692802982,0.21026092548319605,0.004987541511039074,1.6977103986530082,816,23,0,0,14,15,149
Processed cheese wedges and similar,0.4855078157817008,6.025658913052238,0.2579589709995747,3.122994053164918,1.8898795503732437,6.154615419744767,4.663439094112067,0.2851789422336624,0.047428693571110896,0.28195139774279593,0.0084499130026426,0.000999500333083533,0.05556985115481077,0.47871556984775704,0.0,1.2321436812926323,817,0,0,0,14,15,149
"Processed cheese wedges and similar, QUAL Half fat or medium fat",0.35136084911496357,6.025658913052238,0.2579589709995747,3.230239583518516,1.9631083473525341,6.154615419744767,4.917893242397641,0.2579589709995747,0.051507557145931936,0.3116775780079966,0.00836491633162771,0.000999500333083533,0.046883585898850416,0.42133845726445457,0.0,1.6703986122237875,817,21,0,0,14,15,149
"Processed cheese wedges and similar, QUAL Low fat (naturally or reduced)",0.2745968329031254,6.025658913052238,0.2590621150717319,3.5372256544852654,2.10955497510587,6.154615419744767,4.873013916220208,0.2782808765107204,0.06257230368402872,0.29352212893346374,0.008184982878183863,0.0008225187815210065,0.04742869357111091,0.26849925303500694,0.004987541511039074,1.6984948149567933,817,23,0,0,14,15,149
"Processed cheese, sliceable",0.43178241642553783,6.025658913052238,0.24686007793152576,3.438584913733776,1.8371424750758725,6.154615419744767,4.868632748204645,0.29266961396281993,0.04879016416943199,0.34864277224146817,0.008421581581678286,0.0012278173522550975,0.05489394710744982,0.46058440732924394,0.0021975835434872217,1.3827165397720065,815,246,0,0,14,15,149
"Processed cheese, sliceable, QUAL Half fat or medium fat",0.20701416938432615,6.025658913052238,0.1545587598165982,3.703064089105893,1.9397688810332308,6.154615419744767,4.973773700792098,0.28946619424528236,0.033711057342311695,0.40926739405790297,0.009242867081177457,0.0016229679889602038,0.0609606997896872,0.32063317259146684,0.0008995952428360929,1.57455065343366,815,246,9,0,14,15,149
"Processed cheese, sliceable, QUAL Low fat (naturally or reduced)",0.2745968329031254,6.025658913052238,0.15210777819745802,3.5779478934066544,2.113014467935527,6.154615419744767,4.857595108553024,0.3049605082520536,0.046338180922145276,0.4138111353095415,0.00861280309822265,0.001250646187357706,0.058268908123975775,0.16551443847757338,0.004987541511039074,1.5154411554265892,815,246,12,0,14,15,149
"Processed cheese, spreadable",0.3001045924503381,5.927497291338703,0.12653195360427757,3.050626220661441,1.3900017659082124,6.154615419744767,4.869071729774468,0.2490897332587949,0.03784614249011469,0.2689360296307256,0.004930681330208379,0.0006769136993609021,0.07828291839404411,0.4421184257561999,0.0,1.1151415906193203,815,251,0,0,14,15,149
"Processed cheese, spreadable, QUAL Half fat or medium fat",0.06765864847381481,6.025658913052238,0.21280457351903048,3.1780538303479458,1.7876319149648123,6.154615419744767,5.027632870464827,0.2524249225649333,0.04333312470637383,0.30432846356652327,0.005357053901014421,0.0009995003330835331,0.14100340746322362,0.38526240079064494,0.0,1.1720397572229269,815,251,9,0,14,15,149
"Processed cheese, spreadable, QUAL Low fat (naturally or reduced)",0.2745968329031254,6.025658913052238,0.17154945981204353,3.6981223211951137,2.113014467935527,6.154615419744767,4.868632748204645,0.269590837031619,0.046338180922145276,0.4138111353095415,0.00861280309822265,0.0013162761854266308,0.05286348955706782,0.16551443847757338,0.004987541511039074,1.4639165593048964,815,251,12,0,14,15,149
Processed fat (blubber) of marine mammals,1.791759469228055,1.3873652161213836,0.006975613736425242,0.7592469822644691,0.0,1.6094379124341003,2.1972245773362196,0.0,0.0,0.07138999608667293,4.999987500041667e-06,0.0,0.0,1.7847852054907187,0.0,0.05826890812397577,818,0,0,0,2,1,59
Processed maize-based flakes,0.05354076692802982,3.021237563962353,0.11460338273900375,2.7061436228316285,2.606231553765013,3.8912370376683114,4.572204157165545,0.41314979086671205,0.37717340751605727,1.9493735323685348,0.004007672826049496,0.0007164099837411875,0.4722332845730047,0.18896609951262322,0.0,0.2457433832314507,819,0,0,0,10,11,147
Processed mixed cereal-based flakes,0.4700036292457356,2.7245795030534206,0.23966910618580048,4.219087448813544,2.606231553765013,5.380160650013808,5.531807209916391,0.3431167793398815,0.37717340751605727,2.1550789558854557,0.03536714383729131,0.0016785903785551872,0.4722332845730047,0.9242589015233319,0.042101176018635396,1.1167328297813046,820,0,0,0,10,11,147
Processed oat-based flakes,0.6418538861723948,3.6853016327660524,0.3432857068197163,3.3068867021909143,2.041034782890092,5.911957410276489,6.001061208638277,0.19274325225636874,0.37717340751605727,1.809646163322903,0.007429475826875825,0.000699755114273342,0.2577381960787088,1.0408419229178971,0.0020977980821461294,1.510785009092264,821,0,0,0,10,11,147
Processed rice-based flakes,0.06765864847381481,4.926649638023163,0.15415067982725827,3.793989938516553,2.606231553765013,5.063101233999558,5.311809273396336,0.03149866705937099,0.039220713153281295,2.1550789558854557,0.0014789058793992884,0.0010044953256035424,0.4722332845730047,0.3001045924503381,0.0,0.8685000680378067,822,0,0,0,10,11,147
Processed rye-based flakes,0.33647223662121295,4.0125145439744685,0.32052949730237906,4.73911815849783,1.4662601427577724,5.830205328043429,6.1609058898917395,0.1397619423751587,0.2765488994594475,1.5353299402803784,0.0022260918465324135,0.0,0.2830284037704338,0.7438402948754633,0.0,1.2665451080099648,823,0,0,0,10,11,147
Processed wheat-based flakes,0.6931471805599453,5.2326353347083865,0.331090433725898,4.9185200051884514,2.601609737431028,6.130480869963074,6.345937067491515,0.41314979086671205,0.37717340751605727,2.047471620740653,0.007939824576257276,0.0007647075366468053,0.4722332845730047,1.1930736234569355,0.011928570865273802,1.485622432402915,824,0,0,0,10,11,147
Profiterole,0.7793248768009976,4.168656595186652,0.20002113389335557,3.2324969208201657,0.9231244714527203,4.509288414284809,5.278114659230517,0.14471858201508703,0.05448818528406973,0.8000778913872889,0.005129677819998432,0.0003342298532650073,0.05840366993268319,0.775648402071689,0.0,0.3968567335715642,825,0,0,0,10,26,27
Protein and protein components for sports people,0.0,5.716557666144924,0.6261309257071586,4.848676431821186,2.606231553765013,5.630187191567798,6.5245058508019955,0.0,0.03681397312271631,0.6418538861723948,0.0,0.0008139543635373894,0.42620100658734267,1.7847852054907187,0.0,1.5730702682632254,826,0,0,0,15,32,67
Ptarmigan fresh meat,0.0,3.4339872044851463,0.3293037471426004,3.6109179126442243,0.0,5.673323267171493,5.968707559985366,0.41314979086671205,0.1988508587451652,1.8870696490323797,0.0,0.0,0.0,0.0,0.0,0.9162907318741551,827,0,0,0,13,3,79
Pumpernickel,0.5098251234324072,3.5642875765282223,0.19610705110700344,4.0692709246699845,1.1253933113457517,5.119105256125407,5.607586188089499,0.06979255165751579,0.0877491999693949,1.2041727843286023,0.0019837453611522738,0.0,0.1417475473958631,0.6097655716208943,0.0,0.9995283304442107,828,0,0,0,10,10,168
Pumpkin seed oil,1.5040773967762742,1.3873652161213836,0.0,0.7592469822644691,0.0,1.6094379124341003,2.1972245773362196,0.0,0.0,0.05414721807044643,0.0,0.0,0.0,1.5040773967762742,0.0026464949409055363,0.019900661706336177,829,0,0,0,2,67,166
Pumpkin seeds,1.6094379124341003,2.959364629383116,0.6261309257071586,4.9185200051884514,2.4541896771259397,6.154615419744767,6.465255637715394,0.11460338273900376,0.37717340751605727,1.994894657798285,0.005982071677547464,0.0,0.0880108773227133,1.6094379124341003,0.0,1.727842976812722,830,0,0,0,12,49,127
"Pumpkin seeds, PROCESS Baking",1.791759469228055,3.386808644210056,0.5111112972431513,4.9185200051884514,2.4103626851674766,6.154615419744767,6.5245058508019955,0.1344060100351835,0.2126890934103508,2.1550789558854557,0.0055559655706812466,0.0,0.09336022793524588,1.5269254908596361,0.0,1.727842976812722,830,9,0,0,12,49,127
"Pumpkin seeds, PROCESS Cooking in water",1.538156710429137,2.302585092994046,0.46499108742219125,4.9185200051884514,2.3980770744532665,6.154615419744767,6.075346031088684,0.03149866705937099,0.32714314133269456,1.6530719494541617,0.0,0.0,0.0639133257436528,1.538156710429137,0.0,1.727842976812722,830,11,0,0,12,49,127
"Pumpkin seeds, PROCESS Steaming",1.538156710429137,2.302585092994046,0.46499108742219125,4.9185200051884514,2.3980770744532665,6.154615419744767,6.075346031088684,0.03149866705937099,0.32714314133269456,1.6530719494541617,0.0,0.0,0.0639133257436528,1.538156710429137,0.0,1.727842976812722,830,18,0,0,12,49,127
Pumpkins,0.7419373447293773,3.241475656785442,0.0609606997896872,2.3500137865651567,0.5596157879354227,3.405947984420753,5.471670253359231,0.0639133257436528,0.07218776238347065,0.4428526401797847,0.0,0.0,0.06498485008941263,0.7090205297162355,0.004987541511039074,0.15822400521489416,831,0,0,0,19,35,41
"Pumpkins, PROCESS Baking",0.7419373447293773,3.2509280485428693,0.07722555641342782,2.160033549010139,0.6184236343640088,3.5610460826040513,5.660974382164317,0.05448818528406973,0.03894595013465478,0.6582599215595046,0.00019998000266626675,0.0,0.0803942942113939,0.4824261492442927,0.005982071677547464,0.17034536574723894,831,9,0,0,19,35,41
"Pumpkins, PROCESS Cooking in water",0.4427608928518613,3.1039458581942236,0.03522924133414235,2.330755969960742,0.26871766517959045,2.995732273553991,4.805191319881447,0.04439958729668441,0.07005896966894909,0.29915175769506624,0.00019998000266626675,0.0,0.03398726228813615,0.574025749652082,0.004987541511039074,0.15590424347624787,831,11,0,0,19,35,41
"Pumpkins, PROCESS Steaming",0.7452651348220519,3.2291090011482297,0.06109509935981088,2.0393633181124255,0.5653138090500605,3.3848744076302246,5.307560233629214,0.05069311431551812,0.06404732909393708,0.4928652983889978,0.00019998000266626675,0.0,0.062438102516277155,0.5728986079637696,0.004987541511039074,0.16648249276420854,831,18,0,0,19,35,41
Purslanes,0.6931471805599453,4.30406509320417,0.16865719459989675,4.449685283147696,0.6151856390902334,3.828641396489095,6.391246872080648,0.061498189724691024,0.03702049224367887,1.3126478209515922,0.0008995952428360929,9.999500033330834e-05,0.06042292080388428,0.4054651081081644,0.042101176018635396,0.15333401992070236,832,0,0,0,19,37,183
Purslanes and similar-,0.4054651081081644,4.564348191467836,0.16865719459989675,4.649870364905998,0.6151856390902334,3.8830354685548936,6.2875929911786805,0.08276427557086942,0.04251199423735404,1.3784061882708845,0.0008995952428360929,0.0,0.09738594598816934,0.4054651081081644,0.042101176018635396,0.19650619178591106,833,0,0,0,19,37,183
Pyramid cake,1.26779231703889,3.4657359027997265,0.08984070399978947,2.9444389791664403,1.1355868914594711,4.867534450455582,4.836281906951478,0.16296882827813966,0.05164323315183845,0.7654678421395714,0.0,0.0009995003330835331,0.032467190137501496,1.26779231703889,0.005982071677547464,0.670390193437329,834,0,0,0,10,26,201
Quail eggs,1.0647107369924282,4.050541939563708,0.06431528193584041,2.531426665422893,1.5935698204068487,5.378579830293219,4.9638431325894965,0.41314979086671205,0.11077440550190641,1.2685559673241873,0.024595046855380207,0.0018126418859084309,0.11218006671348732,1.085189268335969,0.008959741371471902,0.9019019944220554,835,0,0,0,5,65,206
"Quail eggs, PROCESS Cooking in water",1.085189268335969,3.8918202981106265,0.06015392281974709,2.3978952727983707,1.4107430415222006,5.303304908059076,4.948759890378168,0.28216689176367077,0.07696104113612832,1.007592890280941,0.0,0.0014988761237358919,0.06015392281974709,1.085189268335969,0.008959741371471902,0.8821132800725685,835,11,0,0,5,65,206
Quail fresh meat,0.5306282510621704,2.7454377331738304,0.41012091964435843,3.4657359027997265,2.606231553765013,5.2141590585408135,5.657987819466568,0.14718771907200826,0.1234810567710212,1.5297760845975814,0.0,0.000499875041651048,0.4722332845730047,0.5306282510621704,0.0,1.308332819650179,836,0,0,0,13,3,145
"Quail fresh meat, PROCESS Baking",0.4799539600989036,2.772588722239781,0.4252677354043441,3.4011973816621555,2.606231553765013,5.1298987149230735,5.594711379601839,0.13190507087993858,0.0880108773227133,1.6393849888020524,0.0,0.0003999200213269354,0.36672427979173383,0.4799539600989036,0.0,1.3792697461829262,836,9,0,0,13,3,145
"Quail fresh meat, PROCESS Cooking in water",0.0,2.995732273553991,0.0,3.6109179126442243,2.580216829592325,5.501258210544727,5.659482215759621,0.1988508587451652,0.12221763272424921,1.4350845252893227,0.0,0.000329945561976036,0.4382549309311553,0.0,0.0,1.308332819650179,836,11,0,0,13,3,145
"Quail fresh meat, PROCESS Steaming",0.0,2.995732273553991,0.0,3.6109179126442243,2.580216829592325,5.501258210544727,5.659482215759621,0.1988508587451652,0.12221763272424921,1.4350845252893227,0.0,0.000329945561976036,0.4382549309311553,0.0,0.0,1.308332819650179,836,18,0,0,13,3,145
Quark,0.058268908123975775,4.7930319231576615,0.023437469827448768,2.501435951739211,1.4105339094196607,5.001065843080105,4.927253685157205,0.21164917188847462,0.03935806635726072,0.15357908792830066,0.004120072262463316,0.0006055309148594877,0.050693114315518116,0.08617769624105234,0.0,0.45216692539795306,837,0,0,0,14,15,72
Quiche,0.6497176226326093,4.704368899532109,0.10178269430994231,3.230239583518516,1.7418436717711128,5.043425116919247,5.184188361070264,0.15161686017090753,0.12512112526455257,0.6544063522435148,0.006379606964039027,0.0005198648468510618,0.1265067776875582,0.8060293376166179,0.016857117066422903,0.7703727369733732,838,0,0,0,4,22,162
Quinces,0.33647223662121295,2.5142342648825204,0.12486898204586927,2.114532861491106,0.2604943854647632,3.0197277791102066,5.1769565095437695,0.01980262729617971,0.031637084943182556,0.284104251103897,0.0004042040128360707,0.0,0.039220713153281295,0.3784364357202451,0.0,0.1281418953400845,839,0,0,0,8,33,143
Rabbit fresh meat,0.9932517730102833,2.966009172101785,0.10939237677119684,3.3152244263650075,2.606231553765013,5.434220943317615,5.9003669106423,0.1267585083370939,0.07696104113612832,1.016265340969835,0.013113639145383106,0.005413889844080106,0.3116775780079966,0.5434864060055391,0.0,1.1037893407686201,840,0,0,0,13,3,82
"Rabbit fresh meat, PROCESS Baking",0.3038014543316642,3.095577608523707,0.11090227456416106,3.298478875467168,2.4657238303712266,5.297602825610168,5.780302501452216,0.11663952495430449,0.08118491225231343,1.318550709033371,0.030141156911986846,0.005385472276337817,0.15700374880966475,0.6280751838162304,0.0,0.9613187259072743,840,9,0,0,13,3,82
"Rabbit fresh meat, PROCESS Cooking in water",0.3045391895182038,3.0975149678639333,0.12776479773018556,2.959364629383116,2.503775134092383,5.219583326005533,5.405889720002463,0.12348105677102117,0.04565600612251351,1.1627042815553503,0.01587334915629015,0.006495998100843423,0.242273683628757,0.42500626331499985,0.0,1.0299764962779716,840,11,0,0,13,3,82
"Rabbit fresh meat, PROCESS Steaming",0.3045391895182038,3.030823593365261,0.12221763272424921,2.906120114864304,2.423537703411708,5.178568113438111,5.351858133476067,0.07165598890643515,0.039907290591854855,1.2174529658826287,0.01587334915629015,0.005626995865131681,0.16369680695624894,0.3045391895182038,0.0,0.9358132078868104,840,18,0,0,13,3,82
Radish sprouts,0.0,4.773103005329946,0.0,3.0099169085459474,0.8754687373538999,3.7274131181161794,5.426207879282473,0.0609606997896872,0.08617769624105233,0.4149438520627082,0.0,0.0,0.13102826240640408,0.0,0.0,0.33647223662121295,841,0,0,0,19,38,185
"Radish sprouts, PROCESS Cooking in water",0.0,4.672828834461906,0.0,2.3978952727983707,0.6418538861723948,3.1354942159291497,4.61512051684126,0.039220713153281295,0.048790164169432,0.262364264467491,0.0,0.0,0.07696104113612832,0.0,0.0,0.262364264467491,841,11,0,0,19,38,185
"Radish sprouts, PROCESS Steaming",0.08617769624105233,4.219507705176107,0.08617769624105233,2.3978952727983707,1.2237754316221157,5.10594547390058,3.6109179126442243,0.11154137473290741,0.048790164169432,1.1314021114911006,0.0,0.0,0.0295588022415444,0.08617769624105233,0.0,0.5877866649021191,841,18,0,0,19,38,185
Radishes and similar-,0.09531017980432487,3.598485740089429,0.027337196218118892,2.465917976855358,0.39896785612898383,3.436748365926474,5.7503024902910935,0.03232888711536001,0.030390633705009232,0.7233992237304662,0.0008662913279578211,0.0,0.0639133257436528,0.005982071677547465,0.0,0.22724939649827455,842,0,0,0,19,48,124
"Radishes and similar-, PROCESS Cooking in water",0.010939940038334362,3.7612001156935624,0.038258712117090345,2.833213344056216,0.3555743384946993,3.6109179126442243,5.8971538676367405,0.026641930946421175,0.0246926125903715,0.5323914016805512,0.0,0.0,0.050693114315518116,0.010939940038334362,0.0,0.2342812957246657,842,11,0,0,19,48,124
"Radishes and similar-, PROCESS Steaming",0.5877866649021191,3.5646920254720573,0.07112393249590558,3.173878458937465,0.4855957240055718,4.124827578947176,5.925019447699829,0.036194159735565286,0.07563741420562005,0.5316361463263946,0.0,0.0,0.05799933001208576,0.15597758145435267,0.0,0.2342812957246657,842,18,0,0,19,48,124
Raisin wine,0.0,2.2823823856765264,0.003992021269537453,2.2617630984737906,0.1930966299619131,2.341805806147327,4.543294782270004,0.0,0.0,0.5306282510621704,9.999500033330834e-05,0.0,0.009950330853168083,0.0,0.0,0.09531017980432487,843,0,0,0,1,71,92
"Rape seed oil, edible",1.791759469228055,1.3873652161213836,0.004655811536194026,0.7592469822644691,0.0,1.6094379124341003,2.1972245773362196,0.0,0.0,0.10014694860493886,0.0,0.0,0.0,1.7847852054907187,0.042101176018635396,0.039220713153281295,844,102,0,0,2,67,166
Raspberries (red and yellow),0.7654678421395714,3.438584913733776,0.10165365372649983,3.18398856586776,0.5099109198375905,3.58351893845611,5.297602825610168,0.06845939588080775,0.037158147966932925,0.7002646483288093,0.0001666527793207948,0.0,0.07099087414962452,0.47834375352073694,0.009950330853168083,0.29277621808850063,845,0,0,0,8,33,7
Raspberries and similar-,0.6418538861723948,3.4746248502169728,0.10120188050896729,3.1918471524802814,0.559370859983837,3.6186102582673803,5.346427027118564,0.07112393249590558,0.034401426717332394,0.7002646483288093,0.00014723915978288494,0.0,0.07099087414962452,0.46209745767463806,0.009950330853168083,0.30758973624824104,846,0,0,0,8,33,7
Ratatouille,0.6418538861723948,2.9856819377004897,0.046167680845007206,2.7568403652716422,0.5491805776424546,3.4006416717284322,5.588371623144873,0.026641930946421175,0.051959738930711055,0.41354350095943687,0.0012825105649599347,9.999500033330834e-05,0.105110484402617,0.9613405764278639,0.008959741371471902,0.163959557960762,847,0,0,0,4,22,51
Rays,0.0,3.247046701834897,0.0,3.3270894095084333,1.8082887711792655,5.3230099791384085,5.653491184360502,0.039220713153281295,0.0295588022415444,0.6931471805599453,0.0,0.00046988958459547205,0.17395330712343804,0.0,0.0,0.5877866649021191,848,0,0,0,6,27,107
"Rays, PROCESS Baking",0.0,3.9318256327243257,0.0295588022415444,3.6375861597263857,1.252762968495368,5.3981627015177525,5.771441123130016,0.22314355131420976,0.1397619423751587,0.4700036292457356,0.0,0.007968169649176874,0.3784364357202451,0.0,0.0,0.4700036292457356,848,9,0,0,6,27,107
"Rays, PROCESS Cooking in water",0.0,3.713572066704308,0.0295588022415444,3.4339872044851463,0.9162907318741551,5.017279836814924,5.5254529391317835,0.18232155679395465,0.09531017980432487,0.33647223662121295,0.0,0.004987541511039074,0.262364264467491,0.0,0.0,0.4700036292457356,848,11,0,0,6,27,107
"Rays, PROCESS Steaming",0.0,3.713572066704308,0.0295588022415444,3.4339872044851463,0.9162907318741551,5.017279836814924,5.5254529391317835,0.18232155679395465,0.09531017980432487,0.33647223662121295,0.0,0.004987541511039074,0.262364264467491,0.0,0.0,0.4700036292457356,848,18,0,0,6,27,107
Ready-to-eat cereal-based meal for children,0.0,3.8501476017100584,0.0657877405380031,2.3978952727983707,0.7793248768009977,3.456947396766647,5.027820118850356,0.1239859797809912,0.0684060326640604,0.7419373447293773,0.0025966258472659787,0.00023997120460717068,0.08028883122880301,0.6460555730260948,0.0,0.4574248470388754,849,0,0,0,7,31,158
Ready-to-eat dairy-based meal for children,0.0,2.833213344056216,0.019802627296179712,1.9459101490553132,0.33647223662121295,3.1354942159291497,4.394449154672439,0.0295588022415444,0.019802627296179712,0.18232155679395465,0.0,0.0,0.0295588022415444,0.048790164169432,0.0,0.09531017980432487,850,0,0,0,7,31,158
Ready-to-eat fish-based meal for children,0.5306282510621704,3.2915950780959657,0.026920095065043694,2.379546134130174,0.938890563791396,3.925080244584794,5.371302259304525,0.04633818092214528,0.058268908123975775,0.6241032873632453,0.0024826300079906585,0.00034194153133047675,0.10307218513981407,0.42918163472548043,0.0,0.2678437302321166,851,0,0,0,7,31,158
Ready-to-eat fruit-based meal for children,0.09531017980432487,3.1141500283684653,0.0368002036647508,2.181224235989778,0.2288415724288475,2.929287174145838,5.10681090017701,0.018401085370891267,0.02538923400481951,0.2513144282809061,0.0008853222722738525,0.0,0.051507557145931936,0.2776317365982795,0.0,0.09010183469718663,852,0,0,0,7,31,158
Ready-to-eat meat-based meal for children,0.33647223662121295,2.877592031249766,0.041936801463446374,2.494385393742544,0.9276544905244701,3.8537883824307144,5.329400664961768,0.04497336564273115,0.07431203296455141,0.73277989674041,0.0015416681615705832,0.0001919815703589563,0.10436001532424277,0.3393253056036194,0.0,0.4196497431001208,853,0,0,0,7,31,158
Ready-to-eat mixed meal for children,0.5007752879124893,3.0252910757955354,0.012916225266546327,2.5494451709255714,0.7654678421395714,3.756538102587751,5.220355825078324,0.08250122151174369,0.10885440491208209,0.32425505268262117,0.0009995003330835331,0.0002839596796338087,0.1697427745870945,0.5007752879124893,0.0,0.28141245943818555,854,0,0,0,7,31,158
Ready-to-eat vegetable-based meal for children,0.33647223662121295,3.2851984677992734,0.08013061589740739,2.6984807500860595,0.547295303547382,3.7170503310806327,5.429971999159699,0.02259983191724094,0.048790164169432,0.8452549587574034,0.0007996801705643322,0.0,0.056920290252682214,0.4054651081081644,0.0,0.24014112768278084,855,0,0,0,7,31,158
Red mustard leaves,1.3609765531356006,4.647134385087123,0.13590357676957834,4.1340230460402765,0.8754687373538999,4.10122559542313,5.589920313743054,0.2151113796169455,0.09075436326846414,1.4039939382192914,0.003465417071576333,0.0,0.1988508587451652,1.3609765531356006,0.042101176018635396,0.7419373447293773,856,0,0,0,19,37,99
Red or rosé sparkling wine,0.0,2.5649493574615367,0.018821754240587758,2.0794415416798357,0.0657877405380031,1.9459101490553132,4.30406509320417,0.009950330853168083,0.009950330853168083,0.6554453133759338,0.0,0.0,0.02176149178151269,0.0,0.0,0.038258712117090345,857,0,0,0,1,71,175
Redcurrants,0.5877866649021191,3.6186102582673803,0.10846996202915146,2.659260036932778,0.37539855793683496,3.6450768314555435,5.697093486505405,0.04742869357111091,0.04606536684324682,0.6874165058509604,8.399647219755557e-05,0.0,0.04674726253963174,0.3437315383028032,0.010939940038334362,0.20002113389335557,858,0,0,0,8,33,7
Reindeer meat,0.5877866649021191,2.531426665422893,0.3646431135879093,3.207381445442466,2.3289348683168276,5.478851612767896,5.852612904569893,0.18232155679395465,0.09531017980432487,1.6208016710844155,0.0295588022415444,0.005357053901014421,0.35667494393873234,0.09531017980432487,0.0009995003330835331,1.727842976812722,859,0,0,0,13,3,80
"Reindeer meat, PROCESS Baking",0.7030975114131134,2.730650033019451,0.4754707998528088,3.2937182211440437,2.3713646083888715,5.619779554731024,5.829449692223921,0.24070276768631166,0.09205814441794756,1.883709030118017,0.031346385254675764,0.004987541511039074,0.29957535189815954,0.1088544049120821,0.0013990209137073409,1.727842976812722,859,9,0,0,13,3,80
"Reindeer meat, PROCESS Cooking in water",0.7884573603642702,3.0633909220278057,0.48900937048509446,3.883623530906448,2.1162555148025524,6.097624742936373,6.446037229323174,0.19062035960864973,0.05826890812397577,2.1550789558854557,0.03536714383729131,0.005882663158155496,0.4722332845730047,0.7884573603642702,0.0,1.727842976812722,859,11,0,0,13,3,80
"Reindeer meat, PROCESS Frying",1.1314021114911006,2.9231615807191558,0.4109168867864096,3.673765816303888,1.9315214116032138,5.884435974349459,6.231071824452857,0.19062035960864973,0.06765864847381481,2.1550789558854557,0.03391821820346067,0.005783244755727333,0.4510756193602166,1.1314021114911006,0.0,1.727842976812722,859,14,0,0,13,3,80
"Reindeer meat, PROCESS Steaming",0.7884573603642702,3.0633909220278057,0.48900937048509446,3.883623530906448,2.1162555148025524,6.097624742936373,6.446037229323174,0.19062035960864973,0.05826890812397577,2.1550789558854557,0.03536714383729131,0.005882663158155496,0.4722332845730047,0.7884573603642702,0.0,1.727842976812722,859,18,0,0,13,3,80
Rhubarbs,0.2814124594381855,4.3694478524670215,0.04388017067187617,2.531426665422893,0.3194921528110164,3.091042453358316,5.683579767338681,0.02817087696669632,0.028309756211416452,0.2796859024105967,0.0003499387642879161,0.0,0.03302021102813388,0.20701416938432612,0.010939940038334362,0.13077760442790157,860,0,0,0,19,12,203
"Rhubarbs, PROCESS Cooking in water",0.24529635595534308,4.106179019869104,0.035091319811270096,2.423537703411708,0.396760667478018,3.091042453358316,5.460800581122327,0.02538923400481951,0.02399550555621568,0.25851069515150105,0.0009995003330835331,0.0,0.027476191284017838,0.2947569861237428,0.011928570865273802,0.13353139262452263,860,11,0,0,19,12,203
"Rhubarbs, PROCESS Steaming",0.24529635595534308,3.9772755572993743,0.035091319811270096,2.423537703411708,0.396760667478018,4.180959035058872,5.460800581122327,0.02538923400481951,0.02399550555621568,0.25851069515150105,0.0009995003330835331,0.0,0.027476191284017838,0.2947569861237428,0.011928570865273802,0.13353139262452263,860,18,0,0,19,12,203
Rice and meat meal,0.0,2.8213788864092133,0.31305737878300915,4.056988775678332,1.0792255748679196,4.091005660956586,4.356708826689592,0.03998964821615847,0.06672363204290817,0.4985910860976481,0.004788516731797179,0.00015198844917046925,0.07380792714471986,0.3255557248798624,0.004987541511039074,1.2849811994194014,862,0,0,0,4,22,142
Rice and similar-,0.0,1.3873652161213836,0.07696104113612832,0.7592469822644691,0.0,1.6094379124341003,2.1972245773362196,0.0,0.0,0.05414721807044643,0.0,0.0,0.0,0.0,0.0,0.019900661706336177,863,0,0,0,10,14,23
Rice and vegetables meal,0.0,2.91235066461494,0.23443951105606128,3.616308761279101,0.9178095778434249,4.050044303325521,4.640537329825382,0.045737891673853746,0.06989912737966716,0.4752398960409819,0.006379606964039027,0.00015998720136516955,0.08065790301745447,0.34245430829876033,0.008959741371471902,0.904299119021777,864,0,0,0,4,22,142
"Rice based dishes cooked, PROCESS Baking",0.883767540168595,3.044522437723423,0.0,2.4849066497880004,0.0,3.6635616461296463,5.58724865840025,0.009950330853168083,0.10436001532424277,0.5306282510621704,0.0,0.0,0.19062035960864973,0.883767540168595,0.0,0.262364264467491,865,9,0,0,4,22,142
"Rice based dishes cooked, PROCESS Cooking in water",0.0,4.382026634673881,0.18232155679395465,3.2188758248682006,0.832909122935104,4.61512051684126,4.804021044733257,0.08617769624105233,0.048790164169432,0.5877866649021191,0.003992021269537453,0.0,0.06765864847381481,1.3480731482996928,0.0,0.832909122935104,865,11,0,0,4,22,142
"Rice based dishes cooked, PROCESS Steaming",0.0,2.8735646395797834,0.09531017980432487,2.248128907197987,0.9555114450274363,4.120661870539474,4.31748811353631,0.04974209189481408,0.11511280710050457,0.33647223662121295,0.003394233068015547,0.00013999020091457065,0.08157998699242289,0.6471032420585384,0.0,0.4054651081081644,865,18,0,0,4,22,142
Rice chips,0.0,2.322387720290225,0.21349717426240442,3.1945831322991562,1.6614609405012524,4.603168183317418,4.83150862819882,0.07325046173959267,0.07881118042428978,0.6709015716126256,0.007968169649176874,0.0,0.08892620919440151,0.2561914053604101,0.0,0.7409845099741055,866,0,0,0,10,13,130
Rice drink,0.07696104113612832,1.3873652161213836,0.0,1.3862943611198906,0.18232155679395465,3.1780538303479458,3.828641396489095,0.0,0.039220713153281295,0.05414721807044643,0.0,0.0,0.0,0.07696104113612832,0.0,0.18232155679395465,867,0,0,0,15,41,114
Rice flour,0.09531017980432487,2.3581549441488563,0.19650619178591106,3.6031659358399066,1.4337571140564789,4.643016328478206,4.877375973300373,0.028170876966696325,0.054217585904797104,0.611317162312313,0.006436384820690191,0.0,0.14348172347769073,0.09984533496971613,0.0,0.6297508640011512,868,0,0,0,10,14,22
"Rice grain, brown",0.33647223662121295,2.7814776696570274,0.15225500662262523,4.7461735934513145,2.087445141540358,5.60947179518496,5.512276008285174,0.05037620732506679,0.35367043491843364,1.0007369168081863,0.008761505668572752,0.0,0.25851069515150105,0.5306282510621704,0.0,1.008531270080797,869,60,0,0,10,14,23
"Rice grain, brown, PROCESS Baking",0.037295784743696894,1.3873652161213836,0.07788653865707124,2.5649493574615367,0.6243328645595856,3.6888794541139363,3.5553480614894135,0.008959741371471902,0.0927093981042675,0.29936357722561874,0.0,0.0,0.027615167032973367,0.037295784743696894,0.0,0.41607528722017995,869,60,4,0,10,14,23
"Rice grain, brown, PROCESS Cooking in water",0.09531017980432487,2.250840568998177,0.13695054067017828,3.766237241932515,1.1939224684724346,4.603568904621118,4.3502042009220165,0.017839918128331,0.09231869679044816,0.4332655461004449,0.004593718414978019,0.0,0.09893994785490356,0.20823293857845557,0.0,0.5377457188310344,869,60,5,0,10,14,23
"Rice grain, brown, PROCESS Steaming",0.09531017980432487,2.1887762924501653,0.13270605212473488,3.6654645962757324,1.144222799920162,4.512240028824458,4.263605002300869,0.015451437892032745,0.0927093981042675,0.3507574701746947,0.004593718414978019,0.0,0.09686740825293119,0.1691096628217241,0.0,0.5215959860525197,869,60,8,0,10,14,23
"Rice grain, long-grain",0.09531017980432487,2.9029902218553763,0.24853278531902925,3.867623189560007,1.7354410386378314,5.059878870198189,4.980470594049988,0.04442691754170176,0.10735851832049938,0.5575728863056223,0.007883132019974728,0.0,0.13478061202495456,0.08434114843375089,0.0009995003330835331,0.9523746623327127,869,160,0,0,10,14,23
"Rice grain, long-grain, PROCESS Cooking in water",0.09531017980432487,2.3047256574931567,0.15749203006936602,2.305081973192633,0.7720903829000648,3.7350130314548053,3.6016472735282075,0.009950330853168083,0.04470017891790689,0.2220000406121308,0.00337430063894942,0.0,0.045109931023619404,0.03149866705937099,0.0,0.6949313023534467,869,160,5,0,10,14,23
"Rice grain, long-grain, PROCESS Steaming",0.09531017980432487,2.290367909055454,0.09101525552144407,2.34660197841082,0.7767002033782265,3.74856245627511,3.6094109862950354,0.009808878133503694,0.04374343723350083,0.2266801473225452,0.00337430063894942,0.0,0.04674726253963174,0.03633192924739028,0.0,0.40479821912046066,869,160,8,0,10,14,23
"Rice grain, mixed",0.262364264467491,2.7797061900086453,0.31668593572236914,4.709787568447972,2.1102132003465894,5.729450221404779,5.668895215655761,0.054488185284069734,0.1760519437803592,1.1722167327122837,0.007741386566222825,0.0,0.211880359035499,0.4637340162321402,0.0009995003330835331,1.1615423741090856,869,171,0,0,10,14,23
"Rice grain, mixed, PROCESS Cooking in water",0.262364264467491,2.121405740778868,0.17337691054664603,3.8085654399164057,1.15867652941076,4.730417359024917,4.589040804058207,0.02176149178151269,0.06310892832797675,0.6964275086815155,0.005470722557004955,0.0,0.11473076316080519,0.2004888607494036,0.0,0.5434034425508932,869,171,5,0,10,14,23
"Rice grain, mixed, PROCESS Steaming",0.262364264467491,1.5322482737429703,0.08725182427034152,3.1013784626889778,0.8172593512679763,4.066336937235197,3.996364153861897,0.009242867081177457,0.06230388333615485,0.4968715744320159,0.009157937784765629,0.0,0.09010183469718662,0.03633192924739028,0.0,0.4350239103497088,869,171,8,0,10,14,23
"Rice grain, parboiled",0.09531017980432487,4.368543284336595,0.2693726155359358,3.7308436532129683,2.0034086411165295,5.17210605541002,5.091117465630963,0.039907290591854855,0.30133839889926656,0.9957178655054769,0.008364916331627708,0.0,0.304749871073813,0.1030077500742291,0.0009995003330835331,0.964808750171721,869,191,0,0,10,14,23
"Rice grain, parboiled, PROCESS Cooking in water",0.07510747248680541,2.7389950049516316,0.12171181581918045,2.3764549415605014,0.9035238668813792,3.7612001156935624,3.6562086718243876,0.00938439988164017,0.08486622064324159,0.3074846997479606,0.003607769879014081,0.0,0.05907720669957503,0.07510747248680541,0.0,0.3717605813567732,869,191,5,0,10,14,23
"Rice grain, parboiled, PROCESS Steaming",0.07510747248680541,2.7545702167371027,0.10423130691297043,3.1039458581942236,1.073489821798862,3.8129916248219673,3.797093038754169,0.011646204634398685,0.08525984395082342,0.31481073984003355,0.005896864980249508,0.0,0.08761833561011634,0.07510747248680541,0.0,0.438991986427946,869,191,8,0,10,14,23
"Rice grain, polished",0.06297479916138844,2.415913778301049,0.13051548570941493,3.3761237441100396,1.6091521573242835,4.75972894580469,4.784988612563928,0.03232888711536001,0.08486622064324159,0.5072478024181067,0.008945582981563768,0.0,0.2023575835543751,0.08846864798760816,0.0007663729279013366,0.8472774520156889,869,204,0,0,10,14,24
Rice porridge,0.07881118042428978,4.570282926987651,0.02399550555621569,2.586689344097943,0.8191503067636764,4.422277037295179,4.835147476880866,0.13353139262452263,0.02983615628575753,0.1498967467107869,0.0013134227968136466,0.00029281426857457064,0.03453944341757218,0.08654460140018581,0.0009995003330835331,0.35667494393873234,870,0,0,0,10,11,144
"Rice porridge, INGRED Cow milk, skimmed (low fat)",0.09531017980432487,4.605170185988092,0.042292912190251455,2.681021528714291,0.262364264467491,4.489759334476764,4.944495491591711,0.11332868530700317,0.0295588022415444,0.18232155679395465,0.004290781417156275,0.00029995500899797546,0.048790164169432,0.09531017980432487,0.0,0.4054651081081644,870,5,30,0,10,11,144
"Rice porridge, INGRED Cow milk, whole",0.09531017980432487,4.606026961708073,0.02558420106992942,2.599510032527004,0.5533102353721461,4.451352783950954,4.881719085447539,0.13228061072286998,0.028726278258396337,0.13340638481137154,0.0019694878563579457,0.00029709871894743146,0.03894595013465478,0.08654460140018581,0.0009995003330835331,0.36761488397706676,870,5,33,0,10,11,144
Rice pudding,0.09531017980432487,4.433392843069808,0.08414198644545594,2.527061089542034,0.6076800651298729,4.368392443398078,4.72679767410979,0.11748669545566685,0.023716526617316047,0.13671382331582205,0.0013823774092506587,0.00017665106294885525,0.029235125268334963,0.10741839676727033,0.0009995003330835331,0.3652216499071988,871,0,0,0,4,22,142
Rice rolled grains,0.09531017980432487,1.9459101490553132,0.1947440767925118,3.4965075614664802,1.308332819650179,4.709530201312334,4.727387818712341,0.03149866705937099,0.05826890812397577,0.6549259677397475,0.0,0.0,0.1397619423751587,0.09531017980432487,0.0009995003330835331,0.8932267922756034,872,0,0,0,10,11,13
Rice starch,0.0,3.044522437723423,0.048790164169432,3.044522437723423,0.17647114311577905,2.3978952727983707,2.1972245773362196,0.0,0.0,0.05414721807044643,0.0,0.0,0.0,0.0,0.0,0.09531017980432487,873,0,0,0,10,14,24
"Rice, meat, and vegetables meal",0.0,2.739548868161581,0.16940516486072774,3.2576348930182846,0.7246458476193163,4.121311010451915,4.162003210695915,0.05335117549699458,0.0916671885258238,0.4661211019815108,0.0037529488693072346,0.00014998875112487347,0.07955027875800907,0.40266118077543017,0.001998002662673056,0.7797834872194919,861,165,19,0,4,22,142
"Rice, popped",0.09531017980432487,2.5130775267546968,0.13774251339598725,4.184881463273768,2.1484510796945666,5.184828668439668,5.218036535287234,0.3313571359544425,0.37717340751605727,1.1834785093113513,0.010629025523188243,0.0008496389545779204,0.4722332845730047,0.35627486391739266,0.0,0.8409512324711866,861,208,0,0,10,11,147
Ricotta,0.2271355725837472,5.509966538436512,0.020292703267762432,2.717528945056754,1.3694024934496725,5.132431430502358,4.847555983524696,0.1918003007484984,0.02399550555621568,0.26016404355788864,0.01290212278380401,0.00043990322838529966,0.0394954006979284,0.13365638481267358,0.0,0.7335690950588607,874,0,0,0,14,15,72
Risotto,0.262364264467491,2.531426665422893,0.06749842202008458,2.4082312821290324,1.3528483706850583,3.892985799408062,5.017279836814924,0.024692612590371497,0.033849169351370396,0.3407487933884732,0.0026963615477426086,9.999500033330834e-05,0.026781022677642013,0.06634938054153393,0.0009995003330835331,0.43122567520302874,875,0,0,0,4,22,142
River eels,1.791759469228055,3.0580361568901457,0.06377930443406399,3.2245738459828384,1.9623056180298786,5.74254520749463,5.584569846190223,0.2557490253487718,0.12474288659144331,0.6884217475526138,0.03448423902328838,0.0014846117041905423,0.2220000406121308,1.7847852054907187,0.0,1.1805871943782302,876,0,0,0,6,27,48
"River eels, PROCESS Baking",1.791759469228055,3.1600353248452673,0.06618894415421722,3.337293579682675,1.8569227951344685,5.781624961420135,5.743918519681171,0.1970928741142672,0.16272605090379838,0.5743636445699783,0.027615167032973367,0.0018654019126429103,0.17022487656099763,1.7847852054907187,0.0,1.1894101387057312,876,9,0,0,6,27,48
"River eels, PROCESS Cooking in water",1.791759469228055,3.044522437723423,0.06216964613882594,3.1660776393012298,1.8482973201883128,5.617290443302758,5.519745161078744,0.29416103854949005,0.1293978613429157,0.6341551539059166,0.02900386327058818,0.0018981972830802527,0.20921847447085715,1.7847852054907187,0.0,1.1395714166422857,876,11,0,0,6,27,48
"River eels, PROCESS Frying",1.791759469228055,3.044522437723423,0.0934903430873389,3.367295829986474,1.8850980096585557,5.883322388488279,5.648974238161206,0.29490591754110057,0.15871169115482087,0.6302073807860711,0.0,0.0010993954433009636,0.23665190133900202,1.7847852054907187,0.0,1.235180731450129,876,14,0,0,6,27,48
"River eels, PROCESS Steaming",1.791759469228055,3.044522437723423,0.06216964613882594,3.1660776393012298,1.8482973201883128,5.617290443302758,5.519745161078744,0.29416103854949005,0.1293978613429157,0.6341551539059166,0.02900386327058818,0.0018981972830802527,0.20921847447085715,1.7847852054907187,0.0,1.1395714166422857,876,18,0,0,6,27,48
Roaches,0.9162907318741551,4.578826210648489,0.05259245011917058,3.295836866004329,1.5260563034950492,5.53338948872752,5.802118375377063,0.12221763272424921,0.06765864847381481,0.4054651081081644,0.022152804641133308,0.001998002662673056,0.3074846997479606,0.9162907318741551,0.0,1.0296194171811581,877,0,0,0,6,27,74
Roe deer meat,0.5653138090500605,3.077970371790963,0.16187586563366513,3.1416861861770706,1.7177027778107359,5.391677594483283,5.8368971137843815,0.22314355131420976,0.14100340746322362,1.3969516555938786,0.008959741371471902,0.0018696796306514679,0.31272305640954956,0.5092243423990168,0.0,1.3198492617117379,878,0,0,0,13,3,80
"Roe deer meat, PROCESS Baking",0.22074066669789938,2.0794415416798357,0.1814878760453772,3.258096538021482,1.9021075263969205,5.62040086571715,5.958424693029782,0.2859305394129746,0.08434114843375087,1.6471189794017889,0.0,0.001199280575482097,0.2523139286139896,0.22074066669789935,0.0,1.6886187103085415,878,9,0,0,13,3,80
"Roe deer meat, PROCESS Cooking in water",0.0,1.6094379124341003,0.1458304482115395,2.70805020110221,1.6644941181821789,5.272999558563747,5.236441962829949,0.1414995622736995,0.04305948946044697,1.4609379041156565,0.0,0.000699755114273342,0.1239859797809912,0.1697427745870945,0.0,1.4609379041156565,878,11,0,0,13,3,80
"Roe deer meat, PROCESS Steaming",0.0,1.6094379124341003,0.1458304482115395,2.70805020110221,1.6644941181821789,5.272999558563747,5.236441962829949,0.1414995622736995,0.04305948946044697,1.4609379041156565,0.0,0.000699755114273342,0.1239859797809912,0.1697427745870945,0.0,1.4609379041156565,878,18,0,0,13,3,80
Roesti,0.18232155679395465,2.6282852326333477,0.16228890304371857,3.333394278310793,1.195839821095747,4.458601798899955,6.001249847842779,0.04162167469081947,0.12295482405877746,0.5414518173077515,0.00035826914727732226,9.999500033330834e-05,0.21618607074671095,0.1563197542549538,0.001998002662673056,0.4313494222641939,879,0,0,0,4,22,51
Roman rocket,0.35767444427181594,5.365976015021851,0.11077440550190641,3.7065790312133373,0.7884573603642702,4.03044076024262,6.013715156042802,0.1069307108273436,0.04470017891790689,1.2034012124269784,0.00029995500899797546,0.0,0.08512865339635518,0.6523251860396901,0.042101176018635396,0.3686035148040062,880,0,0,0,19,37,99
Roman rocket and similar-,0.6931471805599453,5.365976015021851,0.11077440550190641,3.6109179126442243,0.7884573603642702,4.089571283469443,6.013715156042802,0.1069307108273436,0.04470017891790689,1.2068258733083423,0.0,0.0,0.08512865339635518,0.6523251860396901,0.042101176018635396,0.3546729412680593,881,0,0,0,19,37,99
Rooibos infusion,0.039220713153281295,1.3873652161213836,0.014888612493750654,0.7592469822644691,0.0,1.6094379124341003,2.302585092994046,0.003992021269537453,0.009950330853168083,0.07696104113612832,9.999500033330834e-05,0.0,0.0,0.039220713153281295,0.0,0.039220713153281295,882,0,0,0,3,16,88
Rose hips and similar-,1.62924053973028,5.552959584921617,0.6261309257071586,4.653960350157523,0.9980550336767946,5.556828061699537,5.786897381366708,0.06565397022143683,0.056920290252682214,0.4149438520627082,0.00019998000266626675,0.0,0.04742869357111091,1.6370530794670737,0.042101176018635396,0.6523251860396903,883,0,0,0,8,33,7
Rosemary,0.0,5.635299677141033,0.08709470685093376,3.8066624897703196,0.2986220124901153,2.7990219793079367,5.350503119718607,0.0,0.08748745412311582,2.0024062120701016,0.003992021269537453,0.0,0.0,0.0,0.0,0.49120583689633857,884,0,0,0,19,6,3
Rum,0.0,3.332204510175204,0.050312813873589095,1.791759469228055,0.1738132412922685,2.4423470353692043,2.545531271604435,0.0295588022415444,0.008959741371471904,0.1697427745870945,0.0,0.0,0.009950330853168083,0.4382549309311553,0.0,0.09893994785490358,885,0,0,0,1,66,200
"Rusk, refined flour",1.0260415958332743,4.666937012383303,0.24014112768278087,3.284128376739429,1.8389610707123492,4.899969726208736,5.192162884989034,0.2711170555770858,0.2524249225649332,1.0449770728354781,0.0035052779003451845,0.00017998380194373756,0.13739890415101183,0.7691818668359429,0.004873817916113676,0.6515808614798329,886,223,0,0,10,10,0
"Rusk, wholemeal",0.6471032420585384,5.109575241951159,0.3495496189961438,4.471148877455999,2.583997552432231,5.681309618804143,5.952500943756285,0.2851789422336624,0.2520548948086298,2.1550789558854557,0.0026194234557978305,0.0,0.32187643839603686,1.4854607326143894,0.0048681313968605274,0.9994757500619391,886,277,0,0,10,10,0
Rye bran,0.6931471805599453,3.828641396489095,0.4574248470388754,4.9185200051884514,0.18232155679395465,6.154615419744767,6.5245058508019955,0.1484200051182733,0.27002713721306015,2.1550789558854557,0.002796087302001274,0.0,0.15700374880966478,0.6931471805599453,0.0,1.727842976812722,887,0,0,0,10,14,24
"Rye bread, refined flour",0.0,3.8918202981106265,0.1605870646479485,3.834709902325476,1.3568140557973825,4.962844630259907,5.275048739608683,0.05902334044946101,0.20343052000418976,1.0515206811342592,0.002826003089062933,0.0,0.08654460140018581,0.5306282510621704,0.002995508979798479,0.8809536675844697,888,223,0,0,10,10,168
"Rye bread, wholemeal",0.4252677354043441,3.5619926042080823,0.1930966299619131,4.080076590424396,1.0778425271817238,5.283626651138033,5.629418059367339,0.10436001532424276,0.1397619423751587,1.121894693290329,0.0016636154241661228,0.0,0.12545721735694873,0.6097655716208943,0.0,0.916690651895482,888,277,0,0,10,10,168
"Rye flour, light",0.2546422183735807,3.18398856586776,0.16381808522939498,3.5305534028761976,0.9869355714434871,4.888198589758526,5.243257589365009,0.07085779809646385,0.17130875695855258,0.9615372096311059,0.0009995003330835331,0.0,0.13353139262452263,0.24998020526776946,0.005594322556309893,0.8109937062642851,889,154,0,0,10,14,22
"Rye flour, medium",0.4700036292457356,3.4339872044851463,0.32545943678581085,4.204692619390966,1.2947271675944,5.477658295203853,5.869296913133774,0.14595391262307977,0.2579589709995747,1.3172504679231904,0.0009995003330835331,0.0,0.22085522079619754,0.7197891115063664,0.005594322556309893,1.206911339741453,889,166,0,0,10,14,22
"Rye flour, wholemeal",0.6931471805599453,3.532712854796833,0.36937726018161593,4.606169686321175,1.3639635406348771,5.838216237799735,6.171700597410915,0.15214867715658523,0.2983747019905241,1.4981338428754258,0.0021809533247163105,0.0,0.21457360063114259,0.8219800524029138,0.005882663158155496,1.3829554598543758,889,277,0,0,10,14,22
Rye groats,0.6931471805599453,4.206822545648791,0.3774574831212609,4.875415401928437,1.8774783446305925,5.881251004701125,6.013365811061083,0.1397619423751587,0.37717340751605727,1.8827312474337816,0.002796087302001274,0.0,0.4722332845730047,0.38526240079064483,0.005882663158155496,1.4757432411742244,890,0,0,0,10,14,24
Rye porridge,0.09531017980432487,2.1162555148025524,0.0687795153948257,2.70805020110221,0.09531017980432487,3.7954891891721947,4.12552017969055,0.016997576368571094,0.0295588022415444,0.4700036292457356,0.0003999200213269354,0.0,0.019802627296179712,0.09531017980432487,0.0,0.33647223662121295,891,0,0,0,10,11,144
"Rye porridge, INGRED Cow milk, whole",0.09531017980432487,4.6210435351443815,0.04669272799198229,2.995732273553991,0.09531017980432487,4.604169685654508,5.090678001769792,0.12600312620373105,0.039220713153281295,0.33647223662121295,0.002496880198587199,0.00029995500899797546,0.07696104113612832,0.09531017980432487,0.0,0.4700036292457356,891,5,33,0,10,11,144
"Rye porridge, INGRED Tap water",0.09531017980432487,2.1041341542702074,0.05097824476462944,2.6390573296152584,0.09531017980432487,3.563882963939251,3.9871304779149512,0.009950330853168083,0.019802627296179712,0.33647223662121295,0.0003999200213269354,0.0,0.048790164169432,0.09531017980432487,0.0,0.262364264467491,891,6,0,0,10,11,144
Rye rolled grains,0.8064758658669484,4.174387269895637,0.2900008106707396,4.771894545968378,1.4662601427577724,5.879335142376461,6.1609058898917395,0.15700374880966478,0.3001045924503381,1.547562508716013,0.001998002662673056,0.0,0.2546422183735807,0.7438402948754633,0.0,1.256836293883004,892,0,0,0,10,11,13
Rye starch,0.0,2.9444389791664403,0.07696104113612832,2.1972245773362196,0.0,4.61512051684126,4.110873864173311,0.0,0.0,0.4700036292457356,0.0009995003330835331,0.0,0.0,0.0,0.0,0.18232155679395465,893,0,0,0,10,14,24
"Rye-wheat bread, refined flour",0.7323678937132266,3.2380246437069617,0.14410034397375684,3.571408869639598,1.2719117873341288,4.737221316898962,5.094567862340462,0.09999615315867558,0.1612681475961223,0.9858167945227653,0.002230843151359511,0.0,0.11807928806560099,0.31100789775527765,0.0009995003330835331,0.7379611963497379,894,223,0,0,10,10,123
"Rye-wheat bread, wholemeal",0.2963940130538024,3.314705350308712,0.2624961239055214,4.166886683220194,1.588826958529976,5.301241658065283,5.550131669870594,0.08957950509533984,0.13340638481137151,1.1917990033942272,0.00395360277401524,0.0,0.1361529533294742,0.5549190612765021,0.001725177691507233,0.9974756441264685,894,277,0,0,10,10,123
Saccharine,0.0,1.3873652161213836,0.0,0.7592469822644691,0.0,1.6094379124341003,2.1972245773362196,0.0,0.0,0.05414721807044643,0.0,0.0,0.0,0.0,0.0,0.019900661706336177,895,0,0,0,0,30,132
"Safflower seed oil, edible",1.791759469228055,1.3873652161213836,0.0,0.7592469822644691,0.0,1.6094379124341003,2.1972245773362196,0.0,0.0,0.05414721807044643,0.0,0.0,0.0,1.7847852054907187,0.010939940038334362,0.019900661706336177,896,102,0,0,2,67,166
Saffron,0.0,4.709530201312334,0.2851789422336624,4.9185200051884514,1.6094379124341003,5.5254529391317835,6.5245058508019955,0.23901690047049992,0.11332868530700317,2.1550789558854557,0.0,0.0,0.0,0.9895411936137477,0.0,1.0548096660097168,897,0,0,0,12,60,181
Sage,0.0,6.016505531065751,0.11600367575630613,4.564348191467836,0.8276780735175515,3.1660776393012298,5.58724865840025,0.05354076692802982,0.11051861831544975,1.7116334247487701,0.002995508979798479,0.0,0.0,0.0,0.0,0.7069796408696212,898,0,0,0,19,6,3
Salad dressing,1.791759469228055,2.7287860995813884,0.013705647056111934,1.5745506534336597,0.10975086395911919,2.6984807500860595,3.5229935180682572,0.020047695303778014,0.008298802814695094,0.19227188764712272,0.0019124558043292555,0.0,0.005484930230569685,1.7847852054907187,0.010939940038334362,0.10487468337471811,899,0,0,0,16,18,190
"Salad dressing, low fat",1.1314021114911006,3.5388867844353418,0.0171380159446744,2.0614230361771577,0.580218415274269,3.377099830083095,4.110873864173311,0.04516455195437364,0.017250353406527592,0.26338937988273636,0.0009138680096835525,0.00029995500899797546,0.021370025736192483,1.7847852054907187,0.022739486969489426,0.15834594899896087,899,161,0,0,16,18,190
"Salmon roe, atlantic",1.791759469228055,3.044522437723423,0.262364264467491,3.044522437723423,2.043425687475466,5.993961427306569,5.860786223465865,0.41314979086671205,0.3220834991691133,0.4700036292457356,0.0,0.008464078412129412,0.4054651081081644,1.7847852054907187,0.0,0.6931471805599453,901,43,0,0,6,29,64
"Salmon, threadfin",1.0647107369924282,2.5649493574615367,0.0295588022415444,3.332204510175204,2.1400661634962708,5.501258210544727,5.983936280687191,0.3074846997479606,0.12221763272424921,0.6931471805599453,0.025667746748577788,0.003992021269537453,0.4722332845730047,1.0647107369924282,0.0,0.4700036292457356,900,259,0,0,6,27,48
"Salmon, threadfin, PROCESS Baking",1.62924053973028,2.5649493574615367,0.0295588022415444,3.5553480614894135,2.2823823856765264,5.8522024797744745,6.1224928095143865,0.07696104113612832,0.1988508587451652,0.262364264467491,0.02176149178151269,0.003982061060572187,0.3378997886123984,1.62924053973028,0.0,0.38526240079064494,900,259,4,0,6,27,48
"Salmon, threadfin, PROCESS Cooking in water",1.62924053973028,2.5649493574615367,0.0295588022415444,3.5553480614894135,2.2823823856765264,5.8522024797744745,6.1224928095143865,0.07696104113612832,0.1988508587451652,0.262364264467491,0.02176149178151269,0.003982061060572187,0.3378997886123984,1.62924053973028,0.0,0.38526240079064494,900,259,5,0,6,27,48
"Salmon, threadfin, PROCESS Steaming",1.62924053973028,2.5649493574615367,0.0295588022415444,3.5553480614894135,2.2823823856765264,5.8522024797744745,6.1224928095143865,0.07696104113612832,0.1988508587451652,0.262364264467491,0.02176149178151269,0.003982061060572187,0.3378997886123984,1.62924053973028,0.0,0.38526240079064494,900,259,8,0,6,27,48
Salsa,0.5306282510621704,2.7814776696570274,0.07957666502659644,2.5382217085557217,0.4574248470388754,3.242592351485517,5.364372594047645,0.04059339696525348,0.047428693571110896,0.3666252747919005,0.0003427983807778875,0.0,0.08355302281828118,0.8285518175661483,0.0,0.12348105677102117,902,0,0,0,16,18,190
Salsifies,0.6931471805599453,3.978345648359219,0.16889853646181394,3.077970371790963,0.5007752879124893,4.225790448355602,5.802118375377063,0.030252043170520895,0.09010183469718663,1.3083328196501787,0.0003999200213269354,0.0,0.07696104113612832,0.5877866649021191,0.0,0.19227188764712275,903,0,0,0,19,48,124
"Salsifies, PROCESS Cooking in water",1.791759469228055,3.80348283685294,0.16090333942037335,2.8399135366260357,0.4365945671146058,4.007333185232471,5.512852543325646,0.06899287148695145,0.06230388333615485,0.9985288301111271,0.0005998200719676155,0.0,0.10384508225416227,1.2794883568020814,0.0,0.23054466679452024,903,11,0,0,19,48,124
"Salsifies, PROCESS Steaming",0.0,3.900528626002411,0.07351596021453602,2.7454377331738304,0.5882627420356051,3.9484926852095374,5.636319045221148,0.07112393249590558,0.05042148590151608,0.7073318155519017,0.0005998200719676155,0.0,0.08879549878313117,0.9823780530015767,0.0,0.23620079047085787,903,18,0,0,19,48,124
Salt,0.0,4.695272020685278,0.15088003095913563,4.9185200051884514,0.0,3.784189633918261,3.6375861597263857,0.0,0.0,0.2174128766052247,0.0006248047688420805,0.0,0.0,0.0,0.0,0.08617769624105233,904,0,0,0,16,58,165
"Salt, flavoured",0.09531017980432487,6.025658913052238,0.20210084114728846,4.809062957710164,0.406797553341943,5.010444799762886,6.144185634125646,0.017348638334613004,0.005816385321439824,0.7443154671343447,0.0003999200213269354,0.0,0.05826890812397577,0.23348984336835407,0.0,0.32990308788574335,904,116,0,0,16,58,165
"Salt, iodised",0.0,5.02105698955867,0.08748745412311582,4.456670177669648,0.0,4.449351449060136,2.7269186854065928,0.0,0.0,0.262364264467491,0.000499875041651048,0.0,0.0,0.0,0.0,0.07563741420562005,904,149,0,0,16,58,165
"Salt, iodised and fluoridated",0.0,5.5254529391317835,0.09531017980432487,4.795790545596741,0.0,5.017279836814924,2.1972245773362196,0.0,0.0,0.09531017980432487,0.0,0.0,0.0,0.0,0.0,0.048790164169432,904,150,0,0,16,58,165
"Salt, low sodium",0.0,3.784189633918261,0.23111172096338664,4.9185200051884514,0.0,4.61512051684126,6.5245058508019955,0.0,0.0,0.6418538861723948,0.001199280575482097,0.0,0.0,0.0,0.0,0.18232155679395465,904,162,0,0,16,58,165
Sandwich and sandwich-like dishes,0.739553553374101,3.82988286157716,0.10268551245342122,3.121735399757722,1.2669476034873244,4.901032990530066,4.98556165654414,0.08984070399978947,0.1601733235709438,0.5944312076207876,0.006478966097709123,0.00018998195228600755,0.09919871354401728,0.7323678937132266,0.002995508979798479,0.637483447447341,905,0,0,0,4,22,162
Sandwich with cheese and vegetable topping/filling,0.5877866649021191,6.023793434223342,0.15631975425495384,3.2381180710905957,1.5445793400856038,5.672537489702518,5.245067271656511,0.09855167372849585,0.054217585904797104,0.4414755456311975,0.004390348301292895,0.0007711311733459204,0.08289577665594287,0.5866749360494286,0.006975613736425242,1.0947954901414088,906,0,0,0,4,22,162
Sandwich with cheese topping/filling,0.8607780219438963,5.510197725583536,0.19036058561056593,3.2234368361957633,1.6185675388504341,5.416608209756275,4.9471375010545495,0.18647956694261833,0.09466061823552925,0.6227247162633995,0.006280237957150484,0.0006340846401231941,0.10384508225416227,0.5341514490694874,0.005044398458973426,0.9575971804561605,907,0,0,0,4,22,162
Sandwich with fish and vegetable topping/filling,0.708035793053696,4.560621016075914,0.09283959796123156,3.3623575483458916,1.8805331812814825,4.842498372294258,5.149983072042218,0.07178895878895272,0.07152300134057656,0.5810976767513224,0.014255055047617378,0.0009524034626618665,0.14422402216326582,1.0299050906583187,0.008619884674439913,0.5727535975308204,908,0,0,0,4,22,162
Sandwich with fish topping/filling,0.0,4.608763721498222,0.08782771036552017,3.3134584673541485,2.0300149250174773,4.743191483885466,5.057518879995106,0.08010424424166145,0.0925791812930932,0.704878103435644,0.01909649569098836,0.0012831763769459484,0.1702489755596854,1.2081839250974007,0.007968169649176874,0.5580145065684489,909,0,0,0,4,22,162
Sandwich with meat and vegetable topping/filling,1.1631508098056809,3.9051422443359236,0.08842941871210248,2.906120114864304,1.6398285461391098,4.800501979518061,5.208392659020049,0.12512112526455257,0.1487893950135035,0.8380511594794351,0.009780585188347679,0.0007482913887240963,0.16090333942037335,1.4184226748714124,0.006975613736425242,0.739280757900814,910,0,0,0,4,22,162
Sandwich with processed meat topping/filling,1.252762968495368,4.663708599571184,0.08515489288416186,3.0197277791102066,1.5675439149525099,4.868852263077659,5.21834608489503,0.10872627370555148,0.1869536691205162,0.690858850041933,0.005641201318605509,0.00035993521554780213,0.1605870646479485,0.7325601829167804,0.004987541511039074,0.7497300319702153,911,0,0,0,4,22,162
Sardines and sardine-type fishes,0.4054651081081644,4.360365137892702,0.1484200051182733,3.2188758248682006,2.606231553765013,5.546292893563428,6.072715315990435,0.21626279022198733,0.019802627296179712,1.1080910326226534,0.03343477608623739,0.003209130940948376,0.4722332845730047,0.34783599527152803,0.0,0.8415671856782186,912,0,0,0,6,27,107
"Sardines and sardine-type fishes, PROCESS Baking",0.4440445900756395,4.664785895662446,0.15075717328959107,3.3573947590037623,2.606231553765013,5.653491184360502,6.004944708664675,0.25209190374629253,0.015451437892032745,1.1733221204842903,0.03536714383729131,0.006918866488651531,0.4722332845730047,0.3132036096818586,0.0,0.9210792486059522,912,9,0,0,6,27,107
"Sardines and sardine-type fishes, PROCESS Cooking in water",0.9932517730102833,4.624972813284271,0.14940474178081278,3.4834354798991276,2.6024145153134235,5.734265491381277,6.118726326718909,0.2537558899308909,0.05772967920824073,1.24555336820255,0.0344014267173324,0.005030184525053765,0.4717877510392369,0.5793063641361856,0.0,1.0926900247258535,912,11,0,0,6,27,107
"Sardines and sardine-type fishes, PROCESS Frying",0.4440445900756395,4.634728988229636,0.17647114311577905,3.295836866004329,2.606231553765013,5.631211781821365,6.059123195581797,0.23822918873225063,0.018821754240587758,1.2363431843563868,0.0,0.00019998000266626675,0.4722332845730047,0.4440445900756395,0.0,1.074319596099065,912,14,0,0,6,27,107
"Sardines and sardine-type fishes, PROCESS Steaming",0.9932517730102833,4.624972813284271,0.14940474178081278,3.4834354798991276,2.572328656743319,5.864036937421477,5.9792473631693905,0.20375683751401966,0.0523213371989794,1.1775114856395672,0.0344014267173324,0.005030184525053765,0.4722332845730047,0.5793063641361856,0.0,1.111669527824758,912,18,0,0,6,27,107
Sauerkraut,0.09531017980432487,3.8788108712220324,0.08038111194681245,2.634284050862601,0.4603740802698925,3.6888794541139363,5.634789603169249,0.04720160148429416,0.03941300235683504,0.3942918075100391,0.0010327998119497661,0.0,0.16041672140590474,0.12883287184296843,0.024692612590371504,0.22047332275833087,913,0,0,0,19,69,61
"Sauerkraut, PROCESS Baking",0.1527210870176639,3.9889840465642745,0.13365638481267358,2.772588722239781,0.3791211327685624,3.871201010907891,5.762051382780177,0.050693114315518116,0.026641930946421175,0.5068176023684519,0.0,0.0,0.1889660995126232,0.1527210870176639,0.027615167032973367,0.3015849776207723,913,9,0,0,19,69,61
"Sauerkraut, PROCESS Cooking in water",0.0,3.796451807568363,0.07603468627599762,2.3000103526215767,0.32848120956795046,3.5594213868770495,5.421166910825699,0.027754123470353907,0.02538923400481951,0.5642580571348863,0.002676415203408205,0.0,0.13278111123381847,0.14306084284065199,0.02761516703297337,0.20189073013786593,913,11,0,0,19,69,61
"Sauerkraut, PROCESS Steaming",0.15614868248993136,3.852576261070185,0.07603468627599762,2.178316787648657,0.4122988476867295,3.681710964635324,5.288988271259519,0.032467190137501496,0.02538923400481951,0.46292506378139164,0.0027675952441604686,0.0,0.14620079572518552,0.14306084284065199,0.027615167032973367,0.1948616477761285,913,18,0,0,19,69,61
Sausage roll,0.18232155679395465,2.4849066497880004,0.05826890812397577,2.833213344056216,1.308332819650179,4.844187086458591,5.081404364984463,0.16551443847757338,0.2546422183735807,0.7419373447293773,0.006975613736425242,0.0007996801705643322,0.2191355299166709,0.18232155679395465,0.0,1.1537315878891892,914,0,0,0,4,22,162
"Scallops, pectens",0.4054651081081644,3.80348283685294,0.048790164169432,3.9968892260713877,1.554559250924111,5.247024072160486,5.762949451991862,0.11396623712968261,0.047701136019329245,0.26043933605790665,0.021789447778774822,0.0017969559357423732,0.1094948147962813,0.6418538861723948,0.0,0.8784405077430574,915,198,0,0,6,46,10
"Scallops, pectens, PROCESS Baking",0.4706284340145776,4.430816798843313,0.0916671885258238,4.007333185232471,1.6453840392075694,5.099866427824199,5.765191102784844,0.1873090983049937,0.0916671885258238,0.05414721807044643,0.0,0.0021975835434872217,0.06485097231961633,0.4706284340145776,0.0,1.2255385822404965,915,198,4,0,6,46,10
"Scallops, pectens, PROCESS Cooking in water",0.4811908186362999,4.382026634673881,0.09826036916751954,3.828641396489095,1.9607585476109077,5.4589774265608115,5.799525461219067,0.09816324878673129,0.06404732909393708,1.1151415906193203,0.03536714383729131,0.005982071677547463,0.05921185963184609,0.5714314218758489,0.0,1.1228866953556829,915,198,5,0,6,46,10
"Scallops, pectens, PROCESS Frying",0.0,4.665324108807838,0.05050298217310676,3.8416005411316,1.6453840392075694,5.5991624255260986,6.031165913959534,0.1145779047074351,0.04459088332787514,1.3862943611198906,0.02195716735204214,0.006260362970813881,0.06485097231961633,0.6099829392991765,0.0,0.9291674696878345,915,198,6,0,6,46,10
"Scallops, pectens, PROCESS Steaming",0.4811908186362999,4.248495242049359,0.13102826240640408,3.906292330719161,1.963208643225443,5.210266488425302,5.617809519359053,0.12348105677102117,0.08552217343816201,0.7419373447293773,0.03536714383729131,0.003992021269537452,0.05921185963184609,0.4811908186362999,0.0,1.2552089542236284,915,198,8,0,6,46,10
Scones and similar,1.791759469228055,5.231108616854587,0.09531017980432487,2.8903717578961645,1.2237754316221157,6.154615419744767,5.043425116919247,0.08617769624105233,0.1397619423751587,0.8197798314933114,0.001998002662673056,0.00029995500899797546,0.08617769624105233,1.7847852054907187,0.0,0.5306282510621704,916,0,0,0,10,26,201
Sea bass,0.22314355131420976,4.795790545596741,0.10307218513981407,3.1780538303479458,1.9740810260220096,5.902242937144212,5.254514743889644,0.0976451140601137,0.07537247845099047,1.204686835059593,0.0,0.003641931537679803,0.20945022418220727,0.22314355131420976,0.0,0.44742930720719654,917,0,0,0,6,27,105
"Sea bass, PROCESS Cooking in water",0.0,4.31748811353631,0.0,3.5553480614894135,2.0149030205422647,5.6131281063880705,5.811140992976701,0.12221763272424921,0.16551443847757338,0.33647223662121295,0.0,0.0010993954433009636,0.13102826240640408,0.0,0.0,0.7419373447293773,917,11,0,0,6,27,105
"Sea bass, PROCESS Steaming",0.0,4.31748811353631,0.0,3.5553480614894135,2.0149030205422647,5.6131281063880705,5.811140992976701,0.12221763272424921,0.16551443847757338,0.33647223662121295,0.0,0.0010993954433009636,0.13102826240640408,0.0,0.0,0.7419373447293773,917,18,0,0,6,27,105
Sea bream,0.22314355131420976,3.6995367485879243,0.20189073013786593,3.1660776393012298,2.263250087595369,5.505912087472616,5.804704583715096,0.09440067542148432,0.07603468627599762,0.4054651081081644,0.0,0.002217539440954483,0.3329968165841552,0.22314355131420976,0.0,0.43733284695618685,918,0,0,0,6,27,105
"Sea bream, PROCESS Cooking in water",0.0,2.3978952727983707,0.0,3.6375861597263857,1.791759469228055,5.159055299214529,5.700443573390687,0.04783732941416013,0.10436001532424277,0.4054651081081644,0.0,0.0010993954433009636,0.15700374880966478,0.0,0.0,0.6418538861723948,918,11,0,0,6,27,105
"Sea bream, PROCESS Steaming",0.0,2.3978952727983707,0.0,3.6375861597263857,1.791759469228055,5.159055299214529,5.700443573390687,0.04783732941416013,0.10436001532424277,0.4054651081081644,0.0,0.0010993954433009636,0.15700374880966478,0.0,0.0,0.6418538861723948,918,18,0,0,6,27,105
Sea buckthorns,1.3862943611198906,3.6642939786413216,0.16177865556262525,3.337293579682675,0.5573274574174103,2.4620278674030693,5.0238805208462765,0.13602827282310984,0.07245354311593222,0.35166240211518807,9.999500033330834e-05,0.0,0.1022986901934241,1.3987168811184478,0.0,0.1484200051182733,919,0,0,0,8,33,7
Sea salt,0.0,4.402645921876617,0.13102826240640408,4.0103589061490075,0.0,1.6094379124341003,4.04305126783455,0.0,0.0,1.2622417124499117,0.0,0.0,0.0,0.0,0.0,0.07958106267033892,920,0,0,0,16,58,165
Sea-squirts and other tunicates,0.0009995003330835331,4.060443010546419,0.6261309257071586,4.465908118654584,1.5002924651733025,4.955827057601261,5.8522024797744745,0.10165365372649983,0.025667746748577788,1.5040773967762742,0.0,0.001998002662673056,0.13102826240640408,0.0009995003330835331,0.0,0.9631743177730054,921,0,0,0,6,46,81
"Sea-squirts and other tunicates, PROCESS Baking",0.0009995003330835331,4.060443010546419,0.6261309257071586,4.406719247264253,1.506518858426259,4.890349128221754,5.726847747587197,0.08984070399978947,0.016857117066422903,1.5405164669676785,0.0,0.0014988761237358919,0.08892620919440151,0.0009995003330835331,0.0,1.0249657484998111,921,9,0,0,6,46,81
"Sea-squirts and other tunicates, PROCESS Cooking in water",0.0009995003330835331,4.399726211773283,0.6261309257071586,4.757277964185549,1.8393243933013859,5.082291283002691,5.521460917862246,0.12284954427766218,0.02900386327058819,1.64676122226003,0.03536714383729131,0.008464078412129412,0.1466943791508035,0.49481818562017377,0.0,1.727842976812722,921,11,0,0,6,46,81
"Sea-squirts and other tunicates, PROCESS Frying",0.0009995003330835331,4.060443010546419,0.6261309257071586,4.406719247264253,1.506518858426259,4.890349128221754,5.726847747587197,0.08984070399978947,0.016857117066422903,1.5405164669676785,0.0,0.0014988761237358919,0.08892620919440151,0.0009995003330835331,0.0,1.0249657484998111,921,14,0,0,6,46,81
"Sea-squirts and other tunicates, PROCESS Steaming",0.0009995003330835331,4.117875059632295,0.6261309257071586,4.250533978739207,1.7896143128816668,4.869729841019018,5.327876168789581,0.09075436326846414,0.019802627296179712,1.5501427636195209,0.0,0.006904679173529743,0.0676586484738148,0.27808617877833397,0.0,1.727842976812722,921,18,0,0,6,46,81
Seafood salad,0.0,3.861431219312086,0.24946085963158318,3.367295829986474,1.857729257280962,4.960160378195954,5.309174876548819,0.09515865317322957,0.05005919987273695,1.1871317871299094,0.026479632804378646,0.005365579498410187,0.1211846510047116,1.7847852054907187,0.013902905168991422,0.8676605549060883,922,0,0,0,4,22,51
Seafood-based meals,1.791759469228055,3.6648428762856953,0.21967086183523715,3.064947342575464,1.7638457020629434,5.251400446760285,5.239363223704366,0.26223605112030596,0.052750565385528934,0.4382549309311552,0.014280874492242558,0.0012675296780745055,0.18190480329761222,1.4175022882440838,0.0013324452337786195,0.5344444893646246,923,0,0,0,4,22,51
Seasoning mixes,0.0,5.737861788309064,0.6261309257071586,4.9185200051884514,1.5206066987274847,5.353752073436137,6.5245058508019955,0.20685155453723228,0.12486898204586927,2.1550789558854557,0.016660440893107246,0.0,0.3191807395111519,0.4824261492442927,0.0,1.2329100542205336,924,0,0,0,16,58,165
Sesame paste (tahini) (sesamus indicum),0.0,6.025658913052238,0.6261309257071586,4.9185200051884514,2.606231553765013,6.154615419744767,6.134265345739653,0.31188676114859837,0.37717340751605727,1.8603522606936667,0.01758448275700294,0.0,0.4722332845730047,1.5352530142447238,0.001998002662673056,1.727842976812722,925,0,0,0,12,54,126
"Sesame seed oil, edible",0.8754687373538999,2.3978952727983707,0.0,0.7592469822644691,0.1397619423751587,1.6094379124341003,3.044522437723423,0.06765864847381481,0.009950330853168083,0.09531017980432487,0.0,0.0,0.0,0.45488999143568737,0.009950330853168083,0.019900661706336177,926,102,0,0,2,67,166
Sesame seeds,1.1939224684724346,6.025658913052238,0.6261309257071586,4.9185200051884514,2.5172355369033603,6.154615419744767,6.1637357680484355,0.1768303170196703,0.37717340751605727,2.1550789558854557,0.025751285447928825,0.0,0.4722332845730047,1.2215671127268872,0.001998002662673056,1.727842976812722,927,0,0,0,12,49,127
"Sesame seeds, PROCESS Baking",1.1786549963416462,6.025658913052238,0.6261309257071586,4.9185200051884514,2.1155323618241897,6.154615419744767,6.025520848714037,0.12789051273443688,0.37717340751605727,2.1550789558854557,0.001998002662673056,0.0,0.27709046459588993,1.0116009116784799,0.011928570865273802,1.727842976812722,927,9,0,0,12,49,127
Shads,0.6312717768418579,3.044522437723423,0.262364264467491,3.4339872044851463,2.5441970485912986,5.564520407322694,5.802118375377063,0.2151113796169455,0.1397619423751587,0.4054651081081644,0.0,0.008464078412129412,0.262364264467491,0.6312717768418579,0.0,0.6931471805599453,928,0,0,0,6,27,48
"Shads, PROCESS Baking",0.9741822102899327,3.713572066704308,0.1292723357041392,3.5263605246161616,2.129659257840453,5.583496308781699,5.8916442118257715,0.20945022418220727,0.037295784743696894,0.7428892724547594,0.0,0.008464078412129412,0.353469812989784,0.9741822102899328,0.0,0.6097655716208943,928,9,0,0,6,27,48
"Shads, PROCESS Cooking in water",0.9858167945227653,3.7612001156935624,0.1292723357041392,3.5263605246161616,1.9638903885197336,5.579729825986222,5.820082930352362,0.17563256864315802,0.03633192924739028,0.739553553374101,0.0,0.008464078412129412,0.33074156191222787,0.9858167945227654,0.0,0.634988266386413,928,11,0,0,6,27,48
"Shads, PROCESS Frying",0.9741822102899327,3.713572066704308,0.1292723357041392,3.5263605246161616,2.129659257840453,5.583496308781699,5.8916442118257715,0.20945022418220727,0.037295784743696894,0.7428892724547594,0.0,0.008464078412129412,0.353469812989784,0.9741822102899328,0.0,0.6097655716208943,928,14,0,0,6,27,48
"Shads, PROCESS Steaming",0.9858167945227653,3.7612001156935624,0.1292723357041392,3.5263605246161616,1.9638903885197336,5.579729825986222,5.820082930352362,0.17563256864315802,0.03633192924739028,0.739553553374101,0.0,0.008464078412129412,0.33074156191222787,0.9858167945227654,0.0,0.634988266386413,928,18,0,0,6,27,48
Shallots,0.27002713721306015,3.4746248502169728,0.056380333436107634,2.0689702418125404,0.7419373447293773,3.9471143252394163,5.547407099806832,0.047428693571110896,0.03853366400224291,0.6530689569925349,0.0010327998119497661,0.0,0.17551271486462416,0.2295231582782488,0.0,0.32518427684736156,929,0,0,0,19,12,16
"Shallots, PROCESS Baking",0.7419373447293773,2.28949985344539,0.038258712117090345,2.0149030205422647,0.5971867894140341,3.40452517175483,5.37989735354046,0.017839918128331,0.04018178963283184,0.20701416938432615,0.00029995500899797546,0.0,0.08065790301745447,0.7419373447293773,0.00786895837869518,0.08065790301745447,929,9,0,0,19,12,16
"Shallots, PROCESS Cooking in water",0.09531017980432487,3.2188758248682006,0.06765864847381481,2.302585092994046,0.09531017980432487,3.6635616461296463,5.075173815233827,0.009950330853168083,0.0295588022415444,0.18232155679395465,0.0,0.0,0.1097508639591192,0.09531017980432487,0.0,0.27002713721306015,929,11,0,0,19,12,16
"Shallots, PROCESS Frying",0.5306282510621704,3.295836866004329,0.039220713153281295,2.302585092994046,0.18232155679395465,3.713572066704308,5.342334251964811,0.019802627296179712,0.0295588022415444,0.262364264467491,0.0009995003330835331,0.0,0.07510747248680541,0.5306282510621704,0.0,0.16551443847757338,929,14,0,0,19,12,16
Shandy,0.004987541511039074,2.1231166051824975,0.024497471600387438,1.5566397268671295,0.43178241642553783,2.4336133554004498,2.7867733572317377,0.013705647056111934,0.002397124599721494,0.1329562272486255,0.001199280575482097,6.799768810480532e-05,0.018541327990853257,0.004987541511039074,0.0,0.02176149178151269,930,0,0,0,1,7,6
Sharks,0.5007752879124893,2.423537703411708,0.06136384432246035,3.122994053164918,2.3349139801094054,5.435591745451394,5.46564613875585,0.15088003095913563,0.07457724978085208,0.6335488176739099,0.03304785404620035,0.0022545993368774326,0.20817493562028846,0.5007752879124893,0.0,0.3175182287375385,931,0,0,0,6,27,107
"Sharks, PROCESS Baking",0.2776317365982795,3.295836866004329,0.0408677077611033,3.3219480100080148,1.8296973085684471,5.2574953720277815,5.346427027118564,0.08591553868285934,0.048790164169432,0.5403289459664655,0.03536714383729131,0.001199280575482097,0.21026092548319605,0.8704561955303556,0.0,0.27784816339276136,931,9,0,0,6,27,107
"Sharks, PROCESS Cooking in water",0.2776317365982795,3.295836866004329,0.0408677077611033,3.3219480100080148,1.8296973085684471,5.2574953720277815,5.346427027118564,0.08591553868285934,0.048790164169432,0.5403289459664655,0.03536714383729131,0.001199280575482097,0.21026092548319605,0.8704561955303556,0.0,0.27784816339276136,931,11,0,0,6,27,107
"Sharks, PROCESS Frying",0.2776317365982795,3.295836866004329,0.0408677077611033,3.3219480100080148,1.8296973085684471,5.2574953720277815,5.346427027118564,0.08591553868285934,0.048790164169432,0.5403289459664655,0.03536714383729131,0.001199280575482097,0.21026092548319605,0.8704561955303556,0.0,0.27784816339276136,931,14,0,0,6,27,107
"Sharks, PROCESS Steaming",0.2776317365982795,3.295836866004329,0.0408677077611033,3.3219480100080148,1.8296973085684471,5.2574953720277815,5.346427027118564,0.08591553868285934,0.048790164169432,0.5403289459664655,0.03536714383729131,0.001199280575482097,0.21026092548319605,0.8704561955303556,0.0,0.27784816339276136,931,18,0,0,6,27,107
Sheep fresh meat,0.4700036292457356,2.5084371471981943,0.09531017980432487,3.002849741322855,2.3109783423520676,5.092873392333228,5.585106183022603,0.20585205420414876,0.13228061072286998,0.9213067022632504,0.007968169649176874,0.0017641572448350087,0.17946032451292243,0.15357908792830066,0.0,1.4613355711410454,932,0,0,0,13,3,82
"Sheep fresh meat, PROCESS Baking",0.262364264467491,2.4336133554004498,0.11816391549340081,3.2564468263468123,2.536482047237883,5.313909461307873,5.726847747587197,0.23382911393988656,0.1305268836042239,1.1957822099422117,0.008676535478896488,0.001926714122275729,0.23326359902349764,0.128393214768399,0.0,1.6267725106561115,932,9,0,0,13,3,82
"Sheep fresh meat, PROCESS Cooking in water",0.5877866649021191,2.971146798081376,0.1117969004785165,3.215441362419566,2.444208655515905,5.25540986553676,5.576598243058757,0.21856164180909812,0.09140646632385152,1.1742938520095176,0.007627975735366932,0.0018269016270943703,0.1835113249295434,0.19967019512856765,0.0,1.727842976812722,932,11,0,0,13,3,82
"Sheep fresh meat, PROCESS Frying",1.308332819650179,2.6370144279854584,0.08858632658135401,3.1851712981168094,2.3540926501399775,5.294022442265156,5.813959941582414,0.21164917188847462,0.16793281934185503,1.0696247517948574,0.0075996210178489055,0.0018554204994600898,0.21626279022198733,0.43178241642553783,0.0,1.6264354888026713,932,14,0,0,13,3,82
"Sheep fresh meat, PROCESS Steaming",0.5877866649021191,2.971146798081376,0.1117969004785165,3.215441362419566,2.444208655515905,5.25540986553676,5.576598243058757,0.21856164180909812,0.09140646632385152,1.1742938520095176,0.007627975735366932,0.0018269016270943703,0.1835113249295434,0.19967019512856765,0.0,1.727842976812722,932,18,0,0,13,3,82
Sheep kidney,0.35767444427181594,2.472930458741285,0.33749212452195837,2.8879879665408885,2.5392144436221358,5.537334267018537,5.5243139868446525,0.41314979086671205,0.3725482930950225,1.9894386816763294,0.03536714383729131,0.008464078412129412,0.35367043491843364,0.33647223662121295,0.0,1.1647566625907773,933,0,0,0,13,5,102
"Sheep kidney, PROCESS Baking",0.4014570867106256,2.833213344056216,0.2919230667090355,2.8903717578961645,2.534886582093021,5.5254529391317835,5.43372200355424,0.41314979086671205,0.37717340751605727,2.1550789558854557,0.0,0.008464078412129412,0.25386672395705034,0.4014570867106255,0.0,1.1835659945482733,933,9,0,0,13,5,102
"Sheep kidney, PROCESS Cooking in water",0.32714314133269456,2.6390573296152584,0.3957033309062107,3.0099169085459474,2.254174856642899,5.650482155008883,5.448582958163724,0.41314979086671205,0.3083246829976857,2.1550789558854557,0.0,0.008464078412129412,0.18469967919892205,0.337043501989505,0.0,1.4177930281792617,933,11,0,0,13,5,102
"Sheep kidney, PROCESS Frying",0.4014570867106256,2.7990219793079367,0.3420687915493702,2.951929650895598,2.606231553765013,5.633257818340763,5.496582573739127,0.41314979086671205,0.37717340751605727,2.1550789558854557,0.03536714383729131,0.008464078412129412,0.29533131369768034,0.3787103707993448,0.0,1.2939440821980792,933,14,0,0,13,5,102
"Sheep kidney, PROCESS Steaming",0.32714314133269456,2.6390573296152584,0.3957033309062107,3.0099169085459474,2.254174856642899,5.650482155008883,5.448582958163724,0.41314979086671205,0.3083246829976857,2.1550789558854557,0.0,0.008464078412129412,0.18469967919892205,0.337043501989505,0.0,1.4177930281792617,933,18,0,0,13,5,102
Sheep liver,0.708035793053696,1.8607523407150064,0.6261309257071586,3.001430294668629,2.606231553765013,5.9246376954523985,5.657987819466568,0.41314979086671205,0.31689407392688784,2.1550789558854557,0.03536714383729131,0.008464078412129412,0.3405455620088487,0.4599532933922341,0.0,1.6412133961042354,934,0,0,0,13,5,102
"Sheep liver, PROCESS Baking",0.4363175715909291,1.791759469228055,0.6261309257071586,3.044522437723423,2.606231553765013,5.849324779946859,5.529429087511423,0.41314979086671205,0.2874320411965716,2.1550789558854557,0.0,0.008464078412129412,0.3015849776207723,0.4363175715909291,0.0,1.68510181635509,934,9,0,0,13,5,102
"Sheep liver, PROCESS Cooking in water",0.4363175715909291,1.791759469228055,0.6261309257071586,3.044522437723423,2.606231553765013,5.849324779946859,5.529429087511423,0.41314979086671205,0.2874320411965716,2.1550789558854557,0.0,0.008464078412129412,0.3015849776207723,0.4363175715909291,0.0,1.68510181635509,934,11,0,0,13,5,102
"Sheep liver, PROCESS Frying",0.0,2.1972245773362196,0.6261309257071586,3.258096538021482,2.606231553765013,6.154615419744767,5.831882477283517,0.41314979086671205,0.3220834991691133,2.1550789558854557,0.03536714383729131,0.008464078412129412,0.4252677354043441,0.2776317365982795,0.0,1.727842976812722,934,14,0,0,13,5,102
"Sheep liver, PROCESS Steaming",0.4363175715909291,1.791759469228055,0.6261309257071586,3.044522437723423,2.606231553765013,5.849324779946859,5.529429087511423,0.41314979086671205,0.2874320411965716,2.1550789558854557,0.0,0.008464078412129412,0.3015849776207723,0.4363175715909291,0.0,1.68510181635509,934,18,0,0,13,5,102
Sheep milk,0.14410034397375684,5.210266488425302,0.057729679208240736,2.9406724963709636,1.0069146234874011,4.943681159299152,5.008728715825674,0.2750309548982221,0.06685725935652988,0.05502916446956511,0.0023971245997214934,0.0005883982883417604,0.07431203296455141,0.1275133202989596,0.006975613736425242,0.475346473656231,935,0,0,0,14,43,111
Sherry,0.0,2.2003941520974983,0.06471707662416287,2.267697833993605,0.09531017980432487,2.926994471574863,4.33729074083249,0.009950330853168083,0.003992021269537453,0.5709795465857379,6.499788759153722e-05,0.0,0.013902905168991422,0.0,0.0,0.10255658832509208,936,0,0,0,1,45,69
Shiitake,0.0,1.3873652161213836,0.20445573096122127,2.6888188391743224,1.1691595070872982,3.751183337450091,5.015385896854854,0.15210777819745805,0.03990729059185485,0.33647223662121295,0.00029995500899797546,9.999500033330834e-05,0.048790164169432,0.09531017980432487,0.0,0.4610349592629751,937,0,0,0,19,47,42
"Shiitake, PROCESS Baking",0.0,1.3873652161213836,0.0,2.70805020110221,0.9555114450274363,3.4011973816621555,4.795790545596741,0.15700374880966478,0.039220713153281295,0.33647223662121295,0.0,0.0,0.0,0.0,0.0,0.019900661706336177,937,9,0,0,19,47,42
"Shiitake, PROCESS Cooking in water",0.10074990310014306,1.3873652161213836,0.28141245943818555,2.6390573296152584,1.0395697480343264,3.4339872044851463,4.6443908991413725,0.14496577025018573,0.03149866705937099,0.34500713907105035,0.0,0.0,0.04305948946044697,0.10074990310014308,0.0,0.3960879462955675,937,11,0,0,19,47,42
"Shiitake, PROCESS Frying",0.0,2.9444389791664403,0.3920420877760237,2.1972245773362196,1.6247205359652572,4.343805421853684,5.25227342804663,0.3378997886123984,0.07788653865707124,0.6097655716208943,0.003294566949430031,0.0,0.05826890812397577,0.0,0.0,0.6575200029167941,937,14,0,0,19,47,42
"Shiitake, PROCESS Steaming",0.10074990310014306,1.3873652161213836,0.28141245943818555,2.6390573296152584,1.0395697480343264,3.4339872044851463,4.6443908991413725,0.14496577025018573,0.03149866705937099,0.34500713907105035,0.0,0.0,0.04305948946044697,0.10074990310014308,0.0,0.3960879462955675,937,18,0,0,19,47,42
Short pastry dough and similar,1.1314021114911006,3.6209064705277303,0.08483997357963033,2.5222941818596207,1.0191051518366172,4.294755483686168,4.636391959788044,0.05502916446956511,0.08657080376102003,0.6459058163803637,0.003080963240457491,0.00025710980158491297,0.05570497716001604,1.2556730159114529,0.002995508979798479,0.42236904713409484,938,0,0,0,10,51,157
"Short pastry dough and similar, PROCESS Baking",0.2271355725837472,3.6635616461296463,0.09153683592184596,2.659260036932778,1.1314021114911006,4.163337433709052,4.653960350157523,0.03149866705937099,0.11064652008706365,0.588342066193819,0.0009995003330835331,9.999500033330834e-05,0.051371862729548946,1.4722426732562555,0.002995508979798479,0.33258714840964243,938,9,0,0,10,51,157
Shortening and similar baking fats,0.0,2.132982308607866,0.015381102038302324,1.3454723665996355,0.0,2.5952547069568657,2.533696813957432,0.009950330853168083,0.0,0.12810000262731575,0.0021975835434872217,0.0,0.0,1.7847852054907187,0.021887287615041034,0.08923113372794268,939,0,0,0,2,67,184
"Shortening and similar baking fats, QUAL Half fat or medium fat",1.791759469228055,2.4485390056171252,0.0,1.0986122886681098,0.0,2.9813435361018916,3.4965075614664802,0.0,0.0,0.09531017980432487,0.0,0.0,0.0,1.7847852054907187,0.0,0.019900661706336177,939,21,0,0,2,67,184
"Shortening and similar baking fats, QUAL Low fat (naturally or reduced)",1.791759469228055,3.1780538303479458,0.0,2.1972245773362196,0.0,5.638354669333745,4.394449154672439,0.0,0.0,0.05414721807044643,0.0,0.0,0.0,1.7847852054907187,0.0,0.019900661706336177,939,23,0,0,2,67,184
"Shortening and similar baking fats, QUAL Low sodium / reduced salt",1.791759469228055,2.3978952727983707,0.0,1.0986122886681098,0.0,3.1780538303479458,3.7612001156935624,0.0,0.0,0.09531017980432487,0.0,0.0,0.0,1.7847852054907187,0.0,0.019900661706336177,939,24,0,0,2,67,184
Shrimps and prawns,1.6094379124341003,4.532599493153256,0.527261244514266,4.0099272204095175,1.960295971051268,5.297602825610168,5.46564613875585,0.05502916446956511,0.04624725116531972,0.7634724972806753,0.019102101873486436,0.003394233068015548,0.09401063446223931,1.4609379041156565,0.0,1.0347084866886296,941,0,0,0,6,20,104
"Shrimps and prawns, PROCESS Baking",1.7578579175523736,4.600301208876588,0.6261309257071586,3.9828808035246097,1.9119100703585168,5.394925405067961,5.18977719797283,0.03453944341757218,0.0388085403096361,0.7287900723653425,0.012422519998557155,0.001605852785096314,0.12044615307586716,1.5195132049061133,0.0,1.1216775615991057,941,9,0,0,6,20,104
"Shrimps and prawns, PROCESS Cooking in water",0.0,4.666077120891613,0.4798301900634711,3.7602694502006093,2.0369775748605754,5.32884657158286,5.111987788356544,0.10544051245799697,0.031110995025052664,0.7195943505747935,0.019351545181781483,0.0030952049073024197,0.08065790301745447,1.638025369286013,0.0,1.0566785652951642,941,11,0,0,6,20,104
"Shrimps and prawns, PROCESS Frying",1.7578579175523736,4.600301208876588,0.6261309257071586,3.9828808035246097,1.9541617252530783,5.394925405067961,5.18977719797283,0.03674512393683074,0.0421011760186354,0.7287900723653425,0.012422519998557155,0.001605852785096314,0.11281835102698101,1.5195132049061133,0.0,1.1216775615991057,941,14,0,0,6,20,104
"Shrimps and prawns, PROCESS Steaming",0.0,4.666077120891613,0.4798301900634711,3.7602694502006093,2.0369775748605754,5.32884657158286,5.111987788356544,0.10544051245799697,0.031110995025052664,0.7195943505747935,0.019351545181781483,0.0030952049073024197,0.08065790301745447,1.638025369286013,0.0,1.0566785652951642,941,18,0,0,6,20,104
"Shrimps, common",1.6094379124341003,4.452684785479894,0.2969249395329584,3.934622837345387,2.075146617396955,5.348467150233509,5.351858133476067,0.04141610371671697,0.04251199423735404,1.1913216867723773,0.022041016591159424,0.0014275519911854174,0.12221763272424921,1.6094379124341003,0.0,1.0587818658701496,940,83,0,0,6,20,104
"Shrimps, common, PROCESS Baking",0.0,4.553034431567563,0.34769474235795184,3.8273361972609523,2.0950687975655353,5.352805551832106,5.1428324637076415,0.04305948946044697,0.03979746987406609,1.0029820576528594,0.012422519998557155,0.0011693160834029663,0.11082555508888464,1.5196882442904216,0.0,1.0395697480343264,940,83,4,0,6,20,104
"Shrimps, common, PROCESS Cooking in water",0.9162907318741551,4.934884948344041,0.504836294919253,3.983146937924052,2.042184613324077,5.4084521813661635,5.184988681241034,0.07404674578963037,0.023716526617316044,1.0661382889836137,0.0265028198659993,0.0014156641411623935,0.09010183469718663,1.638103111647865,0.0,1.0009994598011094,940,83,5,0,6,20,104
"Shrimps, common, PROCESS Frying",0.0,4.553034431567563,0.34769474235795184,3.8273361972609523,2.0950687975655353,5.352805551832106,5.1428324637076415,0.037571001478611456,0.03979746987406609,1.0029820576528594,0.012422519998557155,0.0011693160834029663,0.11082555508888464,1.5196882442904216,0.0,1.0395697480343264,940,83,6,0,6,20,104
"Shrimps, common, PROCESS Steaming",0.9162907318741551,4.698400281839088,0.382732478258022,3.730158487033372,2.096474229791533,5.3018824327125325,4.940621493475197,0.07431203296455141,0.02441382808898407,0.9737506875473823,0.022320463288520755,0.0037064559312440576,0.08460371900109899,1.6059117026575422,0.0,0.9502779941622912,940,83,8,0,6,20,104
Simple cereals which have to be reconstituted with milk or other appropriate nutritious liquids,0.8754687373538999,4.718498871295094,0.37156355643248307,4.531062213834369,2.2617630984737906,5.863631175598097,6.104155273860653,0.17993776543867837,0.3735320610051553,1.5040773967762742,0.003992021269537453,0.0,0.1988508587451652,0.8754687373538999,0.0,1.2136402097280727,942,0,0,0,7,31,148
Single meal replacement for weight reduction,0.0,5.280153395920365,0.13102826240640408,3.332204510175204,1.430311246536665,5.254365479018854,5.579729825986222,0.24216155714997156,0.1604167214059047,1.010873374360103,0.006061591378595291,0.0006118128043719224,0.1722712209404532,0.6931471805599453,0.0,0.8671004876833834,943,0,0,0,15,32,68
Skyr,0.004987541511039074,4.61512051684126,0.01587334915629015,2.341805806147327,0.0,5.111987788356544,4.820281565605037,0.18398683611301586,0.07417939817425151,0.05414721807044643,0.006409415740738719,0.00035993521554780213,0.0,0.004987541511039074,0.0,0.4193680132771558,944,0,0,0,14,15,72
Smelt,0.09531017980432487,3.780937598531884,0.17993776543867837,3.316780039849572,1.7047480922384253,5.478851612767896,5.796925806375436,0.11332868530700317,0.09531017980432487,0.6418538861723948,0.0,0.003411317691001045,0.17395330712343804,0.09531017980432487,0.0,0.9745596399981308,945,0,0,0,6,27,48
"Smelt, PROCESS Baking",0.10885440491208209,3.6375861597263857,0.24764102291459722,3.332204510175204,1.8201849434117587,5.605802066295998,5.924255797414532,0.12486898204586927,0.0934903430873389,0.6632033041868732,0.0,0.003792798238696237,0.17142911562753096,0.1088544049120821,0.0,1.108892598075666,945,9,0,0,6,27,48
"Smelt, PROCESS Cooking in water",0.10885440491208209,3.6375861597263857,0.2468600779315258,3.332204510175204,1.8219653112851208,5.605802066295998,5.921578419643816,0.12486898204586927,0.0934903430873389,0.6621723762605146,0.0,0.003792798238696237,0.17142911562753096,0.1088544049120821,0.0,1.1069110914828049,945,11,0,0,6,27,48
"Smelt, PROCESS Frying",0.10885440491208209,3.6375861597263857,0.24764102291459722,3.332204510175204,1.8201849434117587,5.605802066295998,5.924255797414532,0.12486898204586927,0.0934903430873389,0.6632033041868732,0.0,0.003792798238696237,0.17142911562753096,0.1088544049120821,0.0,1.108892598075666,945,14,0,0,6,27,48
"Smelt, PROCESS Steaming",0.10885440491208209,3.6375861597263857,0.2468600779315258,3.332204510175204,1.8219653112851208,5.605802066295998,5.921578419643816,0.12486898204586927,0.0934903430873389,0.6621723762605146,0.0,0.003792798238696237,0.17142911562753096,0.1088544049120821,0.0,1.1069110914828049,945,18,0,0,6,27,48
"Smoked cooked sausage-deprecated, PROCESS Baking",0.262364264467491,3.0007198150650303,0.06372569088054482,2.76181662525787,1.8674851797561907,4.930767174355962,5.186267862739414,0.11141358737090362,0.21683799875093304,0.6120920558032379,0.009157937784765629,0.0014988761237358919,0.1691398200918903,0.5561813254867879,0.0,0.9793996602021319,946,9,0,0,13,57,169
"Smoked cooked sausage-deprecated, PROCESS Cooking in water",0.262364264467491,3.007331409397343,0.06491345084264435,2.7269186854065928,1.923601936420616,5.100737128793442,5.291580438609604,0.13565413800550125,0.26740647618055013,0.6675362893379186,0.008322415286803957,0.0005598432585140913,0.1351550737406202,0.5767257175426941,0.0,0.959021760172181,946,11,0,0,13,57,169
"Smoked cooked sausage-deprecated, PROCESS Steaming",0.262364264467491,2.928523523860541,0.05940034328144753,2.869520962415974,1.964731903295901,5.1042123712137455,5.300172787047496,0.12411217070803102,0.23676464726617485,0.644106985135304,0.008563230660487873,0.0013990209137073409,0.18529332718311212,0.6423800635062922,0.0,1.0607620645370122,946,18,0,0,13,57,169
"Smoked cooked sausage-deprecated, QUAL Low fat (naturally or reduced), PROCESS Baking",0.262364264467491,3.0252910757955354,0.0508832103145698,2.6390573296152584,1.410986973710262,4.653007515402251,4.897093252697127,0.10436001532424277,0.16551443847757338,0.4700036292457356,0.007571265496318075,0.00019998000266626675,0.2151113796169455,0.262364264467491,0.0,0.6418538861723948,946,23,4,0,13,57,169
"Smoked cooked sausage-deprecated, QUAL Low fat (naturally or reduced), PROCESS Cooking in water",0.0,3.2188758248682006,0.07696104113612832,2.70805020110221,1.5040773967762742,5.484796933490655,5.44673737166631,0.10436001532424277,0.23111172096338664,0.7419373447293773,0.011928570865273802,0.000499875041651048,0.06297479916138844,0.0,0.0,1.0647107369924282,946,23,5,0,13,57,169
Smoked herring,0.262364264467491,3.7977338590260183,0.09634860149680663,3.4684108932490294,2.233663647527624,5.407043640253588,5.7448330144865585,0.2128045735190305,0.1012922514818723,0.7749246464063161,0.026221756442605396,0.008464078412129412,0.3012679366669938,0.742984415407117,0.0,0.577976800373571,947,0,0,0,6,28,150
Smoked salmon,0.8754687373538999,2.6546494243750947,0.046883585898850416,3.322635059159053,2.606231553765013,5.506211907099507,5.999763349922677,0.1560061003267184,0.1693207446167031,0.3301427236405446,0.01953788637304089,0.004891351146917548,0.4722332845730047,1.2463999099658314,0.0,0.32063317259146684,948,0,0,0,6,28,150
Snack sausages (like Cabanos and landjäger),0.3074846997479606,2.70805020110221,0.07325046173959267,2.8903717578961645,1.8910013038777043,4.5217885770490405,5.337538079701318,0.15357908792830066,0.22074066669789943,0.7153977894947651,0.0,0.0017983819413793735,0.1604167214059047,0.3074846997479606,0.0,1.096276228870562,949,0,0,0,13,57,56
"Snack sausages (like Cabanos and landjäger), QUAL Low fat (naturally or reduced)",0.4498009219282161,3.2188758248682006,0.13714983814723364,3.367295829986474,2.531631189960869,5.3706380281276624,5.921578419643816,0.11064652008706366,0.10885440491208209,0.8268035653726189,0.0,0.000699755114273342,0.412109650826833,0.4498009219282161,0.0,1.146131804636086,949,23,0,0,13,57,56
Snails,0.5877866649021191,5.14166355650266,0.6261309257071586,4.9185200051884514,1.0761394328160512,5.200336958187833,5.284894346215896,0.14554230529065812,0.09227527610917084,1.5040773967762742,0.03536714383729131,0.008464078412129412,0.1655144384775734,0.4265740713183996,0.0,1.2335316065674804,950,0,0,0,6,0,193
Soft brined cheese (feta type),0.6931471805599453,6.025658913052238,0.07032531672073006,3.1416861861770706,1.7671251882696941,5.712789409212986,4.649870364905998,0.2490897332587949,0.04470017891790689,0.2557490253487718,0.007443655698548224,0.0011878656367516572,0.10178269430994231,0.3418150810317084,0.0009995003330835331,1.0063925665713418,951,0,0,0,14,15,14
"Soft brined cheese (feta type), QUAL Low fat (naturally or reduced)",0.0,6.025658913052238,0.06765864847381481,3.044522437723423,1.9878743481543455,5.8888779583328805,5.236441962829949,0.37156355643248307,0.04401688541677433,0.16551443847757338,0.006478966097709124,0.0011293620305584163,0.22314355131420976,0.39877611995736784,0.0,1.2178757094949273,951,23,0,0,14,15,14
Soft drink with bitter principle,0.0,2.4849066497880004,0.011681504773837902,1.1786549963416462,0.0,1.6094379124341003,2.1972245773362196,0.0,0.0,0.33647223662121295,9.999500033330834e-05,0.0,0.0,0.0,0.0,0.033507307304914545,953,0,0,0,20,70,171
"Soft drink, apple flavour",0.0,1.3873652161213836,0.0,0.7592469822644691,0.0,1.6094379124341003,2.1972245773362196,0.0,0.0,0.05414721807044643,0.0,0.0,0.0,0.0,0.0,0.019900661706336177,952,35,0,0,20,70,171
"Soft drink, cherry flavour",0.0,1.3873652161213836,0.0,0.7592469822644691,0.0,1.6094379124341003,2.1972245773362196,0.0,0.0,0.05414721807044643,0.0,0.0,0.0,0.0,0.0,0.019900661706336177,952,76,0,0,20,70,171
"Soft drink, flavoured with herbs",0.0,1.3873652161213836,0.0,0.7592469822644691,0.0,1.6094379124341003,2.1972245773362196,0.0,0.0,0.05414721807044643,0.0,0.0,0.0,0.0,0.0,0.019900661706336177,952,118,0,0,20,70,171
"Soft drink, flavoured, no fruit",0.0,1.4350845252893227,0.023065272930996094,1.2992829841302609,0.0009995003330835331,1.6094379124341003,2.1972245773362196,0.0009995003330835331,0.0009995003330835331,0.1591382213382974,9.999500033330834e-05,0.0,0.0,0.009950330853168083,0.0,0.039220713153281295,952,116,25,0,20,70,171
"Soft drink, lemon flavour",0.0,2.371577964480997,0.00975229144267827,0.7592469822644691,0.0,1.6094379124341003,2.1972245773362196,0.0,0.0,0.2520030799947629,9.999500033330834e-05,0.0,0.0,0.008959741371471902,0.0,0.06147132208810105,952,153,0,0,20,70,171
"Soft drink, lime flavour",0.008959741371471902,2.302585092994046,0.010148331051815148,0.8754687373538999,0.0,1.6094379124341003,2.1972245773362196,0.0,0.0,0.3442986728706769,9.999500033330834e-05,0.0,0.0,0.008959741371471902,0.0,0.027420595575992173,952,156,0,0,20,70,171
"Soft drink, mixed flavours",0.009950330853168083,2.2587824703356527,0.009950330853168083,1.0986122886681098,0.0009995003330835331,1.6094379124341003,2.1972245773362196,0.0009995003330835331,0.0009995003330835331,0.22633844221072896,9.999500033330834e-05,0.0,0.0,0.009950330853168083,0.0,0.02761516703297337,952,172,0,0,20,70,171
"Soft drink, orange flavour",0.008959741371471902,2.4849066497880004,0.013113639145383105,1.252762968495368,0.0,1.6094379124341003,2.1972245773362196,0.0,0.0,0.2689578634535013,0.0,0.0,0.0,0.008959741371471902,0.0,0.06203539091945264,952,183,0,0,20,70,171
"Soft drink, with fruit juice (fruit content below the minimum for nectars)",0.0,2.4849066497880004,0.01014833105181515,1.33500106673234,0.025667746748577788,1.6094379124341003,2.7212954278522306,0.0009995003330835331,0.0009995003330835331,0.15928035764725673,9.999995000003334e-07,0.0,0.001998002662673056,0.019802627296179712,0.0,0.0207825391825285,952,280,0,0,20,70,171
"Soft-ripened cheese veined with blue mould (blue bavarian, blue de graven type )",0.5607579925141997,6.025658913052238,0.07563741420562005,3.1039458581942236,1.9200689178714259,5.880931949102981,4.704498257271116,0.3881736109981034,0.04196419909903214,0.32621573645402385,0.009554212804811658,0.0010894063813237454,0.12726177961092724,0.40172478849244114,0.0,1.6784307839210517,954,54,0,0,14,15,170
"Soft-ripened cheese with bloomy rind (white mould) (brie, camembert type)",0.6189622823705687,6.025658913052238,0.06609980170452368,3.0266770774034124,1.8616408347761215,5.848088940448682,4.817974759507122,0.35367043491843364,0.04401688541677433,0.2490897332587949,0.006805362331439918,0.001506008257206668,0.19238974963087632,0.5208155577953387,0.0,1.2308928993909796,955,68,0,0,14,15,170
Soft-ripened cheese with natural rind and other soft-ripened cheeses,0.5086232002107907,6.025658913052238,0.07404674578963037,3.100092288878234,1.993533451948825,6.028966751503563,4.548146216891556,0.39493365605582276,0.04606536684324682,0.14718771907200826,0.008464078412129412,0.0021890308940902023,0.16672435998028665,0.42696563955416694,0.0,1.5008977438588944,956,0,0,0,14,15,170
Soft-ripened cheese with white and blue mould (cambozola type),0.5877866649021191,6.025658913052238,0.06292114245697035,2.951929650895598,1.7747101908426857,5.653491184360502,4.765465215881829,0.3466246080852309,0.039220713153281295,0.17034536574723894,0.004561011327562569,0.0009181498000142773,0.08355302281828117,0.606499373834273,0.0,1.5656352897757073,957,0,0,0,14,15,170
Soft-ripened washed-rind cheese (limburger type),0.6790482561804436,6.025658913052238,0.08735655550390935,3.1317605463771008,1.744792641769484,5.809428663791188,5.004904619387271,0.253534185019219,0.0404562133447626,0.22690788587966707,0.006081470315867959,0.0016785903785551872,0.07298489275648892,0.44250395554315075,0.0,1.638719283684824,958,0,0,0,14,15,170
Sole,0.5877866649021191,3.2525868822105126,0.05719015936780004,3.5347287742866778,2.0161783973795546,5.389723832871888,5.725916648823468,0.07986686803882981,0.0641813144897294,0.5306282510621704,0.031083298413731284,0.0009424129322573883,0.24484912875647558,0.5877866649021191,0.0,0.3862337461802768,959,0,0,0,6,27,106
"Sole, PROCESS Baking",0.6423800635062922,3.818026248420635,0.036607411342796395,3.799973501619523,1.8577032525220898,5.4534879342760405,5.667414830485326,0.1380212978973747,0.06122948086911746,0.6178076811569767,0.01725035340652759,0.0009281405728220459,0.44870702938522605,0.6099829392991765,0.0,0.4306686238470587,959,9,0,0,6,27,106
"Sole, PROCESS Cooking in water",0.6413274318301488,3.420065865966538,0.037158147966932925,3.828641396489095,1.8562979903656263,5.312502001539993,5.709006898793008,0.10564618913498693,0.056920290252682214,0.5302079946996076,0.03536714383729131,0.001070855001492987,0.1947440767925118,0.6202538550396206,0.0,0.40069182935550673,959,11,0,0,6,27,106
"Sole, PROCESS Frying",0.6423800635062922,3.58351893845611,0.04401688541677433,3.9889840465642745,2.1469833608994726,5.3612921657094255,5.762051382780177,0.10345870836822998,0.05638033343610764,0.5993858007454709,0.0,0.0010993954433009636,0.2159175062224701,0.6423800635062922,0.0,0.41012091964435843,959,14,0,0,6,27,106
"Sole, PROCESS Steaming",0.6413274318301488,3.871201010907891,0.031913863245530694,3.6224343547057836,1.8562979903656263,5.308267697401205,5.5656144993355525,0.12902123714663655,0.06552018200797885,0.5134222496132567,0.03536714383729131,0.000928140572822046,0.3589723029874159,0.5537701640913033,0.0,0.37863211129077456,959,18,0,0,6,27,106
Sorbet,0.262364264467491,3.116051772206283,0.06497592546235044,2.5737021485711313,0.26466929814270806,3.260291928584918,4.330357329753606,0.057459955673227224,0.025667746748577788,0.17072681908907908,0.001465592161609968,0.0002199758035487478,0.024971319392621535,0.18813794211539445,0.0,0.23388564784611185,960,0,0,0,18,64,204
Sorghum flour,0.04305948946044697,3.713572066704308,0.5306282510621704,4.9185200051884514,1.4068320123374387,5.564520407322694,5.916202062607435,0.17395330712343804,0.22314355131420976,1.9459101490553132,0.0,0.0,0.4700036292457356,0.04305948946044697,0.0009995003330835331,0.6931471805599453,961,0,0,0,10,14,22
Sorrel,1.0647107369924282,3.970291913552122,0.10178269430994231,4.1588830833596715,0.8616233305318468,4.045554398052669,5.805565168966144,0.12600312620373105,0.05286348955706782,1.1684936542161763,0.0008995952428360929,0.0,0.1540690438420707,1.0647107369924282,0.0,0.34864277224146817,962,0,0,0,19,6,3
Sour cherries,0.28141245943818555,2.603747327002519,0.07793939836741232,2.269176030862916,0.3782407218532929,2.956397268155314,5.163805901973126,0.04059339696525347,0.03232888711536001,0.3466246080852309,0.0005498488054354668,0.0,0.04470017891790689,0.11154137473290744,0.0,0.09531017980432487,963,0,0,0,8,33,187
Sour cream products,0.5128236264286639,4.478958874850075,0.015592094759836202,2.3581549441488563,0.5846070119847393,4.244405256797834,4.683453104382135,0.14471858201508703,0.0609606997896872,0.18786173716957,0.0,0.00031423633687608434,0.03302021102813388,0.5469646703818639,0.0,0.31481073984003355,965,0,0,0,14,25,174
"Sour cream products, QUAL Half fat or medium fat",0.4700036292457356,4.61512051684126,0.022739486969489426,2.4849066497880004,0.5306282510621704,4.394449154672439,4.875197323201151,0.15700374880966478,0.039220713153281295,0.09531017980432487,0.0,0.00029995500899797546,0.039220713153281295,0.4700036292457356,0.0,0.33647223662121295,965,21,0,0,14,25,174
"Sour cream products, QUAL Low fat (naturally or reduced)",0.262364264467491,4.61512051684126,0.024692612590371504,2.4849066497880004,0.511025603768657,4.394449154672439,4.976733742420574,0.1397619423751587,0.0344014267173324,0.05826890812397577,0.0,0.00029995500899797546,0.016857117066422903,0.262364264467491,0.0,0.35767444427181594,965,23,0,0,14,25,174
"Sour cream, plain",0.17395330712343804,4.470822133457013,0.10795714150509227,2.344549292093078,0.5822156198526637,4.24029847484518,4.768260380854159,0.14100340746322362,0.06230388333615485,0.1368591827171973,0.0016985566355814771,0.0002913861143710484,0.031637084943182556,0.5469646703818639,0.0,0.3032741672116171,964,201,0,0,14,25,174
"Sour cream, plain, QUAL Half fat or medium fat",0.4700036292457356,4.61512051684126,0.022739486969489426,2.4849066497880004,0.5306282510621704,4.394449154672439,4.875197323201151,0.15700374880966478,0.039220713153281295,0.09531017980432487,0.0,0.00029995500899797546,0.039220713153281295,0.4700036292457356,0.0,0.33647223662121295,964,201,9,0,14,25,174
"Sour cream, plain, QUAL Low fat (naturally or reduced)",0.262364264467491,4.61512051684126,0.024692612590371504,2.4849066497880004,0.511025603768657,4.394449154672439,4.976733742420574,0.1397619423751587,0.0344014267173324,0.05826890812397577,0.0,0.00029995500899797546,0.016857117066422903,0.262364264467491,0.0,0.35767444427181594,964,201,12,0,14,25,174
Soy sauce,0.0,3.673403168974438,0.12539840939433364,3.8066624897703196,1.6790439292423684,4.770684624465665,5.752391216473901,0.13165463261166244,0.06431528193584041,1.4571521592163545,0.000642650598718258,0.0,0.15802886422491008,0.19392069263730652,0.042101176018635396,0.36278954493858634,966,0,0,0,16,18,190
"Soya bean oil, refined",1.791759469228055,1.6094379124341003,0.009950330853168083,0.7592469822644691,0.0,1.6094379124341003,2.1972245773362196,0.0,0.0,0.08065790301745447,0.0009995003330835331,0.0,0.0,1.7847852054907187,0.042101176018635396,0.019900661706336177,967,222,0,0,2,67,166
Soya drink,0.33647223662121295,3.8351419610921886,0.07356020310802848,3.0244816868399766,0.636576829071551,4.48863636973214,4.913879625631948,0.13029700094785787,0.06609980170452366,0.36000273403140703,0.005345686324752071,0.00029995500899797546,0.051009920907744914,0.5469646703818639,0.002995508979798479,1.0297622641209054,968,0,0,0,15,41,114
Soya proteins,0.9162907318741551,5.33547551451497,0.6261309257071586,4.9185200051884514,2.455919112914748,6.154615419744767,6.5245058508019955,0.2468600779315258,0.37717340751605727,2.1550789558854557,0.008959741371471902,0.0,0.4148495079898046,0.6851150088626811,0.042101176018635396,1.6730831775944566,969,0,0,0,12,54,96
Soya yoghurt,0.33647223662121295,2.9459416090509754,0.08814169032571233,3.0155349008501706,0.6146449524049877,4.120197941048435,4.833102254034098,0.09227527610917083,0.06203539091945264,0.4762341789963716,0.0015131403398104789,0.0,0.035091319811270096,1.0899078480379634,0.002995508979798479,0.17953991383207782,970,0,0,0,15,41,115
"Soya yoghurt, QUAL Half fat or medium fat",0.0,4.795790545596741,0.0,2.772588722239781,0.0,4.7535901911063645,4.394449154672439,0.09227527610917083,0.019802627296179712,0.262364264467491,0.0,0.0003799278182854554,0.0,0.0,0.0,0.019900661706336177,970,21,0,0,15,41,115
Soyabeans sprouts,0.08617769624105233,3.6262438831224513,0.19062035960864973,2.929287174145838,1.589235205116581,4.300196616426249,5.451753505437426,0.1600516024339181,0.16369680695624894,0.65566780753638,0.0,0.0,0.1484200051182733,0.08617769624105233,0.0,0.6612141334569361,971,0,0,0,19,38,185
"Soyabeans sprouts, PROCESS Cooking in water",0.09075436326846414,3.5263605246161616,0.21349717426240436,2.833213344056216,1.5388008328346596,4.330733340286331,5.272999558563747,0.13365638481267358,0.12221763272424921,0.5894519442211803,0.0,0.0,0.126632650933366,0.09075436326846414,0.0,0.6386909947638865,971,11,0,0,19,38,185
"Soyabeans sprouts, PROCESS Steaming",0.09075436326846414,3.5263605246161616,0.21349717426240436,2.833213344056216,1.5388008328346596,4.330733340286331,5.272999558563747,0.13365638481267358,0.12221763272424921,0.5894519442211803,0.0,0.0,0.126632650933366,0.09075436326846414,0.0,0.6386909947638865,971,18,0,0,19,38,185
Speculaas,1.410254998564734,3.4701902531491067,0.11714791337399856,3.3011139231051727,1.1499389158334503,4.8914226656302775,5.052599493195288,0.051507557145931936,0.047428693571110896,0.7687845947655653,0.003992021269537453,0.00019998000266626675,0.018260823080178106,1.3808294556888234,0.001998002662673056,0.5289461648791857,972,0,0,0,10,26,9
Spelt flour,0.18647956694261833,2.2881963555419462,0.09336022793524588,3.381966019734268,1.522353805526987,4.727387818712341,4.868632748204645,0.08578443412678821,0.24797552701539144,0.7927339171315304,0.02322812611920717,0.0,0.262364264467491,0.262364264467491,0.0,0.8761827680875569,973,0,0,0,10,14,22
"Spelt flour, wholemeal",0.8754687373538999,2.3978952727983707,0.3586729466014054,4.727387818712341,1.7047480922384253,5.719843282806385,6.025175604450293,0.025667746748577788,0.37717340751605727,2.1550789558854557,0.0,0.0,0.16126814759612226,0.8754687373538999,0.0,1.4731598941414725,973,277,0,0,10,14,22
Spelt grain,0.1988508587451652,3.3524072174927233,0.33647223662121295,4.9185200051884514,2.3472716106164517,6.046696503344896,6.039233782143307,0.14410034397375684,0.26466929814270806,1.5745506534336597,0.0,0.0,0.262364264467491,0.19885085874516523,0.0,1.536867219599265,974,0,0,0,10,14,23
"Spelt grain, PROCESS Baking",0.3199072197465178,2.5649493574615367,0.13102826240640408,3.6375861597263857,1.1381534632886423,4.812184355372417,4.7535901911063645,0.0246926125903715,0.06297479916138844,0.7875478559814296,0.0,0.0,0.044973365642731154,0.3199072197465178,0.0,0.6507614640635074,974,9,0,0,10,14,23
"Spelt grain, PROCESS Cooking in water",0.3199072197465178,2.5649493574615367,0.13102826240640408,3.6375861597263857,1.160960913732645,4.812184355372417,4.7535901911063645,0.025667746748577788,0.08250122151174369,0.7875478559814296,0.0,0.0,0.04974209189481407,0.3199072197465178,0.0,0.6507614640635074,974,11,0,0,10,14,23
"Spelt grain, PROCESS Steaming",0.3199072197465178,2.5649493574615367,0.13102826240640408,3.6375861597263857,1.160960913732645,4.812184355372417,4.7535901911063645,0.025667746748577788,0.08250122151174369,0.7875478559814296,0.0,0.0,0.04974209189481407,0.3199072197465178,0.0,0.6507614640635074,974,18,0,0,10,14,23
Spelt rolled grains,0.1988508587451652,4.140864577856994,0.33647223662121295,4.804021044733257,2.3472716106164517,6.002828305758297,6.1231191797196445,0.22428575589298677,0.3548733219921042,1.606576680153068,0.0,0.0,0.262364264467491,0.19885085874516523,0.0,1.4060969884160703,975,0,0,0,10,11,13
Spice cakes,1.4586150226995167,3.1179499062782403,0.0902845856212401,2.5715211226247714,0.8564193976939056,4.5711701072912945,4.765586907393996,0.0849974456286671,0.04360668509653558,0.649419181982778,0.0058230133027887074,0.0003999200213269354,0.08105318597931785,0.8201321923144341,0.0029955089797984794,0.4769437763296771,976,0,0,0,10,26,201
Spinaches,1.1151415906193203,4.675095955523643,0.10152459648943614,4.142907943308579,0.9514372225772766,3.873876001357194,6.256298287381134,0.20608458530623128,0.10590322550704853,1.2386640441158663,0.0006980896120702985,0.0,0.17671060671845593,0.9781005334404685,0.042101176018635396,0.6530689569925349,977,0,0,0,19,37,183
Spinaches and similar-,0.7884573603642702,4.687934461558961,0.09725633675981085,4.108059603404066,0.9732650017765224,3.852576261070185,6.21973777624219,0.19392069263730652,0.117402010694639,1.2320186734794811,0.0005631747206761801,0.0,0.1791020941669815,0.9781005334404685,0.042101176018635396,0.595455596032341,978,0,0,0,19,37,183
"Spinaches and similar-, PROCESS Baking",0.9098701640712323,4.867534450455582,0.09531017980432487,4.248495242049359,0.922670338838194,3.9318256327243257,6.415096959171596,0.1914464645709552,0.08709470685093376,1.5608777218187233,0.0,0.0,0.1980308504991345,0.9098701640712323,0.042101176018635396,0.597736995755287,978,9,0,0,19,37,183
"Spinaches and similar-, PROCESS Cooking in water",0.9194856227706742,4.936527321942534,0.12107918468528292,4.1726274806161445,0.820660500858905,3.9512437185814275,6.016157159698354,0.14755756435761466,0.063779304434064,1.3516659443565526,0.0018316548289699923,0.0,0.15112570102547376,1.0562613481275793,0.042101176018635396,0.5399960010657705,978,11,0,0,19,37,183
"Spinaches and similar-, PROCESS Steaming",0.8981267612464839,4.933445655405126,0.12259682757174299,4.290850754008011,0.8753496826481221,3.967592856582957,6.216320916425866,0.16732877220781328,0.06979255165751579,1.3743663616830248,0.0018316548289699923,0.0,0.16829507256081375,1.052568350166703,0.042101176018635396,0.5687979919694767,978,18,0,0,19,37,183
"Spinaches, PROCESS Baking",1.791759469228055,4.844187086458591,0.13478061202495456,4.39247189253542,0.922670338838194,3.84405002184194,6.262636067432774,0.14137554664757168,0.04576973424418872,1.5362648876961857,0.0013324452337786195,9.999500033330834e-05,0.15627087959401204,0.8719625980246123,0.042101176018635396,0.5141913818137159,977,9,0,0,19,37,183
"Spinaches, PROCESS Cooking in water",0.9194856227706742,4.774310006079982,0.14162356252185887,4.331109209488275,0.7202758479481979,3.9512437185814275,6.063120536014417,0.13340638481137151,0.04194136778817144,1.26931903489269,0.0018316548289699923,0.0,0.1357788651650019,1.0562613481275793,0.042101176018635396,0.49504461320350424,977,11,0,0,19,37,183
"Spinaches, PROCESS Steaming",1.791759469228055,4.690036406631333,0.12259682757174299,4.349503442968322,0.8753496826481221,3.8409872323113943,6.198478716492308,0.14013454375809453,0.04433581382005172,1.3617967295194904,0.0017484705341168846,9.999500033330834e-05,0.11930568536054055,1.052568350166703,0.042101176018635396,0.4593217808988751,977,18,0,0,19,37,183
Spiny and rock lobsters,0.18232155679395465,4.23410650459726,0.32280787442715503,3.044522437723423,1.9694871570117822,5.375278407684165,6.2166061010848646,0.07696104113612832,0.1397619423751587,0.832909122935104,0.03536714383729131,0.000499875041651048,0.19062035960864973,0.18232155679395465,0.0,1.0986122886681098,979,0,0,0,6,20,104
"Spiny and rock lobsters, PROCESS Baking",1.0195690813276568,4.31748811353631,0.588342066193819,3.295836866004329,1.597567739863613,5.541263545158426,5.420534999272286,0.09075436326846414,0.04401688541677433,0.7050757514252192,0.0,0.0010993954433009636,0.4722332845730047,1.0195690813276568,0.0,1.074319596099065,979,9,0,0,6,20,104
"Spiny and rock lobsters, PROCESS Cooking in water",0.9357011253939783,4.167772030776918,0.4577864453071438,3.58351893845611,2.06512526537048,5.420534999272286,5.311797528104729,0.07059159285064848,0.04401688541677433,0.7496625305357841,0.023521195041345828,0.00224319643826048,0.4722332845730047,0.9241001587656369,0.0,1.6251425184451804,979,11,0,0,6,20,104
"Spiny and rock lobsters, PROCESS Frying",0.21591750622247016,4.418840607796598,0.3611648492115844,3.1354942159291497,2.016901023204938,5.455321115357702,6.238324625039508,0.08342160813907239,0.04401688541677433,0.845438990902204,0.0,0.000499875041651048,0.18398683611301586,0.2159175062224702,0.0,1.2255385822404965,979,14,0,0,6,20,104
"Spiny and rock lobsters, PROCESS Steaming",0.9357011253939783,4.174387269895637,0.5312163134137247,3.1780538303479458,1.875794198171129,5.407171771460119,5.288267030694535,0.07973496801885356,0.04401688541677433,0.6397464038328301,0.0,0.0008995952428360929,0.4722332845730047,0.9357011253939783,0.0,0.9880530981010458,979,18,0,0,6,20,104
Spirits made from stone fruits,0.0,1.3873652161213836,0.025667746748577788,0.7592469822644691,0.0009995003330835331,1.6094379124341003,2.1972245773362196,0.0009995003330835331,0.0009995003330835331,0.09531017980432487,0.0,0.0,0.0009995003330835331,0.0,0.0,0.1397619423751587,980,0,0,0,1,66,200
Spirulina,1.308332819650179,5.194542894045845,0.18232155679395465,4.61512051684126,1.1151415906193203,2.4849066497880004,4.852030263919617,0.29266961396282,0.1988508587451652,1.3934118288887545,0.0,0.0,0.09997460909567989,1.308332819650179,0.0,0.7419373447293773,981,0,0,0,19,40,110
Sponge cake,0.9162907318741551,3.4404180948154366,0.07378138821874865,2.506108857438603,0.8960297138186967,4.825796285463547,4.914963144026693,0.11841775481447446,0.04974209189481407,0.762340032049563,0.00666346401553483,0.0006298016333096374,0.05772967920824073,0.8392368864318404,0.001998002662673056,0.4606745339572172,982,0,0,0,10,26,18
"Sponge cake dough (génoise), PROCESS Baking",0.7222204280456523,3.5221499920798176,0.05624529866444881,2.4485390056171252,1.105587902404535,4.888198589758526,4.617945377476814,0.17886320262260602,0.061901117673195186,0.8258657429274415,0.007684682758546947,0.0008310831261559965,0.062438102516277155,0.8517735438423648,0.004987541511039074,0.6105416678957827,983,9,0,0,10,51,157
"Sponge cake dough (génoise), PROCESS Steaming",0.7222204280456523,3.367295829986474,0.05354076692802982,2.1972245773362196,1.105587902404535,4.795790545596741,4.653960350157523,0.19638881400539013,0.06672363204290818,0.7556523859113424,0.0,0.0009995003330835331,0.045928931888399804,0.7222204280456523,0.004987541511039074,0.6259384308664953,983,18,0,0,10,51,157
Sponge cake roll,1.2029723039923526,3.9402864707010057,0.07356020310802847,2.4292177439274116,1.0906361189869327,4.760748417806535,4.6491870714048655,0.11198850194804726,0.044814015789792584,0.6182440205332611,0.0033925720474346716,0.0004855963647130104,0.0957646219843793,0.9617228832719895,0.004456720716941327,0.4054651081081644,984,0,0,0,10,26,18
Sprat,1.252762968495368,5.028802598051705,0.05705523391390851,3.153956278768885,2.1704078850881854,5.411008093300707,5.496582573739127,0.22085522079619754,0.039220713153281295,0.6863383386306149,0.009950330853168083,0.006975613736425242,0.21164917188847465,0.9170904120447194,0.020782539182528502,0.9076247187888776,985,0,0,0,6,27,107
"Sprat, PROCESS Baking",0.9741822102899327,3.713572066704308,0.1292723357041392,3.5263605246161616,2.129659257840453,5.583496308781699,5.8916442118257715,0.20945022418220727,0.037295784743696894,0.7428892724547594,0.0,0.008464078412129412,0.353469812989784,0.9741822102899328,0.0,0.6097655716208943,985,9,0,0,6,27,107
"Sprat, PROCESS Cooking in water",0.9858167945227653,3.7612001156935624,0.1292723357041392,3.5263605246161616,1.9638903885197336,5.579729825986222,5.820082930352362,0.17563256864315802,0.03633192924739028,0.739553553374101,0.0,0.008464078412129412,0.33074156191222787,0.9858167945227654,0.0,0.634988266386413,985,11,0,0,6,27,107
"Sprat, PROCESS Frying",0.9741822102899327,4.156648445558256,0.12221763272424921,3.630038954091003,2.2337707769936856,5.62040086571715,5.929589143389895,0.20177398272076996,0.037295784743696894,0.7825960606142791,0.012916225266546327,0.008464078412129412,0.3220834991691133,1.4401668265843803,0.0,0.7884573603642702,985,14,0,0,6,27,107
"Sprat, PROCESS Steaming",0.9858167945227653,3.7612001156935624,0.1292723357041392,3.5263605246161616,1.9638903885197336,5.579729825986222,5.820082930352362,0.17563256864315802,0.03633192924739028,0.739553553374101,0.0,0.008464078412129412,0.33074156191222787,0.9858167945227654,0.0,0.634988266386413,985,18,0,0,6,27,107
Spreadable vegetable fat-deprecated,1.791759469228055,2.302585092994046,0.032467190137501496,1.6094379124341003,0.12204062590902467,2.6946271807700692,3.2188758248682006,0.0246926125903715,0.006975613736425242,0.08004270767353643,0.0,0.0,0.002995508979798479,1.7847852054907187,0.042101176018635396,0.12486898204586927,986,0,0,0,2,67,184
"Spreadable vegetable fat-deprecated, QUAL Half fat or medium fat",1.791759469228055,2.463853240590168,0.0029456572885695298,0.8256363636060243,0.30968815271439554,2.6330871626287546,2.9923933722884763,0.02102736719207559,0.006975613736425242,0.06297479916138844,2.2221975312299892e-05,0.0005798318650090552,0.4079952379617895,1.7847852054907187,0.042101176018635396,0.05850472937256304,986,21,0,0,2,67,184
"Spreadable vegetable fat-deprecated, QUAL Low fat (naturally or reduced)",1.791759469228055,2.4705179123359007,0.003414165099787866,0.8634925463071842,0.30968815271439554,2.5561192780132647,2.5550100155589788,0.02176149178151269,0.006776984279023752,0.058268908123975775,2.2221975312299892e-05,0.000499875041651048,0.4722332845730047,1.7847852054907187,0.042101176018635396,0.056002190115284796,986,23,0,0,2,67,184
"Spreadable vegetable fat-deprecated, QUAL Low sodium / reduced salt",1.791759469228055,2.2587824703356527,0.032467190137501496,2.243744592971112,0.06765864847381481,2.586689344097943,2.849880396541428,0.0246926125903715,0.006975613736425243,0.06230388333615485,0.0,0.0,0.002995508979798479,1.7847852054907187,0.042101176018635396,0.12486898204586927,986,24,0,0,2,67,184
Spring onions,0.22314355131420976,4.671492828919164,0.06899287148695145,2.531426665422893,0.7710337192170166,3.4106761256166993,5.462620417839313,0.04879016416943199,0.08748745412311582,0.7554510638961002,0.0009995003330835331,0.0,0.1604167214059047,0.23901690047049992,0.0,0.5996211225491218,987,0,0,0,19,12,16
"Spring onions, PROCESS Baking",0.24216155714997162,5.0369526024136295,0.08434114843375087,2.5649493574615367,0.7314058926770357,3.295836866004329,5.53338948872752,0.06015392281974709,0.12044615307586716,0.8389776287714849,0.0,0.0,0.1798184265758361,0.24216155714997162,0.0,0.739553553374101,987,9,0,0,19,12,16
"Spring onions, PROCESS Cooking in water",0.24529635595534308,4.795790545596741,0.07497494316449892,2.2735975561207935,0.6010318916521397,3.4878118544989265,5.2079236525235295,0.04127903291943566,0.07298489275648892,0.6648946676080614,0.0,0.0,0.11524012265227117,0.28277002809076035,0.0,0.5921422449417739,987,11,0,0,19,12,16
"Spring onions, PROCESS Frying",1.3609765531356006,1.9139771019523042,0.07696104113612832,2.617395832834079,1.000631880307906,3.449987545831587,5.5134287461649825,0.08984070399978947,0.048790164169432,0.3927175352856617,9.999500033330834e-05,0.0,0.26620304077465673,1.3609765531356006,0.0,0.1988508587451652,987,14,0,0,19,12,16
"Spring onions, PROCESS Steaming",0.33647223662121295,3.9318256327243257,0.05826890812397577,2.6390573296152584,0.33647223662121295,3.9512437185814275,5.75890177387728,0.039220713153281295,0.0295588022415444,0.5877866649021191,0.0,0.0,0.06297479916138844,0.33647223662121295,0.0,0.5538851132264376,987,18,0,0,19,12,16
Spring rolls,0.9162907318741551,3.3463891451671604,0.07232066157962612,2.7047112998366956,1.1926590444256626,4.206928922969246,4.972587226458726,0.05968300216117373,0.0896883462635307,0.6400979594701299,0.003527105776156826,0.00021597667535868789,0.08862119165352826,0.8112857085769868,0.013902905168991422,0.48458431256076356,988,0,0,0,4,22,162
"Sprouts, shoots and similar",0.0,2.7343675094195836,0.09893994785490358,2.772588722239781,1.0275458402342494,3.903990833730882,4.927253685157205,0.1338313476335206,0.08672800350982414,0.5966362801791015,0.0009995003330835331,0.0,0.08084238784410076,0.08984070399978947,0.004987541511039074,0.34642256747438105,989,241,0,0,19,38,185
"Sprouts, shoots and similar, PROCESS Cooking in water",0.09075436326846414,3.4965075614664802,0.15944277440902355,2.7990219793079367,1.5388008328346596,4.176582660459073,5.054424311219917,0.15394657736711514,0.12851885080097833,0.7083875960476498,0.0009995003330835331,0.0,0.11269072675267085,0.0925791812930932,0.0,0.5448128860541269,989,241,5,0,19,38,185
"Sprouts, shoots and similar, PROCESS Steaming",0.09075436326846414,3.4878118544989265,0.1395134643020701,2.9740707767728116,1.2648528557023369,4.154408802964751,4.819128827725229,0.14977376817038718,0.11485812735890133,0.7302365030338885,0.0009995003330835331,0.0,0.08657080376102003,0.0925791812930932,0.0,0.5491118344737799,989,241,8,0,19,38,185
Squids,0.7884573603642702,3.5471512942852352,0.6261309257071586,3.337293579682675,1.9839527745011638,5.2157118538838745,5.5634251169612785,0.10949481479628129,0.08748745412311582,0.3862337461802768,0.03536714383729131,0.0028530689824064464,0.4722332845730047,0.7884573603642702,0.0,0.8694985703673962,990,0,0,0,6,46,21
"Squids, PROCESS Cooking in water",0.0,1.3873652161213836,0.0,0.7592469822644691,0.0,1.6094379124341003,2.1972245773362196,0.0,0.0,0.6931471805599453,0.0,0.001998002662673056,0.0,0.0,0.0,0.019900661706336177,990,11,0,0,6,46,21
"Squids, PROCESS Frying",1.791759469228055,2.617395832834079,0.0,2.760009940032921,0.7561219797213337,4.990432586778736,4.316153890523174,0.05826890812397577,0.019802627296179712,0.23111172096338664,0.024204688696817394,0.0018682537266818222,0.09531017980432487,1.7847852054907187,0.007769737264360664,0.6259384308664953,990,14,0,0,6,46,21
"Squids, PROCESS Steaming",0.0,1.3873652161213836,0.0,0.7592469822644691,0.0,1.6094379124341003,2.1972245773362196,0.0,0.0,0.6931471805599453,0.0,0.001998002662673056,0.0,0.0,0.0,0.019900661706336177,990,18,0,0,6,46,21
"Squids, cuttlefishes, octopuses",0.7884573603642702,2.8581108956779433,0.6261309257071586,3.405947984420753,1.9273720280564022,5.329262170397458,5.7745515455444085,0.19297885126794265,0.08092144235222526,1.019362917013969,0.03536714383729131,0.0028530689824064464,0.4722332845730047,0.7884573603642702,0.0,1.093839009915452,990,95,26,0,6,46,21
"Squids, cuttlefishes, octopuses, PROCESS Cooking in water",0.0,1.3873652161213836,0.0,0.7592469822644691,0.0,1.6094379124341003,2.1972245773362196,0.0,0.0,0.6931471805599453,0.0,0.001998002662673056,0.0,0.0,0.0,0.019900661706336177,990,95,26,5,6,46,21
"Squids, cuttlefishes, octopuses, PROCESS Frying",1.0116009116784799,3.332204510175204,0.0,3.6109179126442243,0.0,4.969813299576001,5.6131281063880705,0.12221763272424921,0.13102826240640408,0.6931471805599453,0.0,0.001998002662673056,0.4722332845730047,1.0116009116784799,0.0,0.7884573603642702,990,95,26,6,6,46,21
"Squids, cuttlefishes, octopuses, PROCESS Steaming",0.0,1.3873652161213836,0.0,0.7592469822644691,0.0,1.6094379124341003,2.1972245773362196,0.0,0.0,0.6931471805599453,0.0,0.001998002662673056,0.0,0.0,0.0,0.019900661706336177,990,95,26,7,6,46,21
Starchy pudding,0.4700036292457356,4.692395825736103,0.053129940054174415,2.699121570357909,0.5790181750821731,4.485098819813696,5.083177415094348,0.14545996348979642,0.0265028198659993,0.23991638332853674,0.0023971245997214934,0.000316616538360141,0.03260547403456207,0.11511280710050457,0.0,0.4010745312354168,991,0,0,0,14,21,43
"Sticks, salty",0.0,4.001254139156089,0.23111172096338664,3.5263605246161616,1.9070703157390494,4.987025428457122,5.033700567027251,0.22314355131420976,0.23111172096338664,1.2383742310432684,0.0009995003330835331,9.999500033330834e-05,0.11689375147149933,0.7957037688850374,0.004987541511039074,0.5784842722398056,992,236,0,0,10,13,130
"Stock cube or granulate, beef",0.0,4.106179019869104,0.4744579795951158,3.828641396489095,2.1980179133556152,5.968707559985366,6.112100651746772,0.19392069263730655,0.08223809823697209,0.832909122935104,0.0,0.0005998200719676155,0.2851789422336624,0.09531017980432487,0.0,0.7852053249778929,993,47,0,0,16,58,58
Stock cubes or granulate (bouillon base),0.4700036292457356,3.924798196916869,0.3487771718115918,4.465045677893925,2.2918129960121347,6.04381977744191,5.60396213937399,0.19611487892629045,0.10660973505825823,0.8897413966406185,0.0017983819413793735,0.0003999200213269354,0.15700374880966478,0.09531017980432487,0.0,0.6080560366641817,995,0,0,0,16,58,58
"Stock cubes or granulate (bouillon base), QUAL Low sodium / reduced salt",0.7884573603642702,5.550242719287699,0.20432763705656923,4.891851758106289,2.3702437414678603,5.920237037819614,6.5245058508019955,0.15984870094189604,0.0,0.05414721807044643,0.0015987213636970278,9.999500033330834e-05,0.0,0.7884573603642702,0.0,1.0647107369924282,995,24,0,0,16,58,58
"Stock cubes or granulate, chicken",0.9555114450274363,4.478634673193806,0.22786837174992505,4.139158578011894,1.7700979724468757,5.5819914176022785,5.515684265084792,0.1414995622736995,0.09531017980432487,1.000631880307906,0.0009395584766662928,9.999500033330834e-05,0.04879016416943199,0.06765864847381481,0.0,0.412109650826833,994,79,0,0,16,58,58
"Stock cubes or granulate, vegetables",0.8754687373538999,4.3933903933241965,0.19660790805238584,4.05560373390567,1.4586150226995167,5.4486321272069045,5.726956319326081,0.21970908886557494,0.37717340751605727,0.8754687373538999,0.0003999200213269354,0.0,0.11332868530700317,1.0296194171811581,0.0,0.42199441005937494,994,268,0,0,16,58,58
Stockfish,0.4054651081081644,4.200419108613584,0.06605522749960868,3.5136753650888455,2.4321210143430796,5.900679826235874,4.3694478524670215,0.09227527610917083,0.08670180526772468,1.093839009915452,0.03536714383729131,0.0009566850879953938,0.18232155679395465,1.266327693072702,0.0,0.5010349944455683,996,0,0,0,6,28,52
"Stockfish, PROCESS Baking",0.7561219797213337,4.442651256490317,0.07696104113612832,3.8918202981106265,1.9633289849962168,5.484796933490655,5.860786223465865,0.04783732941416013,0.05164323315183845,0.2978798974282269,0.0,0.00129915573162005,0.17730901497041035,0.7561219797213337,0.0,0.3994470357826014,996,9,0,0,6,28,52
"Stockfish, PROCESS Cooking in water",0.6931471805599453,4.795790545596741,0.07696104113612832,3.767822656454056,1.9633289849962168,5.240234155467012,5.184588601219693,0.037158147966932925,0.03990729059185485,0.26620304077465673,0.019802627296179712,0.0011564738833626934,0.18588662295845082,0.7561219797213337,0.0,0.3818552424690306,996,11,0,0,6,28,52
"Stockfish, PROCESS Steaming",0.6931471805599453,4.795790545596741,0.07696104113612832,3.767822656454056,1.9633289849962168,5.240234155467012,2.1972245773362196,0.037158147966932925,0.03990729059185485,0.26620304077465673,0.019802627296179712,0.0011564738833626934,0.18588662295845082,0.7561219797213337,0.0,0.3818552424690306,996,18,0,0,6,28,52
Stout beer,0.0,1.9859154836690125,0.07696104113612832,2.1972245773362196,0.5255734804005463,3.0845277723371223,3.8562082263217494,0.0295588022415444,0.0009995003330835331,0.10821358464023276,0.0,9.999500033330834e-05,0.039220713153281295,0.0,0.0,0.019900661706336177,997,0,0,0,1,7,5
Strawberries and similar-,0.4700036292457356,3.0458820572394627,0.049606157686761354,2.63086056241108,0.5669358694219284,3.3265764574582017,5.149983072042218,0.04415358147330596,0.026085370475674944,0.43751733178283314,9.999500033330834e-05,0.0,0.05502916446956511,0.18232155679395465,0.004987541511039074,0.08722563974801116,998,0,0,0,8,33,7
Sturgeon,0.0,2.9444389791664403,0.0,0.7592469822644691,1.8870696490323797,5.480638923341991,5.802118375377063,0.0,0.0,0.4054651081081644,0.0,0.0,0.0,0.0,0.0,0.019900661706336177,999,0,0,0,6,27,48
Sturgeon roe,1.0986122886681098,4.276666119016055,0.05961570967435449,2.641096066305107,1.9434786238638981,5.6659322505251035,4.732431965599019,0.41314979086671205,0.178146185383474,1.3044643428722584,0.00825157619776502,0.008464078412129412,0.22542665732877834,1.4539530095937052,0.0,0.7852053249778929,1000,0,0,0,6,29,64
Sucrose (common sugar),0.0,1.3873652161213836,0.026641930946421175,0.7884573603642702,0.0,1.6094379124341003,2.1972245773362196,0.0,0.0,0.15210777819745802,0.00039992002132693534,0.0,0.0,0.0,0.0,0.05475871145912687,1001,0,0,0,18,63,188
Sun-dried tomatoes,1.7227665977411035,4.140864577856994,0.47021194088069357,4.31748811353631,1.8558514621152955,5.114566216944487,6.5245058508019955,0.2632429991461799,0.27068123077175626,1.6201800089660026,0.005319161477599948,6.999755011432734e-05,0.2691543464092371,1.7847852054907187,0.023325825303496694,0.6802066692842106,1002,0,0,0,19,69,152
"Sunflower seed oil, edible",1.791759469228055,1.3873652161213836,0.005484930230569685,0.7592469822644691,0.0,1.6094379124341003,2.1972245773362196,0.0,0.0,0.08648345988813716,0.004141412500550048,0.0,0.0,1.7847852054907187,0.006266041578646401,0.05354076692802982,1003,102,0,0,2,67,166
Sunflower seeds,1.791759469228055,4.647134385087123,0.6261309257071586,4.9185200051884514,2.4460668164717365,6.154615419744767,6.5245058508019955,0.20060575828884347,0.37717340751605727,1.9641108537021597,0.03536714383729131,0.0,0.4722332845730047,1.7847852054907187,0.0026963615477426086,1.727842976812722,1004,0,0,0,12,49,127
"Sunflower seeds, PROCESS Baking",1.791759469228055,4.59511985013459,0.6261309257071586,4.9185200051884514,2.3055093845112924,6.154615419744767,6.5245058508019955,0.1733528868111942,0.37717340751605727,1.9549507916666409,0.03536714383729131,0.0,0.4722332845730047,1.7847852054907187,0.0026963615477426086,1.727842976812722,1004,9,0,0,12,49,127
"Sunflower seeds, PROCESS Cooking in water",1.791759469228055,4.330733340286331,0.6261309257071586,4.9185200051884514,2.363868321410944,6.154615419744767,6.413458957167357,0.18398683611301586,0.37717340751605727,1.797575854549495,0.0,0.0,0.4722332845730047,1.7847852054907187,0.0026963615477426086,1.727842976812722,1004,11,0,0,12,49,127
"Sunflower seeds, PROCESS Steaming",1.791759469228055,4.330733340286331,0.6261309257071586,4.9185200051884514,2.363868321410944,6.154615419744767,6.413458957167357,0.18398683611301586,0.37717340751605727,1.797575854549495,0.0,0.0,0.4722332845730047,1.7847852054907187,0.0026963615477426086,1.727842976812722,1004,18,0,0,12,49,127
"Sunflower shoots and sprouts, PROCESS Steaming",0.05826890812397577,1.3873652161213836,0.3506568716131694,2.0794415416798357,2.0918640616783932,3.9318256327243257,5.973809611869261,0.3435897043900769,0.08617769624105233,0.4700036292457356,0.0008995952428360929,0.0,0.039220713153281295,0.05826890812397577,0.0,0.6780335427498971,1005,18,0,0,19,38,185
Swedes,0.0,3.9114514135291887,0.04470017891790689,2.472930458741285,0.7916988542884411,3.511971787164062,5.423690571471096,0.045246477756950974,0.0609606997896872,0.30221875814267357,0.0008596304118820087,0.0,0.15822400521489413,0.18232155679395468,0.004987541511039074,0.15394657736711514,1006,0,0,0,19,48,124
"Swedes, PROCESS Baking",0.1914464645709552,3.8918202981106265,0.07973496801885356,2.302585092994046,0.7090205297162355,3.4657359027997265,5.214935757608986,0.050693114315518116,0.04114194333117518,0.3442986728706769,0.0,0.0,0.15871169115482087,0.1914464645709552,0.004987541511039074,0.08434114843375087,1006,9,0,0,19,48,124
"Swedes, PROCESS Cooking in water",0.0,3.883966407645621,0.0477737748048407,2.106164611820589,0.6978029920961394,3.331013324805051,5.0458951820745925,0.03584965289369722,0.05211795426210667,0.2844267797311083,0.0008596304118820087,0.0,0.10690931564767676,0.19227188764712272,0.004987541511039074,0.09954363033626148,1006,11,0,0,19,48,124
"Swedes, PROCESS Steaming",0.0,3.904326798793676,0.05110494331726797,2.3240203737141107,0.7462139014966376,3.3832596809754882,5.336977024903608,0.04305948946044698,0.05543470688810058,0.30158497762077235,0.0008596304118820087,0.0,0.12428040051033717,0.1947440767925118,0.004987541511039074,0.1076578747065098,1006,18,0,0,19,48,124
Sweet almond pastry mass,1.791759469228055,4.836281906951478,0.2546422183735807,4.875197323201151,1.0296194171811581,5.655991810819852,5.910796644040527,0.2851789422336624,0.05826890812397577,0.9555114450274363,0.002995508979798479,0.00015998720136516955,0.03633192924739028,1.7847852054907187,0.0,0.9042181506398859,1007,0,0,0,10,51,157
"Sweet almond pastry mass, PROCESS Baking",1.5133674436833666,4.020236590068379,0.3104215594212703,4.127134385045092,1.2392434184078553,5.156589206719335,5.926926025970411,0.11943246824502098,0.06578774053800308,1.4036429994545037,0.0,0.00019998000266626675,0.03536714383729131,1.5133674436833666,0.001998002662673056,0.7518876755825454,1007,9,0,0,10,51,157
Sweet confectionery-deprecated,0.0,2.0243817644968085,0.09140646632385152,2.3848231912310176,0.11064652008706366,1.791759469228055,4.035504062199167,0.012916225266546327,0.005982071677547464,0.42992540567832505,0.0008995952428360929,0.0,0.004987541511039074,0.6471032420585384,0.0,0.10564618913498693,1008,0,0,0,18,19,189
"Sweet confectionery-deprecated, QUAL Low / Reduced sugar",0.0,1.3873652161213836,0.004987541511039074,0.7592469822644691,0.016857117066422903,1.6094379124341003,2.1972245773362196,0.15700374880966478,0.023716526617316044,0.05414721807044643,0.0,0.0,0.0009995003330835331,0.0,0.0,0.019900661706336177,1008,22,0,0,18,19,189
"Sweet confectionery-deprecated, QUAL Sugar free",0.0,4.378448813325997,0.06028843085680509,0.8754687373538999,0.016857117066422903,1.6094379124341003,4.456007047671872,0.0,0.0,0.832909122935104,0.019802627296179712,0.0,0.0009995003330835331,0.0,0.0,0.046610920593820965,1008,27,0,0,18,19,189
Sweet corn,0.09531017980432487,2.496741107435003,0.10237606661686648,3.780937598531884,1.0321671892599569,4.641639865769482,5.647967695549805,0.09855167372849585,0.15822400521489413,0.5961641737890282,0.0003999200213269354,0.0,0.15210777819745802,0.15700374880966475,0.002995508979798479,0.6445869899445683,1009,0,0,0,19,35,134
Sweet corn canned,0.09531017980432487,1.7817091333745534,0.046474560056349146,3.105227088350272,1.1158907244683822,4.179429481608696,5.724051846418264,0.08512865339635517,0.08827248621890775,0.5410776669365115,0.000329945561976036,0.0,0.1584678779145542,0.2577381960787088,0.008534902449837406,0.3488443648235438,1010,0,0,0,19,69,152
"Sweet corn, PROCESS Baking",0.042101176018635396,1.3873652161213836,0.046610920593820965,3.4431615807611875,1.1085626195212777,4.570282926987651,5.655991810819852,0.09634860149680663,0.16175435156826254,0.41248800875794517,0.0007996801705643322,0.0,0.1380212978973747,0.26865214654497527,0.002995508979798479,0.42955358935130494,1009,9,0,0,19,35,134
"Sweet corn, PROCESS Cooking in water",0.262364264467491,1.6541380913520072,0.03960525459235943,3.3478970620148374,1.1189749831869944,4.29104635303064,5.336507328879943,0.07072470433171026,0.09544004150179976,0.39020642714752474,0.00035993521554780213,0.0,0.13240575933701246,0.4140944348062189,0.002995508979798479,0.37029838862901393,1009,11,0,0,19,35,134
"Sweet corn, PROCESS Steaming",0.262364264467491,1.519825753744413,0.04325104199431494,3.501258164225078,1.1592593191970528,4.506927138099129,5.498046060024043,0.07351596021453602,0.1421194098110562,0.41456642235450997,0.0006248047688420805,0.0,0.12006614167095209,0.4439162944824171,0.002995508979798479,0.36302142899759643,1009,18,0,0,19,35,134
Sweet peppers,1.1631508098056809,2.426066149765067,0.0416901889589426,2.588837572636232,1.058831418656265,3.3089776595653873,5.397516080092054,0.05669534367654529,0.033711057342311695,0.3987761199573677,0.00014998875112487347,0.0,0.32063317259146684,0.8919980393051105,0.004987541511039074,0.15210777819745802,1011,0,0,0,19,35,172
"Sweet peppers, PROCESS Baking",0.0295588022415444,2.276534415794103,0.06552018200797885,2.7990219793079367,0.6778159701341786,3.311064253958341,5.394276686264803,0.0381212078198644,0.04059339696525348,0.35647492393606534,0.00017141387923010483,0.0,0.17659088208496962,0.8885494768924304,0.004987541511039074,0.2579589709995747,1011,9,0,0,19,35,172
"Sweet peppers, PROCESS Cooking in water",1.441729068007991,2.367123614131617,0.04656546914732086,2.4849066497880004,0.892407791410823,3.289644895756408,5.124955551125554,0.056110245655937765,0.025667746748577788,0.35276731910771536,0.0007330645758289757,0.0,0.25309062768216184,0.9796785912543303,0.004987541511039074,0.17311261770864475,1011,11,0,0,19,35,172
"Sweet peppers, PROCESS Frying",1.1878434223960523,2.3978952727983707,0.0,2.6390573296152584,0.0,3.2188758248682006,5.017279836814924,0.033434776086237385,0.009950330853168083,0.4700036292457356,0.0,0.0,0.3220834991691133,1.1878434223960523,0.0,0.09531017980432487,1011,14,0,0,19,35,172
"Sweet peppers, PROCESS Steaming",1.4160958523566805,2.3353749158170367,0.04751951596797639,2.614959778036198,0.9980550336767947,3.3019907315787074,5.304133751869476,0.044973365642731154,0.027615167032973367,0.3607001651883529,0.0007330645758289757,0.0,0.2776317365982795,0.9716119034621167,0.004987541511039074,0.18454131353226752,1011,18,0,0,19,35,172
Sweet potatoes,0.262364264467491,3.2525868822105126,0.13002525329523498,3.044522437723423,0.6937898311586634,3.8161412337248635,5.878535781822306,0.05259245011917059,0.09427067867121999,0.504405055963068,0.0008853222722738525,0.0,0.1835113249295434,0.25464221837358075,0.0,0.23901690047049987,1012,0,0,0,17,62,160
"Sweet potatoes, PROCESS Baking",0.262364264467491,3.4210000089583352,0.13847125472362637,3.3274312314225463,0.8082599876604499,3.9223033148357027,5.937668122502313,0.0470426063333113,0.07340534441627494,0.557709209664841,0.0006830999674161996,0.0,0.16579688446165702,1.2301667284084112,0.0,0.260696207366794,1012,9,0,0,17,62,160
"Sweet potatoes, PROCESS Cooking in water",0.262364264467491,3.3381392456950185,0.12692629357238686,3.4231762883809305,0.7131131932008231,3.8322580369592836,5.794029352503979,0.04385738306377647,0.0675028731015861,0.5164100020598913,0.0006664445431605202,0.0,0.15257801526693696,0.7674194249345329,0.0,0.2418998797966532,1012,11,0,0,17,62,160
"Sweet potatoes, PROCESS Steaming",0.262364264467491,3.337293579682675,0.12763906691968488,3.2525868822105126,0.7402352166588467,3.8317421741673434,5.819658932042003,0.044563557563776765,0.06618894415421721,0.5099109198375904,0.0006569270333217224,0.0,0.15810204655872737,1.089302419342332,0.0,0.24484912875647558,1012,18,0,0,17,62,160
Syrups,0.0,3.531250509910353,0.10885440491208208,3.295836866004329,0.07510747248680541,1.8718021769015913,4.93662988078576,0.024692612590371497,0.04018178963283184,0.7982576649625623,0.001399020913707341,0.0,0.019802627296179712,0.0,0.0,0.05669534367654529,1013,0,0,0,18,63,121
Tabasco sauce,1.436512077280508,4.248495242049359,0.3393253056036194,3.8918202981106265,1.5742251566783558,5.075173815233827,6.5245058508019955,0.1518623493092461,0.1527210870176639,1.5686159179138452,0.0,0.0,0.23348984336835407,1.4365120772805082,0.0,0.5288619862520892,1014,0,0,0,16,18,190
Table grapes,0.33647223662121295,2.7545702167371027,0.11917888640012214,2.181224235989778,0.2719881357715385,2.816263785742443,5.304725362843367,0.030944803849421557,0.05313445555249352,0.2797938996027747,0.0007996801705643322,0.0,0.08118491225231343,0.3818552424690306,0.008959741371471902,0.09738594598816934,1015,0,0,0,8,33,7
Table olives and similar-,0.4054651081081644,3.6262438831224513,0.17407334793745888,2.882403588246988,0.5306282510621704,2.7362210780689065,4.493440222044785,0.05123614989769241,0.022879122520927653,0.9555114450274363,0.0,0.0,0.019802627296179712,0.4054651081081644,0.0,0.12851885080097833,1016,0,0,0,12,54,129
Table olives ready for consumption,0.9555114450274363,4.213114764789845,0.19062035960864973,3.654115461677596,0.4922542381805553,2.833213344056216,5.673323267171493,0.08617769624105233,0.04337872330194499,1.0116009116784799,0.001399020913707341,0.0,0.01505280262629257,1.3313628775936726,0.0,0.15899606482373574,1017,0,0,0,12,54,129
Tallow from other animals,0.4054651081081644,1.3873652161213836,0.009950330853168083,0.7592469822644691,0.5877866649021191,2.3978952727983707,2.1972245773362196,0.0,0.0,0.09531017980432487,0.0,0.0,0.0,0.4054651081081644,0.0,0.07696104113612832,1018,0,0,0,2,1,60
Tamarillos,0.4382549309311553,3.5280397861358814,0.19415601444095745,3.607049435866304,0.7456718593395895,3.4358288256317957,5.602118820879701,0.034401426717332394,0.02789306060152565,0.33749212452195837,0.00029995500899797546,0.0,0.08748745412311582,0.27307592006241876,0.0,0.23710280879788737,1019,0,0,0,8,33,116
Tangelos (except minneolas),0.4382549309311553,1.5789787049493917,0.027615167032973367,1.6863989535702288,0.1397619423751587,2.91235066461494,4.795790545596741,0.010939940038334362,0.01587334915629015,0.11689375147149933,0.00025096850477009157,0.0,0.04974209189481407,0.4382549309311553,0.002995508979798479,0.03149866705937099,1020,0,0,0,8,33,29
Tannias,0.0,2.659260036932778,0.16551443847757338,3.1354942159291497,0.48770320634513653,3.999510459551262,6.175867270105761,0.04470017891790689,0.026781022677642013,0.4964368863138911,0.0,0.0,0.08617769624105233,0.0,0.0,0.4610349592629751,1021,0,0,0,17,62,39
"Tannias, PROCESS Baking",0.0,3.9512437185814275,0.262364264467491,3.912023005428146,0.0,4.663439094112067,6.408528791059498,0.06765864847381481,0.0295588022415444,0.6931471805599453,0.0,0.0,0.0,0.0,0.0,0.4054651081081644,1021,9,0,0,17,62,39
Tap water,0.0,1.9681108590355059,0.006975613736425242,0.8197798314933114,0.0,1.6094379124341003,2.1972245773362196,0.0,0.0,0.05414721807044643,6.499788759153722e-05,0.0,0.0,0.0,0.0,0.019900661706336177,1022,0,0,0,20,23,197
Tapioca starch,0.0,2.7269186854065928,0.06765864847381481,1.3121863889661687,0.18232155679395465,2.8982769374032777,3.1103356562929947,0.09531017980432487,0.0,0.7621400520468967,0.0,0.0,0.0,0.0,0.0,0.019900661706336177,1023,0,0,0,17,61,94
Tapioca starch-based snacks,0.0,3.4339872044851463,0.048790164169432,2.9444389791664403,0.9555114450274363,4.418840607796598,4.875197323201151,0.09531017980432487,0.23901690047049992,0.832909122935104,0.002995508979798479,0.0,0.10436001532424277,0.0,0.0,0.33647223662121295,1024,0,0,0,17,61,151
Taros,0.0,3.7308436532129683,0.12789051273443688,3.8471034593288302,0.7834448185407259,4.472454786880898,6.227947305718309,0.045383005847817695,0.06699086881627837,0.841259256499496,0.0,0.0,0.07696104113612832,1.2237754316221157,0.0,0.4610349592629751,1025,0,0,0,17,62,39
"Taros, PROCESS Baking",0.0,3.5263605246161616,0.20701416938432615,3.7376696182833684,0.6931471805599453,4.248495242049359,6.066108090103747,0.019802627296179712,0.048790164169432,0.6931471805599453,0.0,0.0,0.048790164169432,0.0,0.0,0.9932517730102833,1025,9,0,0,17,62,39
"Taros, PROCESS Cooking in water",0.0,3.7274131181161794,0.11778303565638346,3.7874311278424324,0.6936470556015963,4.423990833772914,5.9668790716353675,0.039220713153281295,0.050149783685471565,0.818835395723442,0.0,0.0,0.056920290252682214,0.0,0.0,0.45107561936021673,1025,11,0,0,17,62,39
"Taros, PROCESS Steaming",0.0,3.720516539057119,0.11778303565638346,3.7874311278424324,0.6936470556015963,4.4171179544851515,6.013365811061083,0.039220713153281295,0.050149783685471565,0.8125162593719636,0.0,0.0,0.056920290252682214,0.0,0.0,0.45107561936021673,1025,18,0,0,17,62,39
Tarragon,0.6931471805599453,5.14166355650266,0.09984533496971613,3.9512437185814275,1.1972502585651092,3.8501476017100584,6.111467339502679,0.21026092548319608,0.1397619423751587,1.8919064178329938,0.0,0.0,0.16551443847757338,0.6931471805599453,0.0,0.4700036292457356,1026,0,0,0,19,6,3
Tartar sauce,1.791759469228055,3.091042453358316,0.03357292625569107,2.7061436228316285,0.33647223662121295,3.9670521698977113,3.801570180866607,0.047428693571110896,0.036469679781391415,0.4964368863138911,0.0024826300079906585,0.0008995952428360929,0.033711057342311695,1.7847852054907187,0.0,0.3262157364540238,1027,0,0,0,16,18,190
Tea infusion with added flavouring ingredients,0.09531017980432487,1.3873652161213836,0.005584378293900614,0.7592469822644691,0.09531017980432487,1.6094379124341003,2.7212954278522306,0.009950330853168083,0.009950330853168083,0.09531017980432487,9.999500033330834e-05,0.0,0.009950330853168083,0.09531017980432487,0.0,0.09531017980432487,1029,0,0,0,3,16,191
Tea leaves and stalks decaffeinated,1.1314021114911006,5.772330802904002,0.6261309257071586,4.9185200051884514,2.606231553765013,5.886500778132606,6.5245058508019955,0.41314979086671205,0.04059339696525348,2.1550789558854557,0.005385472276337817,0.0,0.22314355131420976,1.1314021114911006,0.042101176018635396,1.4282585602189228,1031,0,0,0,3,17,192
Tea leaves and stalks with fruit and flavours,0.0,5.726847747587197,0.6261309257071586,4.9185200051884514,2.439473345056167,3.4339872044851463,5.916202062607435,0.41314979086671205,0.0246926125903715,2.1550789558854557,0.0,0.0,0.262364264467491,0.0,0.0,1.0986122886681098,1032,0,0,0,3,17,192
"Tea leaves and stalks, fermented",1.1314021114911006,5.765191102784844,0.6261309257071586,4.9185200051884514,2.606231553765013,6.154615419744767,6.5245058508019955,0.41314979086671205,0.07165598890643515,2.1550789558854557,0.005385472276337817,0.0,0.24014112768278084,1.1314021114911006,0.042101176018635396,1.4039939382192914,1030,108,0,0,3,17,192
Tea powder ingredients and extracts,0.0,4.02535169073515,0.588342066193819,4.9185200051884514,2.606231553765013,6.093569770045136,6.5245058508019955,0.41314979086671205,0.05259245011917058,1.6174060820832772,0.0,0.0,0.4722332845730047,0.0,0.0,1.4350845252893227,1033,0,0,0,3,17,192
"Tea, decaffeinated, infusion",0.0,2.1972245773362196,0.026781022677642013,1.349926716949016,0.19638881400539013,1.6094379124341003,2.9667447366807385,0.011363758650315086,0.0009995003330835331,0.05414721807044643,0.0,0.0,0.0009995003330835331,0.0,0.0,0.1414995622736995,1028,97,24,0,3,16,191
Teewurst-type sausage,0.26849925303500694,2.2735975561207935,0.04333312470637383,2.0794415416798357,1.7394129888558458,5.301170435530443,5.4644369487657105,0.08355302281828117,0.2395791720624852,0.7038044750339334,0.002995508979798479,0.001182158118523255,0.12663265093336598,0.43489445213216765,0.002995508979798479,0.8646966403719888,1034,0,0,0,13,57,71
"Teewurst-type sausage, QUAL Low fat (naturally or reduced)",0.22554067591393126,2.302585092994046,0.048790164169432,2.302585092994046,2.0981406191123204,5.111987788356544,5.424950017481403,0.18398683611301586,0.37717340751605727,0.6471032420585384,0.0,0.0017983819413793735,0.36325325929885494,0.22554067591393126,0.009950330853168083,1.0296194171811581,1034,23,0,0,13,57,71
"Teewurst-type sausage, QUAL Low sodium / reduced salt",0.26849925303500694,2.302585092994046,0.048790164169432,2.302585092994046,1.7394129888558458,5.111987788356544,5.424950017481403,0.07138999608667293,0.27990188513281866,0.6471032420585384,0.0,0.0013990209137073409,0.16126814759612226,0.26849925303500694,0.002995508979798479,1.0296194171811581,1034,24,0,0,13,57,71
Tequila and similar spirits,0.0,1.3873652161213836,0.0344014267173324,0.7592469822644691,0.0009995003330835331,1.6094379124341003,2.1972245773362196,0.0009995003330835331,0.0009995003330835331,0.05414721807044643,0.0,0.0,0.0009995003330835331,0.0,0.0,0.019900661706336177,1035,0,0,0,1,66,200
Teriyaki sauce,0.0295588022415444,3.8941499438934355,0.34217025773585064,3.983146937924052,1.2982824837966773,4.78725361919478,5.971480474780219,0.08157998699242287,0.13290619723060426,1.2379600666140722,0.0033842669031451996,0.0,0.11587645738580188,0.19392069263730655,0.0002499687552073569,0.6931471805599453,1036,0,0,0,16,18,190
Textured fungal proteins,0.6931471805599453,4.859812404361672,0.0,4.718498871295094,0.09531017980432487,4.844187086458591,3.7612001156935624,0.0295588022415444,0.05826890812397577,1.0647107369924282,0.0009995003330835331,0.0,0.4054651081081644,0.6931471805599453,0.0,0.9555114450274363,1037,0,0,0,15,41,108
Textured soy protein,0.0,6.025658913052238,0.6261309257071586,4.9185200051884514,2.606231553765013,6.154615419744767,6.5245058508019955,0.19650619178591106,0.3179341156223018,2.1550789558854557,0.0007996801705643322,0.0,0.3616624854497714,0.039220713153281295,0.0,1.6541380913520072,1038,0,0,0,15,41,108
Thuringian sausage,0.2768738737351776,2.4849066497880004,0.07696104113612832,3.044522437723423,1.9074662769400255,4.718498871295094,5.5254529391317835,0.1527210870176639,0.37717340751605727,0.5944312076207876,0.0,0.00129915573162005,0.2829207553500705,0.2768738737351776,0.007968169649176874,0.9980550336767946,1039,0,0,0,13,57,70
"Thuringian sausage, PROCESS Baking",0.26926348692776286,2.5649493574615367,0.08250122151174369,3.1354942159291497,1.9040459449566145,4.74493212836325,5.438079308923196,0.15614868248993136,0.3343270802748247,0.6286086594223741,0.0,0.00129915573162005,0.2342812957246657,0.26926348692776286,0.008959741371471902,1.045563067578294,1039,9,0,0,13,57,70
"Thuringian sausage, PROCESS Cooking in water",0.26926348692776286,2.5649493574615367,0.08250122151174369,3.1354942159291497,1.9040459449566145,4.74493212836325,5.438079308923196,0.15614868248993136,0.3343270802748247,0.6286086594223741,0.0,0.00129915573162005,0.2342812957246657,0.26926348692776286,0.008959741371471902,1.045563067578294,1039,11,0,0,13,57,70
"Thuringian sausage, PROCESS Steaming",0.26926348692776286,2.5649493574615367,0.08250122151174369,3.1354942159291497,1.9040459449566145,4.74493212836325,5.438079308923196,0.15614868248993136,0.3343270802748247,0.6286086594223741,0.0,0.00129915573162005,0.2342812957246657,0.26926348692776286,0.008959741371471902,1.045563067578294,1039,18,0,0,13,57,70
Thyme,1.791759469228055,6.025658913052238,0.2348085828447128,4.260329699696362,1.305626458052436,4.504086227097526,6.449341371555682,0.14348172347769073,0.2018907301378659,2.1550789558854557,0.002496880198587199,0.0,0.3548733219921042,1.682688374173693,0.042101176018635396,1.193272906903639,1040,0,0,0,19,6,3
"Thyme, dry",0.0,1.3873652161213836,0.0,0.7592469822644691,0.0,1.6094379124341003,2.1972245773362196,0.0,0.0,0.05414721807044643,0.0045894523338072864,0.0,0.0,0.0,0.0,0.019900661706336177,1040,99,0,0,12,60,54
Tigernuts,0.0,3.8918202981106265,0.0,0.7592469822644691,1.0296194171811581,5.351858133476067,2.70805020110221,0.09531017980432487,0.20701416938432615,1.4350845252893227,0.0,0.0,0.0,0.0,0.0,0.019900661706336177,1041,0,0,0,19,48,125
"Tigernuts, PROCESS Steaming",0.0,3.879499813722586,0.0295588022415444,2.70805020110221,1.109552228706444,3.775057150354989,2.379546134130174,0.039220713153281295,0.04401688541677433,0.22314355131420976,0.0,0.0,0.11332868530700317,0.0,0.0,0.16551443847757338,1041,18,0,0,19,48,125
Tilapia,0.0,4.795790545596741,0.07696104113612832,3.295836866004329,2.0014800002101243,5.860786223465865,6.111467339502679,0.08617769624105233,0.0295588022415444,1.0647107369924282,0.0295588022415444,0.001998002662673056,0.2776317365982795,0.6931471805599453,0.0,0.44468582126144574,1042,0,0,0,6,27,74
Tinned bulk sausages,0.09531017980432487,3.683866912290392,0.32559698836787093,2.8703310070127186,1.9990446046078068,5.147494476813453,5.33891076351329,0.41314979086671205,0.19321439478569635,1.791759469228055,0.007174203748000358,0.0010993954433009636,0.22039692564610458,0.4006535511109423,0.0,1.435764566117978,1043,0,0,0,13,55,20
Tiroler speck,0.2507587183471831,1.6376087894007967,0.05475871145912687,2.7362210780689065,1.8965698335804002,3.912023005428146,5.2477756693397986,0.13478061202495456,0.23991638332853674,0.5486167441096774,0.0,0.0014988761237358919,0.22633844221072896,0.2507587183471831,0.0,0.9725090213960075,1044,0,0,0,13,55,156
"Tiroler speck, PROCESS Cooking in water",0.24451357705040225,1.3873652161213836,0.05354076692802982,2.3978952727983707,1.8917556223867307,3.8066624897703196,4.584967478670572,0.14928170271575444,0.1510028735365274,0.5726730270920708,0.0,0.001199280575482097,0.14755756435761466,0.24451357705040225,0.0,1.0567480845694108,1044,11,0,0,13,55,156
"Tiroler speck, PROCESS Steaming",0.24451357705040225,1.3873652161213836,0.05354076692802982,2.3978952727983707,1.8917556223867307,3.8066624897703196,4.584967478670572,0.14928170271575444,0.1510028735365274,0.5726730270920708,0.0,0.001199280575482097,0.14755756435761466,0.24451357705040225,0.0,1.0567480845694108,1044,18,0,0,13,55,156
Toffee,0.18232155679395465,4.292414475984194,0.20119004109833744,3.1286384707845953,0.4700036292457356,4.044303616151016,5.116281483231242,0.058268908123975775,0.009950330853168083,0.611317162312313,0.000928140572822046,9.999500033330834e-05,0.009950330853168083,0.18232155679395465,0.0,0.2271355725837472,1045,0,0,0,18,19,189
"Toffee, QUAL Low / Reduced sugar",0.0,1.3873652161213836,0.004987541511039074,0.7592469822644691,0.016857117066422903,1.6094379124341003,2.1972245773362196,0.0,0.0,0.05414721807044643,0.0,0.0,0.0009995003330835331,0.0,0.0,0.019900661706336177,1045,22,0,0,18,19,189
"Toffee, QUAL Sugar free",0.0,1.3873652161213836,0.004987541511039074,0.7592469822644691,0.016857117066422903,1.6094379124341003,2.1972245773362196,0.0,0.0,0.05414721807044643,0.0,0.0,0.0009995003330835331,0.0,0.0,0.019900661706336177,1045,27,0,0,18,19,189
Tofu,0.6931471805599453,5.09637602288443,0.3076317477594013,4.454541075926627,1.225874068279037,4.941642422609304,4.397970285071017,0.036056371240686585,0.061901117673195186,1.3609765531356006,0.006247112760466599,0.0,0.19062035960864973,0.3093212475552621,0.01587334915629015,0.8140997909776079,1046,0,0,0,15,41,115
Tomato chutney,0.30306317449008324,3.002849741322855,0.07616707523495182,2.667228206581955,0.6572979205233137,3.4965075614664802,5.580268764290833,0.0341253361578757,0.08512865339635517,0.5568364188610181,0.0008853222722738525,0.0003099519599280251,0.11574922282872457,0.733713142306607,0.002995508979798479,0.25939282113217854,1047,0,0,0,16,18,28
Tomato ketchup and related sauces,1.0647107369924282,3.030823593365261,0.16889853646181394,2.9943026807443966,1.112796923660066,3.628901944303928,5.968281211652324,0.10307218513981407,0.21049243376065094,0.5914835267834452,0.0004399032283852997,0.0,0.08748745412311582,0.6439569363691735,0.0,0.13353139262452263,1048,0,0,0,16,18,190
Tomato puree,0.9745596399981308,3.3588861835904327,0.22222884738580947,3.3954667069531705,1.675760555365173,4.069026754237811,6.5245058508019955,0.08670180526772468,0.1397619423751587,0.8694985703673961,0.00047488722321123645,0.0,0.18434332117412575,0.4265740713183996,0.0,0.33033096859913047,1049,0,0,0,19,69,152
Tomato soup,0.371563556432483,2.5393497402602208,0.03900090877828928,2.635991409993424,0.6669498650431478,2.875177543155248,5.086669980372253,0.029720601449081265,0.022739486969489426,0.19849950897285606,0.0005998200719676156,9.332897804877116e-05,0.050285644021255564,0.5761638250741262,0.002995508979798479,0.11294595901541424,1050,0,0,0,4,59,173
Tomato-containing cooking sauces,0.5306282510621704,3.3452147469112186,0.08918540097489919,2.810406207739738,0.6242435908015475,3.4462769664350517,5.792505349161004,0.11141358737090361,0.042580447535118394,0.6252251640744868,0.002563378403160181,0.0,0.07386984856645548,0.7308282475276338,0.011928570865273803,0.18551090984065477,1051,0,0,0,16,56,164
Tomatoes and similar-,0.5335651107354801,2.228630955161064,0.03412533615787569,2.3595053832467277,0.600483495696526,3.2409168414593603,5.573782255061226,0.024134965845124517,0.0470198906765439,0.3028521372412257,0.0007996801705643322,0.0,0.09075436326846414,0.6564831961883538,0.005982071677547464,0.1309029412708306,1052,0,0,0,19,35,172
"Tomatoes and similar-, PROCESS Baking",0.6328662496750154,3.0266770774034124,0.13739890415101183,3.06871716631048,0.8432898389896648,3.876839844664931,6.115892125483034,0.06136384432246035,0.07973496801885355,0.6794104044479007,0.0005998200719676155,0.0,0.18434332117412575,0.9373474743997652,0.006975613736425242,0.21211149274737973,1052,9,0,0,19,35,172
"Tomatoes and similar-, PROCESS Cooking in water",0.5538851132264376,2.838242692461218,0.06028843085680509,2.3624699454502696,0.5757301493443355,3.1103356562929947,5.3706380281276624,0.02399550555621568,0.03867111160056252,0.4144720426649491,0.0005498488054354667,0.0,0.08026246374518226,0.6005931989493374,0.006975613736425243,0.18434332117412575,1052,11,0,0,19,35,172
"Tomatoes and similar-, PROCESS Steaming",0.6227247162633995,2.330755969960742,0.05489394710744982,2.46080909820894,0.47187687362741587,3.1898882879949486,5.4387002341216615,0.030252043170520895,0.04947020499808753,0.2316784537640472,0.0,0.0,0.0877491999693949,0.7121651863957071,0.005982071677547464,0.08552217343816201,1052,18,0,0,19,35,172
Tortilla,0.9162907318741551,4.1728476237100445,0.11564742352596187,2.9608450145535503,1.2746442661914428,5.2918680428681295,5.021151235824231,0.030944803849421557,0.11205236094739843,0.7493924792243941,0.0029622747951130552,9.999500033330834e-05,0.05584008490865094,0.537895895288654,0.001199280575482097,0.5316361463263946,1053,0,0,0,10,10,199
Tortilla chips,1.791759469228055,4.6485033106944655,0.17898265552844003,4.349355852384333,1.205714144455652,5.3230099791384085,5.33891076351329,0.09062389161324612,0.09244894752329268,0.9007419014845249,0.0034654170715763323,0.00017998380194373756,0.21913552991667096,1.6714733033535532,0.0,0.8786778682948483,1054,0,0,0,10,13,130
Total daily diet replacement for weight reduction,1.7047480922384253,5.993961427306569,0.0,4.61512051684126,1.547562508716013,5.860786223465865,5.942799375126701,0.41314979086671205,0.37717340751605727,2.0794415416798357,0.002995508979798479,0.0017983819413793735,0.4722332845730047,1.7047480922384253,0.0,1.1939224684724346,1055,0,0,0,15,32,68
Traditional buttermilk (churning),0.0,4.6913478822291435,0.0,2.3978952727983707,0.09531017980432487,4.543294782270004,4.948759890378168,0.1397619423751587,0.019802627296179712,0.05414721807044643,0.0009995003330835331,0.00012999155073226197,0.027615167032973367,0.0,0.0,0.3435897043900769,1056,0,0,0,14,43,17
Traditional margarine,1.791759469228055,2.4527277514237653,0.021027367192075586,1.6996441803202493,0.16140998150884853,2.7212954278522306,2.6100697927420065,0.017348638334613004,0.006975613736425242,0.1397619423751587,0.0021975835434872217,0.0,0.002995508979798479,1.7847852054907187,0.042101176018635396,0.06859279146561173,1057,0,0,0,2,67,184
"Traditional margarine, QUAL Half fat or medium fat",1.791759469228055,2.512305623976115,0.0029955089797984794,0.8754687373538999,0.26115474208132,2.6390573296152584,2.9789251552376097,0.024692612590371504,0.005982071677547465,0.05638033343610765,0.0,0.000699755114273342,0.4722332845730047,1.7847852054907187,0.042101176018635396,0.04592893188839981,1057,21,0,0,2,67,184
"Traditional margarine, QUAL Low fat (naturally or reduced)",1.791759469228055,2.6508917872622613,0.0029955089797984794,1.252762968495368,0.26115474208132,4.083171261623976,2.7240329056088197,0.024692612590371504,0.005982071677547465,0.05638033343610765,0.0,0.000699755114273342,0.4722332845730047,1.7847852054907187,0.042101176018635396,0.04592893188839981,1057,23,0,0,2,67,184
"Traditional margarine, QUAL Low sodium / reduced salt",1.791759469228055,2.2587824703356527,0.032467190137501496,2.243744592971112,0.06765864847381481,2.586689344097943,2.849880396541428,0.0246926125903715,0.006975613736425243,0.06230388333615485,0.0,0.0,0.002995508979798479,1.7847852054907187,0.042101176018635396,0.12486898204586927,1057,24,0,0,2,67,184
Traditional nordic fermented milks,0.0880108773227133,4.852030263919617,0.009950330853168083,2.617395832834079,0.6259384308664953,4.564348191467836,5.049856007249537,0.18481843699254183,0.04401688541677433,0.05414721807044643,0.00129915573162005,0.00017998380194373756,0.037295784743696894,0.0880108773227133,0.0,0.3646431135879093,1058,0,0,0,14,25,194
Trouts,1.1631508098056809,4.852030263919617,0.0849974456286671,3.3063632789913164,2.28038330429607,5.532259545104472,6.024484758136116,0.11867152971749864,0.10152459648943614,0.5068176023684519,0.020376692181275226,0.004987541511039074,0.30211315594604976,0.8188983858655057,0.007968169649176874,0.46624658036802336,1059,0,0,0,6,27,48
"Trouts, PROCESS Baking",1.0508216248317612,2.841581593726733,0.09062389161324612,3.367295829986474,2.1548968200944416,5.574324407419314,6.068094845724144,0.08591553868285934,0.10332988389140126,0.5801384440638622,0.015732731846067587,0.005442306604287187,0.28453426616105,0.8821132800725685,0.008959741371471902,0.5198986250407464,1059,9,0,0,6,27,48
"Trouts, PROCESS Cooking in water",0.0,3.186352633162641,0.10993005937219616,3.414442608412176,2.2435354801994696,5.629058928460265,5.957907763579139,0.08084238784410076,0.10201492540672977,0.42422143659060785,0.022152804641133308,0.005108927178326731,0.22538104625440164,1.0335402919243948,0.008959741371471902,0.47175209977985244,1059,11,0,0,6,27,48
"Trouts, PROCESS Frying",1.0629851110249586,3.044522437723423,0.1253732049230591,3.429368258628852,2.175092572478769,5.660974382164317,6.042293447967262,0.08486622064324159,0.08355302281828117,0.34965032900176796,0.01587334915629015,0.00554460025535045,0.22142779453070657,1.0356724888942357,0.008959741371471902,0.4775642612141857,1059,14,0,0,6,27,48
"Trouts, PROCESS Steaming",0.0,3.100092288878234,0.059588791411657537,3.374168709274236,2.243068606968291,5.608738925969307,6.04310778025982,0.08929210747876185,0.10237606661686648,0.566903453985695,0.013902905168991423,0.00566591832662147,0.31597794160662823,0.9771976667776765,0.008959741371471902,0.4500559914360395,1059,18,0,0,6,27,48
Truffles,0.09531017980432487,3.137975606780535,0.24529635595534302,2.853345460646975,1.8695799293176856,4.13448060724707,5.87493073085203,0.22108428963238413,0.08486622064324159,1.3357526639116524,0.0021975835434872217,0.0,0.0532699110217152,0.10616019582839066,0.0,0.45597714501259473,1060,0,0,0,19,47,207
Tuna and bonito (generic),0.6931471805599453,3.1039458581942236,0.13115356783855853,3.5347287742866778,2.606231553765013,5.421798423319058,5.936027340216756,0.1270101756342571,0.13353139262452263,0.8778468597588673,0.03536714383729131,0.004492749612119154,0.38097723646169723,1.3173014896329391,0.0,0.5090526243596148,1061,0,0,0,6,27,107
"Tuna and bonito (generic), PROCESS Baking",0.8398415597107488,3.6266240389909337,0.07271925322776521,4.022541623743596,2.606231553765013,5.498338500441392,6.016853781112801,0.15394657736711514,0.1397619423751587,0.7511465105720311,0.03536714383729131,0.004515504035011085,0.4722332845730047,0.7544304089768438,0.0,0.34318435375623313,1061,9,0,0,6,27,107
"Tuna and bonito (generic), PROCESS Cooking in water",0.8544153281560676,3.9318256327243257,0.055434706888100586,3.9889840465642745,2.5246080166395526,5.3612921657094255,5.831882477283517,0.13102826240640408,0.12474288659144331,0.6931471805599453,0.0,0.0041912046184680715,0.3378997886123984,0.8544153281560676,0.0,0.09531017980432487,1061,11,0,0,6,27,107
"Tuna and bonito (generic), PROCESS Frying",1.6094379124341003,3.6694053442785575,0.08562708596743705,3.91914047319701,2.606231553765013,5.454893673590133,5.891446875860651,0.14410034397375684,0.14224333322654414,0.7551154371099323,0.03536714383729131,0.004063162734370218,0.36761488397706676,0.8398415597107488,0.0,0.24797552701539144,1061,14,0,0,6,27,107
"Tuna and bonito (generic), PROCESS Steaming",0.8342126208385481,3.871201010907891,0.05448818528406973,3.970291913552122,2.606231553765013,5.3471075307174685,5.886104031450156,0.15529288440603534,0.12411217070803102,0.6876319998718352,0.0,0.004489905272852052,0.35627486391739266,0.8342126208385481,0.0,0.08892620919440151,1061,18,0,0,6,27,107
Turkey fresh meat,0.262364264467491,2.4056572781338597,0.0561912796497425,3.2536912445535657,2.606231553765013,5.280444305013326,5.735004248456153,0.1811303714238015,0.08355302281828117,0.7171426861161609,0.016323191718981642,0.0018040859435925418,0.4233050262364954,0.05354076692802982,0.0,1.254394290227452,1062,0,0,0,13,3,145
"Turkey fresh meat, PROCESS Baking",0.6931471805599453,2.675133386089068,0.08065790301745446,3.225709564446766,2.606231553765013,5.375542922961465,5.688427086573006,0.22222884738580947,0.1385189341355617,0.7342205720487629,0.023465379010967412,0.0012135490656620508,0.39107637065606476,0.06765864847381481,0.0,1.3813894947625953,1062,9,0,0,13,3,145
"Turkey fresh meat, PROCESS Cooking in water",0.0,2.3581549441488563,0.09531017980432485,3.0376964726530233,2.4311793178387515,5.116281483231242,5.254514743889644,0.14025871337394913,0.04742869357111091,0.6912883110749456,0.014888612493750654,0.0012420854352670463,0.2705722448853206,0.0,0.0,1.3895390912847796,1062,11,0,0,13,3,145
"Turkey fresh meat, PROCESS Frying",0.0,1.9740810260220096,0.046883585898850416,3.5380565643793527,2.606231553765013,5.602118820879701,6.060057338573594,0.10975086395911919,0.07325046173959267,0.4824261492442927,0.014888612493750654,0.0009995003330835331,0.4722332845730047,0.0,0.0,0.83116847845732,1062,14,0,0,13,3,145
"Turkey fresh meat, PROCESS Steaming",0.0,2.3581549441488563,0.09531017980432485,3.0376964726530233,2.4311793178387515,5.116281483231242,5.254514743889644,0.14025871337394913,0.04742869357111091,0.6912883110749456,0.014888612493750654,0.0012420854352670463,0.2705722448853206,0.0,0.0,1.3895390912847796,1062,18,0,0,13,3,145
"Turkey liver, PROCESS Baking",0.0,2.4849066497880004,0.6261309257071586,3.044522437723423,2.4706386779902956,5.598421958998375,5.484796933490655,0.41314979086671205,0.37717340751605727,2.1550789558854557,0.03536714383729131,0.008464078412129412,0.4722332845730047,0.0,0.0,1.4036429994545037,1063,9,0,0,13,5,8
Turmeric roots,0.0,5.190573059534934,0.35667494393873234,4.9185200051884514,2.020222182019865,5.617809519359053,6.5245058508019955,0.17874373544607067,0.12474288659144331,2.1550789558854557,0.0,0.0,0.0,0.0,0.0,1.6137144692013605,1064,0,0,0,12,60,182
Turnips,0.0,3.7691419178591183,0.0381212078198644,2.6632520582023154,0.756256108887922,3.6956422490647536,5.5909869805108565,0.039770012810048216,0.0426488961473495,0.2893592366538653,0.0005712653682921128,0.0,0.0790752068284638,0.019802627296179712,0.001998002662673056,0.1252471730368251,1065,0,0,0,19,48,124
"Turnips, PROCESS Baking",0.020782539182528502,3.855301470932434,0.05394691328168023,2.376101053208582,0.681074599325676,3.505128304510387,5.302593923315297,0.03550502732596202,0.03052920503482287,0.24462544013010945,0.0005998200719676155,0.0,0.06592149296246519,0.01725035340652759,0.001998002662673056,0.06859279146561172,1065,9,0,0,19,48,124
"Turnips, PROCESS Cooking in water",0.0,3.85354607566917,0.03536714383729131,2.068380594320411,0.6312717768418579,3.427514689979529,5.178407069875479,0.024497471600387438,0.036139046615873194,0.1930966299619131,0.0008396473974436157,0.0,0.053161548114232356,0.01842913546836719,0.001998002662673056,0.07955027875800907,1065,11,0,0,19,48,124
"Turnips, PROCESS Steaming",0.0,3.741471904233107,0.04401688541677433,2.13912454384101,0.669878553620591,3.5553480614894135,5.180659323079804,0.038066200806456334,0.047646653467353035,0.24137631957526948,0.0008396473974436157,0.0,0.056947280441750125,0.07176236622689076,0.001658623722869518,0.14045735269525578,1065,18,0,0,19,48,124
"Undefined mixed fresh meat, other species",0.0,1.791759469228055,0.08709470685093376,3.1354942159291497,2.2811571455804254,5.14166355650266,5.823045895483019,0.18813794211539445,0.3708736633385453,0.8812851226753398,0.0,0.0026963615477426086,0.289680075114454,0.3646431135879093,0.007968169649176874,1.4331779470187411,1066,190,0,0,13,3,118
"Undefined mixed fresh meat, other species, PROCESS Baking",0.3199072197465178,1.791759469228055,0.08617769624105233,3.3219480100080148,2.262908275841147,5.18977719797283,5.6937321388027,0.1918003007484984,0.20119004109833744,1.2422590150337254,0.0,0.0022973590486834897,0.2151113796169455,0.3199072197465178,0.006975613736425242,1.2908841763152323,1066,190,4,0,13,3,118
"Undefined mixed fresh meat, other species, PROCESS Cooking in water",0.40479821912046066,1.9459101490553132,0.10255658832509207,3.258096538021482,2.3326292143424223,5.2574953720277815,5.69035945432406,0.22633844221072896,0.32135859881116474,1.0664333903038747,0.0,0.0023971245997214934,0.23980399220731702,0.40479821912046066,0.008959741371471902,1.686028514595813,1066,190,5,0,13,3,118
"Undefined mixed fresh meat, other species, PROCESS Steaming",0.40479821912046066,1.9459101490553132,0.10255658832509207,3.258096538021482,2.3326292143424223,5.2574953720277815,5.69035945432406,0.22633844221072896,0.32135859881116474,1.0664333903038747,0.0,0.0023971245997214934,0.23980399220731702,0.40479821912046066,0.008959741371471902,1.686028514595813,1066,190,8,0,13,3,118
"Undefined mixed poultry fresh meat, PROCESS Baking",0.17395330712343804,2.5494451709255714,0.08617769624105233,3.414442608412176,2.327277705584417,5.442417710521793,5.831882477283517,0.17395330712343804,0.07881118042428978,0.8628899551470397,0.020684591192832683,0.0006697756502039825,0.3920420877760237,0.17395330712343804,0.0,0.9858167945227653,1067,9,0,0,13,3,118
"Undefined mixed poultry fresh meat, PROCESS Cooking in water",0.17395330712343804,2.5494451709255714,0.08617769624105233,3.414442608412176,2.327277705584417,5.442417710521793,5.831882477283517,0.17395330712343804,0.07881118042428978,0.8628899551470397,0.020684591192832683,0.0006697756502039825,0.3920420877760237,0.17395330712343804,0.0,0.9858167945227653,1067,11,0,0,13,3,118
"Undefined mixed poultry fresh meat, PROCESS Steaming",0.17395330712343804,2.5494451709255714,0.08617769624105233,3.414442608412176,2.327277705584417,5.442417710521793,5.831882477283517,0.17395330712343804,0.07881118042428978,0.8628899551470397,0.020684591192832683,0.0006697756502039825,0.3920420877760237,0.17395330712343804,0.0,0.9858167945227653,1067,18,0,0,13,3,118
"Unleavened doughs, PROCESS Baking",0.5288619862520892,3.8918202981106265,0.07629944666938958,2.618438042412523,1.4067970234464082,4.288500576663059,4.8542599192468865,0.05826890812397577,0.1253732049230591,0.6560385211643512,0.001998002662673056,0.00019998000266626675,0.026641930946421175,0.5288619862520892,0.002995508979798479,0.45787682444769967,1068,9,0,0,10,51,157
Vanilla,0.0,6.025658913052238,0.3784364357202451,4.04305126783455,1.0929295055326116,4.127134385045092,6.2166061010848646,0.13102826240640408,0.07696104113612832,2.1550789558854557,0.0,0.0,0.0,0.0,0.0,1.0885619528146082,1069,0,0,0,12,60,176
Vanilla essence,0.0,2.4849066497880004,0.06765864847381481,2.5649493574615367,0.35767444427181594,1.9459101490553132,5.003946305945459,0.09531017980432487,0.009950330853168083,0.09531017980432487,0.0,0.0,0.0295588022415444,0.0,0.0,0.09531017980432487,1070,0,0,0,0,30,66
Vanilla pods extract,0.0,6.025658913052238,0.3784364357202451,4.04305126783455,1.0929295055326116,4.127134385045092,6.2166061010848646,0.13102826240640408,0.07696104113612832,2.1550789558854557,0.0,0.0,0.0,0.0,0.0,1.0885619528146082,1071,0,0,0,0,30,66
Veal kidney,0.18232155679395465,2.423537703411708,0.33749212452195837,2.913902255306359,2.4541896771259397,5.542383366104115,5.622985514351683,0.41314979086671205,0.3415613061286842,2.1550789558854557,0.03536714383729131,0.008464078412129412,0.3803914705560485,0.3074846997479606,0.0,1.2689576544153485,1072,0,0,0,13,5,102
"Veal kidney, PROCESS Baking",0.18232155679395465,2.6299342075509493,0.4357633502576961,2.9885637840753785,2.539485018595601,5.60947179518496,5.4411800866014435,0.41314979086671205,0.3074846997479606,2.104900411143059,0.03536714383729131,0.008464078412129412,0.43687148593300906,0.4210759556223119,0.0,1.4177238120518763,1072,9,0,0,13,5,102
"Veal kidney, PROCESS Cooking in water",0.21430460264700538,3.0099169085459474,0.3045391895182038,3.0713696877596113,2.5175351692797276,5.7108999424250655,5.3831835871912785,0.41314979086671205,0.35667494393873234,2.1550789558854557,0.0,0.008464078412129412,0.4113525052294281,0.5964159916001734,0.0,1.5550722339314829,1072,11,0,0,13,5,102
"Veal kidney, PROCESS Steaming",0.21430460264700538,3.0099169085459474,0.3045391895182038,3.0713696877596113,2.5175351692797276,5.7108999424250655,5.3831835871912785,0.41314979086671205,0.35667494393873234,2.1550789558854557,0.0,0.008464078412129412,0.4113525052294281,0.5964159916001734,0.0,1.5550722339314829,1072,18,0,0,13,5,102
Veal liver,0.2151113796169455,2.181224235989778,0.6261309257071586,3.0239031505206873,2.606231553765013,5.739792912179234,5.802118375377063,0.41314979086671205,0.22656625859171203,2.1550789558854557,0.028587456851912555,0.008464078412129412,0.2838891742130797,0.5561813254867879,0.042101176018635396,1.727842976812722,1073,0,0,0,13,5,102
"Veal liver, PROCESS Baking",0.18232155679395465,2.188295946591918,0.6261309257071586,2.9444389791664403,2.606231553765013,5.776324595654294,5.62040086571715,0.41314979086671205,0.21049243376065094,2.1550789558854557,0.03536714383729131,0.008464078412129412,0.29936357722561885,0.18962813197639278,0.042101176018635396,1.727842976812722,1073,9,0,0,13,5,102
"Veal liver, PROCESS Cooking in water",0.1930966299619131,2.1972245773362196,0.6261309257071586,2.70805020110221,2.5607868601233186,5.605802066295998,5.267858159063328,0.41314979086671205,0.11689375147149933,2.1550789558854557,0.0,0.008464078412129412,0.07232066157962612,0.1930966299619131,0.042101176018635396,1.727842976812722,1073,11,0,0,13,5,102
"Veal liver, PROCESS Frying",0.18232155679395465,2.6390573296152584,0.6261309257071586,3.091042453358316,2.606231553765013,5.802118375377063,5.25227342804663,0.41314979086671205,0.19062035960864973,2.1400661634962708,0.03536714383729131,0.008464078412129412,0.4722332845730047,0.18232155679395465,0.0,1.727842976812722,1073,14,0,0,13,5,102
"Veal liver, PROCESS Steaming",0.1930966299619131,2.1972245773362196,0.6261309257071586,2.70805020110221,2.5607868601233186,5.605802066295998,5.267858159063328,0.41314979086671205,0.11689375147149933,2.1550789558854557,0.0,0.008464078412129412,0.07232066157962612,0.1930966299619131,0.042101176018635396,1.727842976812722,1073,18,0,0,13,5,102
Vegetable casserole,0.5306282510621704,3.9512437185814275,0.06624242581002203,2.783246016713769,0.8168176133375925,4.295534603320438,5.5650676029587824,0.09479056430809206,0.08171164389472614,0.4760567009588129,0.0024256272148383603,0.0002199758035487478,0.11013481481812662,0.378984230858567,0.019802627296179712,0.3932961273943777,1074,0,0,0,4,22,51
Vegetable juice concentrate,0.5877866649021191,3.091042453358316,0.09984533496971613,2.995732273553991,0.8228587870816025,4.060443010546419,5.521460917862246,0.055434706888100586,0.06859279146561172,0.511025603768657,0.0,0.0,0.09531017980432487,0.5877866649021191,0.023716526617316044,0.34217025773585064,1075,0,0,0,9,68,45
Vegetable savoury extracts,0.012916225266546327,4.127134385045092,0.010939940038334362,1.9459101490553132,0.3906898225260101,4.3694478524670215,4.605170185988092,0.004987541511039074,0.007968169649176874,1.126551657357351,0.0,0.0,0.03052920503482287,0.012916225266546328,0.0,0.05638033343610764,1076,0,0,0,16,58,58
Vegetable soufflé,0.7347688552507647,4.442651256490317,0.05164323315183845,3.1780538303479458,1.012327920071097,4.770684624465665,5.424950017481403,0.1930966299619131,0.06015392281974709,0.8691991243403046,0.0,0.000699755114273342,0.07138999608667293,0.7347688552507647,0.042101176018635396,0.6119371251344021,1077,0,0,0,4,22,51
"Vegetables, gratinated",0.6418538861723948,4.599487402852593,0.07958106267033892,2.9240572368471,1.027235625825882,4.532061714167453,5.463549279243253,0.10990019569985814,0.06828150741640555,0.5093244976397235,0.0021643228293766236,0.0003232810723759473,0.10945213356107984,0.9497255079603926,0.042101176018635396,0.4620554593965614,1078,138,0,0,4,22,51
Vegetables-based cooked sauce,0.24059046491793043,2.7788192719904172,0.03793783934039214,2.226423732028482,0.8435766595853498,3.3603753871419,4.9933760962061715,0.038579481967475085,0.10345870836823001,0.3832194991608447,0.0005998200719676155,3.9999200021332696e-05,0.0654755819589114,0.5689435771006391,0.010939940038334364,0.20565823697319024,1079,0,0,0,16,56,164
Vermouth,0.0,2.1844448506898204,0.05934649443514606,2.0650528042277365,0.05556985115481077,2.128231705849268,3.9539872045271784,0.0009995003330835331,0.0009995003330835331,0.4098997051760302,9.166246553451167e-05,0.0,0.007968169649176874,0.0,0.0,0.050149783685471565,1080,0,0,0,1,45,69
Vietnamese mint,0.009950330853168083,4.709530201312334,0.6261309257071586,4.9185200051884514,2.4612967841488667,5.877735781779639,6.5245058508019955,0.3981047537018719,0.37717340751605727,2.1550789558854557,0.005484930230569685,0.0,0.2866815721181974,0.009950330853168083,0.0,1.095273387402595,1081,0,0,0,19,6,3
Viili,0.09531017980432487,4.890349128221754,0.010939940038334362,2.5649493574615367,0.09531017980432487,4.61512051684126,5.14166355650266,0.15700374880966478,0.0295588022415444,0.09531017980432487,0.002895803112025565,0.00019998000266626675,0.048790164169432,0.09531017980432487,0.0,0.4054651081081644,1082,0,0,0,14,25,194
"Viili, QUAL Fat free",0.09531017980432487,4.795790545596741,0.009950330853168083,2.5649493574615367,0.09531017980432487,4.51085950651685,5.081404364984463,0.17395330712343804,0.0295588022415444,0.09531017980432487,0.002796087302001274,0.00019998000266626675,0.048790164169432,0.09531017980432487,0.0,0.33647223662121295,1082,20,0,0,14,25,194
"Viili, QUAL Low fat (naturally or reduced)",0.09531017980432487,4.795790545596741,0.010939940038334362,2.5649493574615367,0.09531017980432487,4.61512051684126,5.081404364984463,0.15700374880966478,0.0295588022415444,0.09531017980432487,0.002796087302001274,0.00019998000266626675,0.048790164169432,0.09531017980432487,0.0,0.33647223662121295,1082,23,0,0,14,25,194
Vinegar,0.0,2.423537703411708,0.01755921637210191,2.7269186854065928,0.032467190137501496,3.2851984677992734,4.3079186625201595,0.0,0.0,0.32621573645402385,0.0006397952873394118,0.0,0.0,0.0,0.0,0.12449064797237358,1083,0,0,0,16,18,190
"Vinegar, apple",0.0,1.8012382131825988,0.020810522560403874,2.4222710787965154,0.032467190137501496,2.1534219546778264,4.053274521067807,0.0,0.0,0.284104251103897,0.0008496389545779205,0.0,0.0,0.0,0.0,0.13353139262452263,1083,34,0,0,16,18,190
"Vinegar, wine",0.0,2.2867460289643,0.011589721819280165,2.696555821676475,0.032467190137501496,3.1026629843813347,4.13699345836945,0.0,0.0,0.284104251103897,0.0005498488054354668,0.0,0.0,0.0,0.0,0.07165598890643515,1083,278,0,0,16,18,190
Vodka and vodka-like spirits,0.0,2.678621390411398,0.018036362486098582,1.791759469228055,0.31237468504215243,2.341805806147327,2.302585092994046,0.012718772407774689,0.007968169649176874,0.10885440491208209,0.0,0.0,0.009950330853168083,0.4382549309311553,0.0,0.0977314884933352,1084,0,0,0,1,66,200
Waffles,0.9118810233854551,4.298192024594581,0.07801868269426386,2.7212954278522306,1.1806018180026958,5.042349269585784,5.197575796746505,0.1040596699247782,0.06328773923591856,0.6795552270404783,0.004987541511039074,0.0005558454892693246,0.049266241302918054,0.9961364970788735,0.0029955089797984794,0.5732368838873878,1085,0,0,0,10,26,201
Wakame,0.6259384308664953,5.477658295203853,0.12221763272424921,4.795790545596741,0.9117088223690433,4.397970285071017,4.688723208806373,0.1385189341355617,0.056920290252682214,1.62924053973028,0.0,0.0,0.08355302281828117,0.6397464038328301,0.0,0.831666114695507,1086,0,0,0,19,40,84
"Wakame, PROCESS Cooking in water",0.45298462407614076,4.6443908991413725,0.07510747248680541,4.290459441148391,0.4478858239921165,3.258096538021482,3.9318256327243257,0.07138999608667293,0.016857117066422903,0.9543569326806114,0.0,0.0,0.032467190137501496,0.45298462407614076,0.0,0.5481214085096875,1086,11,0,0,19,40,84
"Wakame, PROCESS Steaming",0.45298462407614076,4.6443908991413725,0.07510747248680541,4.290459441148391,0.4478858239921165,3.258096538021482,3.9318256327243257,0.07138999608667293,0.016857117066422903,0.9543569326806114,0.0,0.0,0.032467190137501496,0.45298462407614076,0.0,0.5481214085096875,1086,18,0,0,19,40,84
Walnut oil,0.33647223662121295,1.3873652161213836,0.0,0.7592469822644691,0.0,1.6094379124341003,2.1972245773362196,0.0,0.0,0.05414721807044643,0.0,0.0,0.0,1.7184716734582228,0.014888612493750654,0.019900661706336177,1087,0,0,0,2,67,166
Walnuts,1.3217558399823195,4.582924577040772,0.6261309257071586,4.9185200051884514,1.6553395550976489,5.9154316465446755,6.180016653652572,0.1219647562530572,0.32868690739856365,1.347330757768194,0.00612406670795999,7.999680017065643e-05,0.4333581687096901,1.7847852054907187,0.002995508979798479,1.3110318766193438,1088,0,0,0,12,49,195
Water buffalo milk,0.18232155679395465,5.280298861045359,0.0246926125903715,3.4657359027997265,0.674473915294324,4.86533422954598,4.61512051684126,0.09531017980432487,0.048790164169432,0.1397619423751587,0.0,0.00029995500899797546,0.0246926125903715,0.18232155679395465,0.007968169649176874,0.4700036292457356,1089,0,0,0,14,43,111
"Water snails, conches and whelks, PROCESS Cooking in water",0.5877866649021191,4.559873911072915,0.33647223662121295,4.845311313670872,1.88706964903238,5.121409699598162,5.484796933490655,0.16187586563366513,0.04059339696525347,1.5979435330083653,0.03536714383729131,0.008464078412129412,0.15700374880966475,0.5877866649021191,0.0,1.727842976812722,1090,85,5,0,6,46,81
Watercresses,0.6931471805599453,4.573384620634483,0.06406966123994556,3.065724645374026,0.7072613905369073,3.8044377947482086,5.573420656792957,0.07696104113612832,0.08289577665594287,0.9208517432017176,0.00044989878036475215,9.999500033330834e-05,0.11320112615127181,0.7371640659767197,0.042101176018635396,0.30937367082071926,1091,0,0,0,19,37,135
Watercresses and similar-,0.6931471805599453,5.068095249769483,0.0825012215117437,3.243893587843489,0.7084579417970368,4.053770552824009,5.547407099806832,0.1094948147962813,0.11141358737090362,1.2592723486808848,0.000899595242836093,0.0,0.1593209643108158,0.8424288832756996,0.042101176018635396,0.36146346067052953,1092,0,0,0,19,37,135
Watermelons,0.09531017980432487,2.097141118779237,0.019102101873486436,2.3874513136372872,0.3362681341610698,2.337676412805316,4.9608446295932405,0.026781022677642013,0.0408677077611033,0.2618146629147723,0.0002199758035487478,0.0,0.10152459648943614,0.08984070399978947,0.0,0.10603171892193781,1093,0,0,0,19,35,41
Weisswurst,0.23507212217948356,3.5221499920798176,0.05826890812397577,2.4884717159524965,1.7399397204982585,5.030437921392435,4.922064259914979,0.07351596021453602,0.1414995622736995,0.8000778913872889,0.0,0.0008995952428360929,0.11867152971749864,0.23507212217948356,0.012916225266546327,0.9001613499442715,1094,0,0,0,13,57,38
Wheat beer,0.0,1.3873652161213836,0.039220713153281295,2.3978952727983707,0.6544063522435148,2.6390573296152584,3.091042453358316,0.039220713153281295,0.0009995003330835331,0.05414721807044643,0.0,0.0,0.039220713153281295,0.0,0.0,0.019900661706336177,1096,0,0,0,1,7,5
Wheat bran,0.9555114450274363,4.48863636973214,0.6261309257071586,4.9185200051884514,2.606231553765013,6.154615419744767,6.5245058508019955,0.33647223662121295,0.37717340751605727,2.1550789558854557,0.005825853852775998,0.0,0.4722332845730047,1.0986122886681098,0.004788516731797178,1.727842976812722,1097,0,0,0,10,14,24
Wheat bran rolled flakes,0.6418538861723948,3.591424117963223,0.45120299978201805,4.8221231867516865,2.50026430544232,5.88268549649955,6.128925708068352,0.41314979086671205,0.37717340751605727,2.0714093699825717,0.011603842822154022,0.0007597113462419785,0.4722332845730047,1.6448050562713916,0.0,1.5110372477113339,1098,0,0,0,10,11,147
"Wheat bread and rolls, brown or wholemeal",0.5877866649021191,4.054679305829669,0.18463831547931123,3.8645819308280096,1.6784663388445236,5.155793279628148,5.276668035142981,0.09682418463553992,0.13438519469844262,1.0663186390271406,0.004025221249620514,0.0,0.10900387057262491,0.24216155714997162,0.0032364237926555475,0.8183838502225613,1099,61,0,0,10,10,168
"Wheat bread and rolls, white (refined flour)",0.4824261492442927,3.7898553714539385,0.15984870094189604,3.5346593274308566,1.957744606702316,4.894600728973989,4.823502180305079,0.07433413705270342,0.12026883239094469,0.8841806779559215,0.0034400761471636795,0.00015998720136516955,0.10810674132585152,0.3074846997479606,0.0,0.69647497065262,1099,273,0,0,10,10,168
"Wheat bread and rolls, white with maize",0.0,3.5553480614894135,0.16551443847757338,3.5553480614894135,0.7884573603642702,4.7535901911063645,4.976733742420574,0.048790164169432,0.08617769624105233,0.7884573603642702,0.004987541511039074,0.0,0.05354076692802982,0.09531017980432487,0.0,0.636576829071551,1099,275,0,0,10,10,168
Wheat flour white,0.33647223662121295,3.5881378843124043,0.14005175544775667,2.9618307218783095,1.3648153294427665,4.512689333193927,5.017279836814924,0.03488440185350179,0.11689375147149933,0.7313256841347828,0.004390348301292895,0.0,0.15143270376020937,0.23348984336835407,0.0,0.49713229663398817,1101,0,0,0,10,14,22
"Wheat flour, brown",0.9555114450274363,3.7874311278424324,0.40355852983758284,4.693965684771222,2.163323025660538,5.751211168227312,5.693251022603859,0.12977434374681035,0.3666252747919005,1.5384021393173488,0.0055559655706812466,0.0,0.27871340246902054,0.8064758658669484,0.0,1.3934118288887545,1100,60,0,0,10,14,22
"Wheat flour, durum",0.9555114450274363,2.9667447366807385,0.21257359996447553,4.9185200051884514,1.5775048653310915,5.308974661022025,5.483610693731149,0.050013904889148635,0.16938104551821986,0.904854154246072,0.0051723147734524435,0.0,0.15858979196529951,0.23554631803125237,0.0,0.9318265662609703,1100,100,0,0,10,14,22
Wheat germ,1.791759469228055,3.959451698999257,0.6261309257071586,4.9185200051884514,2.4435885004572695,6.154615419744767,6.5245058508019955,0.41314979086671205,0.37717340751605727,2.1550789558854557,0.004831168233491932,0.0,0.4722332845730047,1.7847852054907187,0.003992021269537453,1.727842976812722,1102,0,0,0,10,14,24
Wheat germ oil,1.791759469228055,1.3873652161213836,0.0009995003330835331,0.7592469822644691,0.0,1.6094379124341003,2.1972245773362196,0.0,0.0,0.09531017980432487,0.0,0.0,0.0,1.7847852054907187,0.023716526617316044,1.5686159179138452,1103,0,0,0,2,67,136
Wheat germs rolled flakes,0.0,3.9457340627704576,0.6261309257071586,4.9185200051884514,2.1140499863049564,6.154615419744767,6.5245058508019955,0.3818552424690306,0.2928561637255101,1.9894386816763294,0.004111536039713377,0.0,0.31658185037228814,1.7847852054907187,0.016857117066422903,1.727842976812722,1104,0,0,0,10,11,147
Wheat groats,0.9555114450274363,3.5594213868770495,0.35286770559577835,4.79697048673659,1.7708033197380337,5.948034989180646,6.034455616055933,0.12726177961092724,0.3100025357403017,1.5107219394949427,0.006975613736425242,0.0,0.2757902151982685,0.8544153281560677,0.0,1.3697293442451954,1105,0,0,0,10,14,24
Wheat rolled grains,0.6931471805599453,3.5263605246161616,0.31481073984003355,4.584967478670572,2.1020588315452446,5.8377304471659395,5.942799375126701,0.08892620919440151,0.37500590062345585,1.4293538505803376,0.0,0.0,0.23822918873225063,0.6931471805599453,0.0,1.269760544863939,1106,0,0,0,10,11,13
Wheat semolina,0.18232155679395465,2.816263785742443,0.15210777819745802,3.367295829986474,1.4794268467933223,4.655319969673563,4.932416319236012,0.0523213371989794,0.12095261041766252,0.7419373447293773,0.0029100474160847207,0.0,0.09205814441794756,0.37156355643248307,0.0,1.0347084866886294,1107,0,0,0,10,14,24
"Wheat semolina porridge, INGRED Cow milk, whole",0.09531017980432487,4.4753868626091275,0.01893390272529891,2.3768971259585974,0.4114471797857118,4.261068922202387,4.719008945266878,0.11473076316080519,0.02622453963601368,0.1241626426204225,0.0015701951695172895,0.0002513969685624375,0.03453944341757218,0.09038899972768072,0.0009995003330835331,0.30968815271439554,1108,5,33,0,10,11,144
"Wheat semolina porridge, INGRED Tap water",0.09531017980432487,2.1550789558854557,0.025528500072867173,2.005333569526114,0.16636153721522523,2.8791984572980396,3.2937182211440437,0.007826436249464021,0.007117467768863981,0.10436001532424277,0.0009995003330835331,0.0,0.021901263953100925,0.11243542932978817,0.014888612493750654,0.19062035960864976,1108,6,0,0,10,11,144
"Wheat semolina, PROCESS Cooking in water",0.08342160813907239,1.3873652161213836,0.01587334915629015,1.3862943611198906,0.2546422183735807,2.302585092994046,3.7478219897473863,0.0295588022415444,0.010775073167958452,0.10345870836823,0.0,0.0,0.004987541511039074,0.0834216081390724,0.0,0.29416103854949005,1107,11,0,0,10,14,24
"Wheat semolina, PROCESS Steaming",0.08342160813907239,1.3873652161213836,0.01587334915629015,1.3862943611198906,0.2546422183735807,2.302585092994046,4.578826210648489,0.0295588022415444,0.010775073167958452,0.10345870836823,0.0,0.0,0.004987541511039074,0.0834216081390724,0.0,0.29416103854949005,1107,18,0,0,10,14,24
Wheat starch,0.0,1.3873652161213836,0.048790164169432,1.6094379124341003,0.07417939817425151,3.044522437723423,2.833213344056216,0.0,0.0,0.05414721807044643,0.0,0.0,0.0,0.0,0.0,0.09531017980432487,1109,0,0,0,10,14,24
Wheat wholemeal flour,0.6931471805599453,3.442247921492513,0.422181746140852,4.8063602270864285,2.168237040462967,5.807713397504433,5.884912846080002,0.12914679430669854,0.3466246080852309,1.5924370707540756,0.004461461435207561,0.0,0.29904583110209604,0.739076112448345,0.0025966258472659783,1.4519483313413275,1110,0,0,0,10,14,22
"Wheat, popped",0.19062035960864973,4.468204330914934,0.3958956570920137,4.463606621666305,2.606231553765013,5.459463926205532,5.631211781821365,0.41314979086671205,0.37717340751605727,2.085494613392913,0.0022460471751046883,0.0008496389545779204,0.4722332845730047,1.06333047452347,0.001998002662673056,1.0214226499769796,1095,208,0,0,10,11,147
Whey powder,0.0,6.025658913052238,0.20585205420414876,4.9185200051884514,1.7587934404055083,6.154615419744767,6.5245058508019955,0.41314979086671205,0.37717340751605727,0.6403489949929744,0.010939940038334362,0.0023928491373836785,0.4613952547091354,0.05826890812397577,0.0,0.7445868927993076,1112,0,0,0,14,42,113
"Whey, sour",0.0,4.6443908991413725,0.00740111548031049,2.3952944910983134,0.33647223662121295,3.9863350383926974,4.97476135519337,0.12726177961092724,0.037708581447185065,0.1069307108273436,0.00019998000266626675,0.00019998000266626675,0.048790164169432,0.0,0.0,0.2128045735190305,1111,248,0,0,14,43,17
"Whey, sweet",0.3293037471426004,4.8260254067842885,0.001998002662673056,2.553899521274952,0.4352088215928392,4.95381295822956,4.931592086755803,0.13656844278201946,0.05381154949128741,0.08434114843375087,0.0020692861213766557,0.0002685353697214129,0.07258640699708162,0.0009995003330835331,0.002496880198587199,0.10564618913498693,1111,257,0,0,14,43,17
Whisky,0.0,1.3873652161213836,0.03198304585305077,0.7592469822644691,0.04401688541677433,1.791759469228055,2.1972245773362196,0.002995508979798479,0.009950330853168083,0.05414721807044643,0.0,0.0,0.0,0.0,0.0,0.029558802241544405,1113,0,0,0,1,66,200
White chocolate,0.3611648492115845,5.520889325963289,0.02012937129516576,3.2308043957334744,1.3506671834767394,5.386459056873749,5.820506748964343,0.3656346853102042,0.06418131448972941,0.19297885126794265,0.005004125121457278,0.0005423529000737356,0.06779215091043256,0.677322630212974,0.0053002147274407016,0.6166517452982911,1114,0,0,0,18,19,26
White ginger,0.2468600779315258,4.762173934797756,0.3920420877760237,4.9185200051884514,1.8180767775454285,5.003946305945459,6.5245058508019955,0.1697427745870945,0.044973365642731154,2.1550789558854557,0.03536714383729131,0.0,0.4722332845730047,0.2468600779315258,0.0,1.727842976812722,1115,0,0,0,19,6,3
Whitefishes or coregonus,1.308332819650179,3.8531825054052127,0.09660803851992482,3.396424102909498,2.0101488803624443,5.5936486802457175,5.958055484976852,0.08355302281828117,0.07563741420562005,0.5833323145527387,0.02176149178151269,0.002568128105710068,0.33647223662121295,1.3018252044934406,0.0,0.8224195162640845,1116,0,0,0,6,27,48
"Whitefishes or coregonus, PROCESS Baking",1.400197266288882,3.1354942159291497,0.15700374880966478,3.4657359027997265,2.1132389212631266,5.60947179518496,6.003887067106539,0.11422114409002286,0.08434114843375087,0.7381205462026765,0.0,0.0034938892542557796,0.31699812678583394,1.400197266288882,0.0,1.0427471558267143,1116,9,0,0,6,27,48
"Whitefishes or coregonus, PROCESS Cooking in water",1.397481550510455,3.1354942159291497,0.15614868248993136,3.4657359027997265,2.113722188156669,5.605802066295998,5.998936561946683,0.11422114409002286,0.08434114843375087,0.7362066700203923,0.0,0.0034938892542557796,0.31554040058017735,1.397481550510455,0.0,1.0402767116551463,1116,11,0,0,6,27,48
"Whitefishes or coregonus, PROCESS Frying",1.400197266288882,3.1354942159291497,0.15700374880966478,3.4657359027997265,2.1132389212631266,5.60947179518496,6.003887067106539,0.11422114409002286,0.08434114843375087,0.7381205462026765,0.0,0.0034938892542557796,0.31699812678583394,1.400197266288882,0.0,1.0427471558267143,1116,14,0,0,6,27,48
"Whitefishes or coregonus, PROCESS Steaming",1.397481550510455,3.1354942159291497,0.15614868248993136,3.4657359027997265,2.113722188156669,5.605802066295998,5.998936561946683,0.11422114409002286,0.08434114843375087,0.7362066700203923,0.0,0.0034938892542557796,0.31554040058017735,1.397481550510455,0.0,1.0402767116551463,1116,18,0,0,6,27,48
"Wiener sausage, PROCESS Baking",0.24764102291459722,2.70805020110221,0.08617769624105233,3.2188758248682006,1.8282521055870808,5.170483995038151,5.241747015059643,0.11689375147149933,0.07788653865707124,1.2812115846667382,0.0,0.00129915573162005,0.21107097007994055,0.24764102291459722,0.008959741371471902,1.1333357247264952,1117,9,0,0,13,57,169
"Wiener sausage, PROCESS Cooking in water",0.09531017980432487,2.866274206317104,0.07298489275648892,3.002849741322855,1.7819255601690354,5.188183572137553,5.002026919559656,0.12499506160223625,0.1968582424848473,1.029772466692974,0.007117467768863981,0.0009966460404414695,0.1566373813389978,0.2220229236455067,0.008959741371471902,0.9942037007356654,1117,11,0,0,13,57,169
"Wiener sausage, PROCESS Steaming",0.09531017980432487,2.7362210780689065,0.07828291839404411,3.1660776393012298,1.712046072405113,5.254514743889644,5.1688592993111495,0.14545996348979642,0.10100820091896259,1.112984699456318,0.007174203748000358,0.0012135490656620508,0.18113037142380148,0.21897487444199015,0.008959741371471902,1.0308431579008748,1117,18,0,0,13,57,169
"Wiener sausage, QUAL Low fat (naturally or reduced), PROCESS Baking",0.3343270802748248,3.091042453358316,0.10526051065749295,3.091042453358316,2.203096194493303,5.017279836814924,5.579729825986222,0.07788653865707124,0.07510747248680541,0.6642331703953029,0.0,0.0003999200213269354,0.305276380852732,0.3343270802748248,0.0,0.9186878564738765,1117,23,4,0,13,57,169
"Wiener sausage, QUAL Low fat (naturally or reduced), PROCESS Cooking in water",0.3343270802748248,3.1039458581942236,0.09205814441794756,2.9368917735310576,2.203096194493303,5.017279836814924,5.407171771460119,0.07762219818500594,0.1811303714238015,0.6870572459225408,0.006975613736425242,0.0004113439579013638,0.2476410229145972,0.3343270802748248,0.0,0.9065289546722014,1117,23,5,0,13,57,169
"Wiener sausage, QUAL Low fat (naturally or reduced), PROCESS Steaming",0.3343270802748248,3.091042453358316,0.10526051065749295,3.091042453358316,2.203096194493303,5.017279836814924,5.579729825986222,0.07788653865707124,0.07510747248680541,0.6642331703953029,0.0,0.0003999200213269354,0.305276380852732,0.3343270802748248,0.0,0.9186878564738765,1117,23,8,0,13,57,169
Wild boar fresh meat,0.19062035960864973,2.3978952727983707,0.10436001532424277,3.1354942159291497,2.285744075798019,5.123963979403259,5.886104031450156,0.18232155679395465,0.09531017980432487,1.0438040521731147,0.0,0.004987541511039074,0.33647223662121295,0.19062035960864976,0.0,1.1786549963416462,1118,0,0,0,13,3,80
"Wild boar fresh meat, PROCESS Baking",0.0,2.6959776198679406,0.12044615307586713,3.3250360206965914,2.5075157926488587,5.187385805840755,5.991964422149633,0.15905292985460032,0.16279889030509068,0.9639373853415082,0.009950330853168083,0.0027960873020012734,0.32063317259146684,0.20016147492228564,0.0,1.3479692467982225,1118,9,0,0,13,3,80
"Wild boar fresh meat, PROCESS Cooking in water",0.0,2.302585092994046,0.10975086395911922,2.833213344056216,2.053097566340234,5.0106352940962555,5.3981627015177525,0.11600367575630613,0.04401688541677433,1.1151415906193203,0.0,0.003294566949430031,0.16381808522939498,0.17142911562753096,0.0,1.2547609711580412,1118,11,0,0,13,3,80
"Wild boar fresh meat, PROCESS Steaming",0.0,2.302585092994046,0.10975086395911922,2.833213344056216,2.053097566340234,5.0106352940962555,5.3981627015177525,0.11600367575630613,0.04401688541677433,1.1151415906193203,0.0,0.003294566949430031,0.16381808522939498,0.17142911562753096,0.0,1.2547609711580412,1118,18,0,0,13,3,80
Wild goose fresh meat,0.0,2.5649493574615367,0.2851789422336624,3.1780538303479458,2.3733231074993872,5.220355825078324,6.042632833682381,0.23111172096338664,0.11332868530700317,1.0647107369924282,0.0,0.00029995500899797546,0.4574248470388754,0.0,0.0,0.832909122935104,1119,0,0,0,13,3,79
"Wild goose fresh meat, PROCESS Baking",0.0,2.9444389791664403,0.35837350057431383,3.4339872044851463,2.606231553765013,5.484796933490655,6.366470447731438,0.3074846997479606,0.11332868530700317,1.3281354469463584,0.0,0.00029995500899797546,0.45679173527350503,0.0,0.0,1.097945399680406,1119,9,0,0,13,3,79
"Wild goose fresh meat, PROCESS Cooking in water",0.0,2.4849066497880004,0.30674913516900665,2.8903717578961645,2.1215427176984716,5.1298987149230735,5.579729825986222,0.1518623493092461,0.05354076692802982,1.1549926221042173,0.0,0.00019998000266626675,0.23507212217948356,0.0,0.0,0.9110771648212677,1119,11,0,0,13,3,79
"Wild goose fresh meat, PROCESS Steaming",0.0,2.4849066497880004,0.30674913516900665,2.8903717578961645,2.1215427176984716,5.1298987149230735,5.579729825986222,0.1518623493092461,0.05354076692802982,1.1549926221042173,0.0,0.00019998000266626675,0.23507212217948356,0.0,0.0,0.9110771648212677,1119,18,0,0,13,3,79
Wine grapes,0.4700036292457356,2.6016309240961415,0.0880108773227133,2.2192034840549946,0.41974363540571535,3.021817644029666,5.314612449034539,0.027893060601525653,0.0426488961473495,0.2722057873122824,0.00017141387923010483,0.0,0.05813412815207553,0.46624658036802336,0.013621095951965064,0.06792563552652878,1121,0,0,0,8,33,7
"Wine, red",0.0,2.1234584270966104,0.028170876966696325,2.3589654264301534,0.10821358464023276,2.586689344097943,4.5417738694292975,0.022934971282495883,0.005982071677547464,0.6305116095684603,9.499548778577131e-05,0.0,0.030944803849421557,0.0,0.0,0.10216971618150866,1120,219,0,0,1,71,208
"Wine, rosé",0.0,2.533696813957432,0.022739486969489426,2.1162555148025524,0.08470872792695418,2.066862759472976,4.356708826689592,0.011137744410455924,0.006975613736425242,0.6508657883033392,0.00014998875112487347,9.99995000033333e-06,0.02097840638519171,0.0,0.0,0.04353830201448342,1120,230,0,0,1,71,208
"Wine, white",0.0,2.7421295147550726,0.020922448241868306,2.0693912058263346,0.09945741229077115,3.1039458581942236,4.3400879454535515,0.020129371295165763,0.006478966097709124,0.4999091120246402,9.999500033330834e-05,0.0,0.019802627296179712,0.0,0.0,0.0916671885258238,1120,272,0,0,1,71,208
Winter savory,0.0,5.857933154483459,0.1518623493092461,4.143134726391533,0.6429059641231986,3.1780538303479458,5.153291594497779,0.0,0.05826890812397577,1.975052775942304,0.0,0.0,0.0,0.0,0.0,0.5335651107354801,1122,0,0,0,19,6,3
Witloofs,0.09531017980432487,3.2021655541621805,0.07709330752081955,2.427580154596282,0.4529846240761407,3.3265764574582017,5.25972502735505,0.03219056496284678,0.06605522749960868,0.3874950862786187,0.00019998000266626675,0.0,0.04018178963283184,0.09531017980432487,0.0,0.15565974469752375,1123,0,0,0,19,37,135
"Witloofs, PROCESS Baking",0.10436001532424277,3.6019979388217815,0.10448870717179184,2.684927783681356,0.4910309964378111,3.5409593240373143,5.4084521813661635,0.04018178963283183,0.04906223599807262,0.6159575418688154,0.0021975835434872217,0.0,0.046883585898850416,0.10436001532424277,0.0,0.16442425606689284,1123,9,0,0,19,37,135
"Witloofs, PROCESS Cooking in water",0.10526051065749295,3.279836524657888,0.08289577665594287,2.2587824703356527,0.4233050262364954,3.316780039849572,4.7815215757955425,0.024692612590371497,0.04538300584781769,0.42293073971579764,0.0,0.0,0.029697488879309168,0.1368010414921453,0.0,0.16430305129127631,1123,11,0,0,19,37,135
"Witloofs, PROCESS Steaming",0.10255658832509207,3.4648426468225115,0.08539101729658768,2.5245851336061764,0.45679173527350503,3.4612616224048054,5.234921049989243,0.033434776086237385,0.04783732941416012,0.4872645136423343,0.0021975835434872217,0.0,0.033628180979984046,0.1564337858418269,0.0,0.1835113249295434,1123,18,0,0,19,37,135
Wolffish,1.2237754316221157,3.311585222972468,0.012916225266546327,3.3011139231051727,1.8362319355183128,5.195334973295178,5.645446897643238,0.05218575317057021,0.17515306731534208,0.6931471805599453,0.03536714383729131,0.0021975835434872217,0.3001045924503381,1.1505720275988207,0.0,0.4637340162321401,1124,0,0,0,6,27,105
"Wolffish, PROCESS Baking",1.215506040139609,3.2188758248682006,0.014888612493750654,3.4011973816621555,1.8051691561379728,5.278114659230517,5.673323267171493,0.06297479916138844,0.17730901497041035,0.7070500857289368,0.0,0.0023971245997214934,0.2919230667090355,1.215506040139609,0.0,0.5388298201755879,1124,9,0,0,6,27,105
"Wolffish, PROCESS Cooking in water",1.213427963096691,3.2188758248682006,0.014888612493750654,3.4011973816621555,1.8064838646264372,5.272999558563747,5.66988092298052,0.06297479916138844,0.17647114311577905,0.7060634058264916,0.0,0.0023971245997214934,0.2911759617060367,1.213427963096691,0.0,0.5376622777195503,1124,11,0,0,6,27,105
"Wolffish, PROCESS Frying",1.215506040139609,3.2188758248682006,0.014888612493750654,3.4011973816621555,1.8051691561379728,5.278114659230517,5.673323267171493,0.06297479916138844,0.17730901497041035,0.7070500857289368,0.0,0.0023971245997214934,0.2919230667090355,1.215506040139609,0.0,0.5388298201755879,1124,14,0,0,6,27,105
"Wolffish, PROCESS Steaming",1.2181715237257489,3.258096538021482,0.014888612493750654,3.4011973816621555,1.6388025210640043,5.262690188904886,5.58724865840025,0.05164323315183845,0.17311261770864478,0.6971392018294827,0.0,0.0021975835434872217,0.26926348692776286,1.2181715237257489,0.0,0.5556077665378839,1124,18,0,0,6,27,105
Wolffishes,1.2237754316221157,3.7308436532129683,0.012069724087330452,3.247046701834897,1.821087084322575,5.373292309712536,5.5265905956822445,0.06109509935981088,0.14422402216326582,0.7282385003712154,0.03536714383729131,0.002360069985491417,0.2750309548982221,0.883767540168595,0.0,0.4196497431001208,1125,0,0,0,6,27,105
"Wolffishes, PROCESS Baking",1.215506040139609,3.2188758248682006,0.014888612493750654,3.4011973816621555,1.8051691561379728,5.278114659230517,5.673323267171493,0.06297479916138844,0.17730901497041035,0.7070500857289368,0.0,0.0023971245997214934,0.2919230667090355,1.215506040139609,0.0,0.5388298201755879,1125,9,0,0,6,27,105
"Wolffishes, PROCESS Cooking in water",1.213427963096691,3.2188758248682006,0.014888612493750654,3.4011973816621555,1.8064838646264372,5.272999558563747,5.66988092298052,0.06297479916138844,0.17647114311577905,0.7060634058264916,0.0,0.0023971245997214934,0.2911759617060367,1.213427963096691,0.0,0.5376622777195503,1125,11,0,0,6,27,105
"Wolffishes, PROCESS Frying",1.215506040139609,3.2188758248682006,0.014888612493750654,3.4011973816621555,1.8051691561379728,5.278114659230517,5.673323267171493,0.06297479916138844,0.17730901497041035,0.7070500857289368,0.0,0.0023971245997214934,0.2919230667090355,1.215506040139609,0.0,0.5388298201755879,1125,14,0,0,6,27,105
"Wolffishes, PROCESS Steaming",1.2181715237257489,3.258096538021482,0.014888612493750654,3.4011973816621555,1.6388025210640043,5.262690188904886,5.58724865840025,0.05164323315183845,0.17311261770864478,0.6971392018294827,0.0,0.0021975835434872217,0.26926348692776286,1.2181715237257489,0.0,0.5556077665378839,1125,18,0,0,6,27,105
Yams,0.3001045924503381,3.1416861861770706,0.11077440550190641,3.0099169085459474,0.7016112589720747,3.6924445202784324,5.9668790716353675,0.02399550555621568,0.10436001532424277,0.611317162312313,0.0009995003330835331,0.0,0.1484200051182733,0.3001045924503381,0.0,0.15210777819745802,1126,0,0,0,17,62,196
"Yams, PROCESS Baking",0.0,3.2015843277581397,0.1069307108273436,3.044522437723423,0.6652619770704097,3.7376696182833684,5.986810878426635,0.02259983191724094,0.09855167372849585,0.6327903800190479,0.0,0.0,0.13040149961559497,0.0,0.0,0.17395330712343804,1126,9,0,0,17,62,196
"Yams, PROCESS Cooking in water",0.0,3.0713696877596113,0.10821358464023274,2.8903717578961645,0.6221880916194515,3.6109179126442243,5.725916648823468,0.021901263953100925,0.08748745412311582,0.546054865100133,0.0,0.0,0.11587645738580186,0.0,0.0,0.17154945981204353,1126,11,0,0,17,62,196
"Yams, PROCESS Steaming",0.0,3.077970371790963,0.10564618913498691,2.913902255306359,0.6221880916194515,3.633819676930909,5.775881627762223,0.021901263953100925,0.08748745412311582,0.5705759138860096,0.0,0.0,0.11587645738580186,0.0,0.0,0.15944277440902355,1126,18,0,0,17,62,196
Yeast extract,0.0,3.994261103665118,0.16393934879590502,4.666130885777779,2.606231553765013,5.470167623474696,6.5245058508019955,0.33002291294130587,0.37717340751605727,1.052867482684638,0.017839918128331,0.0006664445431605202,0.4722332845730047,1.7847852054907187,0.002995508979798479,0.9639918678934842,1127,0,0,0,16,58,58
Yeast leavened sweet doughs,0.22394323148477407,3.367295829986474,0.07417939817425151,2.70805020110221,1.2299329059954676,4.330733340286331,5.0689042022202315,0.10795714150509228,0.11511280710050457,0.4252677354043441,0.0,0.0,0.05638033343610764,0.22394323148477407,0.0,0.4472466421231193,1128,0,0,0,10,51,157
"Yeast leavened sweet doughs, PROCESS Baking",0.22394323148477407,3.9517930182381944,0.13240575933701246,2.9740707767728116,1.2942965465147165,4.492161449492008,5.098994968074058,0.1112857836772029,0.1179100117215658,0.7233992237304663,0.002995508979798479,0.0004249097130803881,0.06578774053800308,1.222068092595028,0.0,0.5366604409351391,1128,9,0,0,10,51,157
"Yoghurt drinks, including sweetened and/or flavoured variants",0.09531017980432487,4.6585529625532045,0.010412270347309792,2.4553061800117097,0.6090406712629457,4.395682961121367,4.934234096218642,0.1462625069782521,0.03761686357130678,0.0783489664109764,0.0014323070916250353,0.0002749621944308622,0.04274015367615895,0.04344255784283674,0.0009995003330835331,0.3106659088421562,1130,146,0,0,14,25,211
"Yoghurt drinks, including sweetened and/or flavoured variants, FORT Mixed supplements/formulations",0.0,4.912654885736052,0.0,2.9444389791664403,0.6931471805599453,4.564348191467836,4.927253685157205,0.16551443847757338,0.019802627296179712,0.18232155679395465,0.0,0.0,0.032467190137501496,0.0,0.0,0.4700036292457356,1130,146,2,0,14,25,211
"Yoghurt drinks, including sweetened and/or flavoured variants, FORT Mixed supplements/formulations, QUAL Semi-skimmed",0.09531017980432487,4.736198448394496,0.009950330853168083,2.5649493574615367,0.09531017980432487,4.442651256490317,4.983606621708336,0.16551443847757338,0.0295588022415444,0.05414721807044643,0.0009995003330835331,0.00029995500899797546,0.03149866705937099,0.09531017980432487,0.0,0.3074846997479606,1130,146,2,9,14,25,211
"Yoghurt drinks, including sweetened and/or flavoured variants, FORT Mixed supplements/formulations, QUAL Skim",0.8109302162163288,4.6913478822291435,0.014888612493750654,2.4849066497880004,1.3350010667323402,4.330733340286331,4.859812404361672,0.28141245943818555,0.1612681475961223,0.05414721807044643,0.0009995003330835331,0.0005048725304129555,0.4350239103497088,0.8109302162163288,0.0,0.23901690047049987,1130,146,2,10,14,25,211
"Yoghurt drinks, including sweetened and/or flavoured variants, QUAL Low / Reduced sugar",0.07788653865707124,4.787491742782046,0.008959741371471902,2.5649493574615367,0.5533102353721461,4.5217885770490405,5.0238805208462765,0.16381808522939498,0.03633192924739028,0.05414721807044643,0.0,0.0003999200213269354,0.04305948946044697,0.07788653865707124,0.0,0.35837350057431383,1130,146,10,0,14,25,211
"Yoghurt drinks, including sweetened and/or flavoured variants, QUAL Semi-skimmed",0.03575316970581786,4.727387818712341,0.009851316050374183,2.4612967841488667,0.5912251908345613,4.440000688011702,4.953359226276525,0.1517764349657936,0.0325132868946028,0.06466351332572215,0.0009457065247379,0.0003149503979161642,0.04267627428043632,0.3720232208855318,0.0016486402455244409,0.2899794315004644,1130,146,13,0,14,25,211
"Yoghurt drinks, including sweetened and/or flavoured variants, QUAL Skim",0.0009995003330835331,4.864599745487989,0.013151237370751294,2.6009244599198147,0.5170064828410718,4.562858987916369,5.090238344695223,0.14714661670656132,0.0325132868946028,0.0802236867709447,0.0,0.0003637433611712954,0.04022753214822073,0.0009995003330835331,0.0,0.3255282149418956,1130,146,14,0,14,25,211
"Yoghurt drinks, including sweetened and/or flavoured variants, QUAL Sugar free",0.07788653865707124,4.787491742782046,0.008959741371471902,2.5649493574615367,0.5533102353721461,4.5217885770490405,5.0238805208462765,0.16381808522939498,0.03633192924739028,0.05414721807044643,0.0,0.0003999200213269354,0.04305948946044697,0.07788653865707124,0.0,0.35837350057431383,1130,146,15,0,14,25,211
"Yoghurt, cow milk, flavoured",0.05354076692802982,4.751247547781133,0.01907407064669796,2.5427262206768266,0.6253270904837077,4.5414694090829055,5.077581628409421,0.1628474469585757,0.04620178318613623,0.1001038665120041,0.0014988761237358919,0.00020712140602347078,0.039220713153281295,0.10562048186368382,0.0,0.3270401388090417,1129,89,22,0,14,25,211
"Yoghurt, cow milk, flavoured, FORT Mixed supplements/formulations, QUAL Skim",0.0,4.77912349311153,0.009950330853168083,2.3978952727983707,0.09531017980432487,4.343805421853684,4.859812404361672,0.22314355131420976,0.0295588022415444,0.05414721807044643,0.0009995003330835331,0.000499875041651048,0.4722332845730047,0.0,0.0,0.37156355643248307,1129,89,22,2,14,25,211
"Yoghurt, cow milk, flavoured, QUAL Low / Reduced sugar",0.08157998699242289,4.8283137373023015,0.009950330853168083,2.5649493574615367,0.635518067723309,4.51085950651685,5.062595033026967,0.16211884947643518,0.03536714383729131,0.05414721807044643,0.0,0.0003999200213269354,0.04401688541677433,0.08157998699242289,0.0,0.36533731701738503,1129,89,22,8,14,25,211
"Yoghurt, cow milk, flavoured, QUAL Semi-skimmed",0.06485097231961633,4.7635567796107905,0.028004196409597365,2.537845415042345,0.6327903800190479,4.551467977457639,5.057003783100053,0.15586349783093306,0.03835037114556881,0.05414721807044643,0.002167173791077281,0.0002623465365187791,0.04219248354243879,0.05638033343610764,0.001998002662673056,0.33908786051168105,1129,89,22,9,14,25,211
"Yoghurt, cow milk, flavoured, QUAL Skim",0.04974209189481408,4.92113277851835,0.0161029815813975,2.641310428578168,0.44781856092624067,4.622234288824981,5.161773923453523,0.17351092711179972,0.04144495833273617,0.08661217451190505,0.0011326915959336034,0.00033257626932852255,0.05099324937854851,0.047646653467353035,0.0,0.34824477284648014,1129,89,22,10,14,25,211
"Yoghurt, cow milk, flavoured, QUAL Sugar free",0.08157998699242289,4.813345121608379,0.009950330853168083,2.6079667425452273,0.5810976767513224,4.506138805381912,5.056245805348308,0.1601733235709438,0.03453944341757218,0.05799933001208575,0.0009995003330835331,0.00035707909681323224,0.047428693571110896,0.07510747248680541,0.0,0.3711693900891849,1129,89,22,11,14,25,211
"Yoghurt, cow milk, plain",0.08157998699242289,4.97476135519337,0.00955421280481166,2.6936614636501104,0.7762401764256784,4.729913072579535,5.267858159063328,0.17635138980745083,0.0388085403096361,0.07788653865707124,0.0018311795097991107,0.0002413994322409477,0.051371862729548946,0.07640533120240538,0.0,0.41116312922280207,1129,89,27,0,14,25,211
"Yoghurt, cow milk, plain, FORT Mixed supplements/formulations, QUAL Semi-skimmed",1.252762968495368,4.836281906951478,0.009950330853168083,2.70805020110221,1.7047480922384253,4.7535901911063645,5.123963979403259,0.3074846997479606,0.1988508587451652,0.09531017980432487,0.0009995003330835331,0.000879613027007515,0.41871033485818504,1.252762968495368,0.0,0.3646431135879093,1129,89,27,2,14,25,211
"Yoghurt, cow milk, plain, FORT Mixed supplements/formulations, QUAL Skim",0.001998002662673056,4.990432586778736,0.011928570865273802,2.70805020110221,0.5247285289349822,4.68213122712422,5.231108616854587,0.16211884947643518,0.1988508587451652,0.06015392281974709,0.0,0.0003999200213269354,0.044973365642731154,0.001998002662673056,0.0,0.36533731701738503,1129,89,27,2,14,25,211
"Yoghurt, cow milk, plain, QUAL Low / Reduced sugar",0.08157998699242289,4.8283137373023015,0.009950330853168083,2.5649493574615367,0.5810976767513224,4.51085950651685,5.062595033026967,0.16211884947643518,0.03536714383729131,0.05414721807044643,0.0,0.0003999200213269354,0.04401688541677433,0.08157998699242289,0.0,0.36533731701738503,1129,89,27,8,14,25,211
"Yoghurt, cow milk, plain, QUAL Semi-skimmed",0.04337872330194499,4.832874748629863,0.011137744410455922,2.5707930556104475,0.620371653640002,4.538216051190989,5.0604830998238235,0.1619163670410946,0.039815774164592296,0.06261703340469907,0.0014132865541991771,0.00035803113729780185,0.04419914267339585,0.04077276253915027,0.001998002662673056,0.34860916952636556,1129,89,27,9,14,25,211
"Yoghurt, cow milk, plain, QUAL Skim",0.001998002662673056,4.967984142307264,0.013464500953289308,2.711552831653412,0.7015851646410667,4.692988255058014,5.228572332558531,0.18082921573658445,0.043013876305605214,0.0804016176166309,0.0018649266095123972,0.00033520696976040615,0.06030258854513798,0.016767723601025682,0.0,0.38815831100345805,1129,89,27,10,14,25,211
"Yoghurt, cow milk, plain, QUAL Sugar free",0.08157998699242289,4.829455941881078,0.009950330853168083,2.5649493574615367,0.5810976767513224,4.53413441287134,5.074280559256612,0.16381808522939498,0.03591856375752218,0.05799933001208575,0.001998002662673056,0.0003713596089126388,0.051507557145931936,0.08065790301745447,0.0,0.36225932223263296,1129,89,27,11,14,25,211
"Yoghurt, goat milk, plain",0.0,4.8283137373023015,0.0,0.7592469822644691,0.23111172096338664,4.663439094112067,5.529429087511423,0.12221763272424921,0.0295588022415444,0.09531017980432487,0.0,0.0,0.0,0.0,0.0,0.019900661706336177,1129,125,27,0,14,25,211
"Yoghurt, goat milk, plain, QUAL Semi-skimmed",0.009950330853168083,4.727387818712341,0.009950330853168083,2.6390573296152584,0.23901690047049992,4.6443908991413725,5.075173815233827,0.1484200051182733,0.039220713153281295,0.18232155679395465,0.0,0.0,0.05826890812397577,0.009950330853168083,0.0,0.33647223662121295,1129,125,27,9,14,25,211
"Yoghurt, sheep milk, flavoured",0.07417939817425151,4.727387818712341,0.009950330853168083,2.4849066497880004,0.5376622777195503,4.406719247264253,4.962844630259907,0.14669437915080352,0.032467190137501496,0.07417939817425151,0.0,0.0003999200213269354,0.039220713153281295,0.07417939817425151,0.0,0.3350426438116186,1129,240,22,0,14,25,211
"Yoghurt, sheep milk, flavoured, QUAL Low / Reduced sugar",0.08157998699242289,4.8283137373023015,0.009950330853168083,2.5649493574615367,0.5810976767513224,4.51085950651685,5.062595033026967,0.16211884947643518,0.03536714383729131,0.05414721807044643,0.0,0.0003999200213269354,0.04401688541677433,0.08157998699242289,0.0,0.36533731701738503,1129,240,22,8,14,25,211
"Yoghurt, sheep milk, flavoured, QUAL Semi-skimmed",0.03697460279136142,4.74493212836325,0.008959741371471902,2.456735772821304,0.5359084041334538,4.430816798843313,4.979029954680925,0.14956877032214666,0.032467190137501496,0.057639779446414546,0.0,0.00039992002132693545,0.040821994520255124,0.03697460279136142,0.001998002662673056,0.29391262220241704,1129,240,22,9,14,25,211
"Yoghurt, sheep milk, flavoured, QUAL Skim",0.001998002662673056,4.958171724560515,0.011928570865273802,2.6855773452501515,0.5130232073094779,4.647590901872044,5.198497031265826,0.15700374880966475,0.035045341742800655,0.06734707345961012,0.0,0.00039992002132693545,0.04337872330194499,0.001998002662673056,0.0,0.3553407209255957,1129,240,22,10,14,25,211
"Yoghurt, sheep milk, flavoured, QUAL Sugar free",0.08157998699242289,4.8283137373023015,0.009950330853168083,2.5649493574615367,0.5810976767513224,4.51085950651685,5.062595033026967,0.16211884947643518,0.03536714383729131,0.05414721807044643,0.0,0.0003999200213269354,0.04401688541677433,0.08157998699242289,0.0,0.36533731701738503,1129,240,22,11,14,25,211
"Yoghurt, sheep milk, plain",0.08342160813907239,4.864232301059824,0.009950330853168083,2.649209701079277,0.7520897161933954,4.670155036077504,5.120556821081644,0.20119004109833744,0.03990729059185485,0.05414721807044643,0.0009995003330835331,0.0003427983807778875,0.054217585904797104,0.2957990405537284,0.0,0.3813675565291039,1129,240,27,0,14,25,211
"Yoghurt, sheep milk, plain, QUAL Low / Reduced sugar",0.08157998699242289,4.8283137373023015,0.009950330853168083,2.5649493574615367,0.5810976767513224,4.51085950651685,5.062595033026967,0.16211884947643518,0.03536714383729131,0.05414721807044643,0.0,0.0003999200213269354,0.04401688541677433,0.08157998699242289,0.0,0.36533731701738503,1129,240,27,8,14,25,211
"Yoghurt, sheep milk, plain, QUAL Semi-skimmed",0.038579481967475085,4.767855768265187,0.008959741371471902,2.4849066497880004,0.5603774025952385,4.4697322150929875,5.0106352940962555,0.15529288440603534,0.03375709679813346,0.05414721807044643,0.0,0.00039992002132693545,0.04242071588395215,0.038579481967475085,0.001998002662673056,0.30404742653804523,1129,240,27,9,14,25,211
"Yoghurt, sheep milk, plain, QUAL Skim",0.001998002662673056,4.983606621708336,0.011928570865273802,2.70805020110221,0.5700374833978368,4.688285092698598,5.232889561225582,0.16325199407360386,0.03665331764803547,0.05795439326055596,0.0,0.00039992002132693545,0.04529198919170681,0.001998002662673056,0.0,0.3674170404706345,1129,240,27,10,14,25,211
"Yoghurt, sheep milk, plain, QUAL Sugar free",0.08157998699242289,4.8283137373023015,0.009950330853168083,2.5649493574615367,0.5810976767513224,4.51085950651685,5.062595033026967,0.16211884947643518,0.03536714383729131,0.05414721807044643,0.0,0.0003999200213269354,0.04401688541677433,0.08157998699242289,0.0,0.36533731701738503,1129,240,27,11,14,25,211
Éclair,0.6381628722271858,4.135852036033449,0.06565397022143682,2.4849066497880004,0.8831179785997993,4.556879896860311,4.792242345540644,0.14372921760096863,0.057594826534582116,0.6019712998940754,0.0034796532642492046,0.0004970193225738431,0.034815419685364904,0.7648164672503049,0.001998002662673056,0.42386619347905563,1131,0,0,0,10,26,27
